  0
SECTION
  2
HEADER
  9
$ACADVER
  1
AC1027
  9
$ACADMAINTVER
 70
     8
  9
$DWGCODEPAGE
  3
ANSI_949
  9
$LASTSAVEDBY
  1
admin
  9
$REQUIREDVERSIONS
160
                 0
  9
$INSBASE
 10
0.0
 20
0.0
 30
0.0
  9
$EXTMIN
 10
0.0000000000218278
 20
-2970.0
 30
-0.0000000021630325
  9
$EXTMAX
 10
840.0000000000227
 20
-2376.0
 30
0.0000000130541575
  9
$LIMMIN
 10
0.0
 20
0.0
  9
$LIMMAX
 10
420.0
 20
297.0
  9
$ORTHOMODE
 70
     0
  9
$REGENMODE
 70
     1
  9
$FILLMODE
 70
     1
  9
$QTEXTMODE
 70
     0
  9
$MIRRTEXT
 70
     0
  9
$LTSCALE
 40
0.0
  9
$ATTMODE
 70
     1
  9
$TEXTSIZE
 40
2.5
  9
$TRACEWID
 40
1.0
  9
$TEXTSTYLE
  7
Standard
  9
$CLAYER
  8
0
  9
$CELTYPE
  6
ByLayer
  9
$CECOLOR
 62
   256
  9
$CELTSCALE
 40
1.0
  9
$DISPSILH
 70
     0
  9
$DIMSCALE
 40
1.0
  9
$DIMASZ
 40
2.5
  9
$DIMEXO
 40
0.625
  9
$DIMDLI
 40
3.75
  9
$DIMRND
 40
0.0
  9
$DIMDLE
 40
0.0
  9
$DIMEXE
 40
1.25
  9
$DIMTP
 40
0.0
  9
$DIMTM
 40
0.0
  9
$DIMTXT
 40
2.5
  9
$DIMCEN
 40
2.5
  9
$DIMTSZ
 40
0.0
  9
$DIMTOL
 70
     0
  9
$DIMLIM
 70
     0
  9
$DIMTIH
 70
     0
  9
$DIMTOH
 70
     0
  9
$DIMSE1
 70
     0
  9
$DIMSE2
 70
     0
  9
$DIMTAD
 70
     1
  9
$DIMZIN
 70
     8
  9
$DIMBLK
  1

  9
$DIMASO
 70
     1
  9
$DIMSHO
 70
     1
  9
$DIMPOST
  1

  9
$DIMAPOST
  1

  9
$DIMALT
 70
     0
  9
$DIMALTD
 70
     3
  9
$DIMALTF
 40
0.03937007874016
  9
$DIMLFAC
 40
1.0
  9
$DIMTOFL
 70
     1
  9
$DIMTVP
 40
0.0
  9
$DIMTIX
 70
     0
  9
$DIMSOXD
 70
     0
  9
$DIMSAH
 70
     0
  9
$DIMBLK1
  1

  9
$DIMBLK2
  1

  9
$DIMSTYLE
  2
ISO-25
  9
$DIMCLRD
 70
     0
  9
$DIMCLRE
 70
     0
  9
$DIMCLRT
 70
     0
  9
$DIMTFAC
 40
1.0
  9
$DIMGAP
 40
0.625
  9
$DIMJUST
 70
     0
  9
$DIMSD1
 70
     0
  9
$DIMSD2
 70
     0
  9
$DIMTOLJ
 70
     0
  9
$DIMTZIN
 70
     8
  9
$DIMALTZ
 70
     0
  9
$DIMALTTZ
 70
     0
  9
$DIMUPT
 70
     0
  9
$DIMDEC
 70
     2
  9
$DIMTDEC
 70
     2
  9
$DIMALTU
 70
     2
  9
$DIMALTTD
 70
     3
  9
$DIMTXSTY
  7
Standard
  9
$DIMAUNIT
 70
     0
  9
$DIMADEC
 70
     0
  9
$DIMALTRND
 40
0.0
  9
$DIMAZIN
 70
     0
  9
$DIMDSEP
 70
    44
  9
$DIMATFIT
 70
     3
  9
$DIMFRAC
 70
     0
  9
$DIMLDRBLK
  1

  9
$DIMLUNIT
 70
     2
  9
$DIMLWD
 70
    -2
  9
$DIMLWE
 70
    -2
  9
$DIMTMOVE
 70
     0
  9
$DIMFXL
 40
1.0
  9
$DIMFXLON
 70
     0
  9
$DIMJOGANG
 40
0.7853981633974483
  9
$DIMTFILL
 70
     0
  9
$DIMTFILLCLR
 70
     0
  9
$DIMARCSYM
 70
     0
  9
$DIMLTYPE
  6

  9
$DIMLTEX1
  6

  9
$DIMLTEX2
  6

  9
$DIMTXTDIRECTION
 70
     0
  9
$LUNITS
 70
     2
  9
$LUPREC
 70
     4
  9
$SKETCHINC
 40
1.0
  9
$FILLETRAD
 40
0.0
  9
$AUNITS
 70
     0
  9
$AUPREC
 70
     0
  9
$MENU
  1
.
  9
$ELEVATION
 40
0.0
  9
$PELEVATION
 40
0.0
  9
$THICKNESS
 40
0.0
  9
$LIMCHECK
 70
     0
  9
$CHAMFERA
 40
0.0
  9
$CHAMFERB
 40
0.0
  9
$CHAMFERC
 40
0.0
  9
$CHAMFERD
 40
0.0
  9
$SKPOLY
 70
     0
  9
$TDCREATE
 40
2460941.770958368
  9
$TDUCREATE
 40
2460941.395958368
  9
$TDUPDATE
 40
2461215.473554699
  9
$TDUUPDATE
 40
2461215.098554699
  9
$TDINDWG
 40
4.231836551
  9
$TDUSRTIMER
 40
4.231835058
  9
$USRTIMER
 70
     1
  9
$ANGBASE
 50
0.0
  9
$ANGDIR
 70
     0
  9
$PDMODE
 70
     0
  9
$PDSIZE
 40
0.0
  9
$PLINEWID
 40
0.0
  9
$SPLFRAME
 70
     0
  9
$SPLINETYPE
 70
     6
  9
$SPLINESEGS
 70
     8
  9
$HANDSEED
  5
860
  9
$SURFTAB1
 70
     6
  9
$SURFTAB2
 70
     6
  9
$SURFTYPE
 70
     6
  9
$SURFU
 70
     6
  9
$SURFV
 70
     6
  9
$UCSBASE
  2

  9
$UCSNAME
  2

  9
$UCSORG
 10
0.0
 20
0.0
 30
0.0
  9
$UCSXDIR
 10
1.0
 20
0.0
 30
0.0
  9
$UCSYDIR
 10
0.0
 20
1.0
 30
0.0
  9
$UCSORTHOREF
  2

  9
$UCSORTHOVIEW
 70
     0
  9
$UCSORGTOP
 10
0.0
 20
0.0
 30
0.0
  9
$UCSORGBOTTOM
 10
0.0
 20
0.0
 30
0.0
  9
$UCSORGLEFT
 10
0.0
 20
0.0
 30
0.0
  9
$UCSORGRIGHT
 10
0.0
 20
0.0
 30
0.0
  9
$UCSORGFRONT
 10
0.0
 20
0.0
 30
0.0
  9
$UCSORGBACK
 10
0.0
 20
0.0
 30
0.0
  9
$PUCSBASE
  2

  9
$PUCSNAME
  2

  9
$PUCSORG
 10
0.0
 20
0.0
 30
0.0
  9
$PUCSXDIR
 10
1.0
 20
0.0
 30
0.0
  9
$PUCSYDIR
 10
0.0
 20
1.0
 30
0.0
  9
$PUCSORTHOREF
  2

  9
$PUCSORTHOVIEW
 70
     0
  9
$PUCSORGTOP
 10
0.0
 20
0.0
 30
0.0
  9
$PUCSORGBOTTOM
 10
0.0
 20
0.0
 30
0.0
  9
$PUCSORGLEFT
 10
0.0
 20
0.0
 30
0.0
  9
$PUCSORGRIGHT
 10
0.0
 20
0.0
 30
0.0
  9
$PUCSORGFRONT
 10
0.0
 20
0.0
 30
0.0
  9
$PUCSORGBACK
 10
0.0
 20
0.0
 30
0.0
  9
$USERI1
 70
     0
  9
$USERI2
 70
     0
  9
$USERI3
 70
     0
  9
$USERI4
 70
     0
  9
$USERI5
 70
     0
  9
$USERR1
 40
100.0
  9
$USERR2
 40
0.0
  9
$USERR3
 40
0.0
  9
$USERR4
 40
0.0
  9
$USERR5
 40
0.0
  9
$WORLDVIEW
 70
     1
  9
$SHADEDGE
 70
     3
  9
$SHADEDIF
 70
    70
  9
$TILEMODE
 70
     1
  9
$MAXACTVP
 70
    64
  9
$PINSBASE
 10
0.0
 20
0.0
 30
0.0
  9
$PLIMCHECK
 70
     0
  9
$PEXTMIN
 10
25.69999999999999
 20
19.5
 30
0.0
  9
$PEXTMAX
 10
231.3
 20
175.5
 30
0.0
  9
$PLIMMIN
 10
-20.0
 20
-7.5
  9
$PLIMMAX
 10
277.0
 20
202.5
  9
$UNITMODE
 70
     0
  9
$VISRETAIN
 70
     1
  9
$PLINEGEN
 70
     0
  9
$PSLTSCALE
 70
     1
  9
$TREEDEPTH
 70
  3020
  9
$CMLSTYLE
  2
Standard
  9
$CMLJUST
 70
     0
  9
$CMLSCALE
 40
20.0
  9
$PROXYGRAPHICS
 70
     1
  9
$MEASUREMENT
 70
     1
  9
$CELWEIGHT
370
    -1
  9
$ENDCAPS
280
     0
  9
$JOINSTYLE
280
     0
  9
$LWDISPLAY
290
     0
  9
$INSUNITS
 70
     4
  9
$HYPERLINKBASE
  1

  9
$STYLESHEET
  1

  9
$XEDIT
290
     1
  9
$CEPSNTYPE
380
     0
  9
$PSTYLEMODE
290
     1
  9
$FINGERPRINTGUID
  2
{A4CAB1FC-42A2-4D6F-B95F-085582C7A8C3}
  9
$VERSIONGUID
  2
{3E07F3D6-D742-401F-B99F-E85632CB5826}
  9
$EXTNAMES
290
     1
  9
$PSVPSCALE
 40
0.0
  9
$OLESTARTUP
290
     0
  9
$SORTENTS
280
   127
  9
$INDEXCTL
280
     0
  9
$HIDETEXT
280
     1
  9
$XCLIPFRAME
280
     2
  9
$HALOGAP
280
     0
  9
$OBSCOLOR
 70
   257
  9
$OBSLTYPE
280
     0
  9
$INTERSECTIONDISPLAY
280
     0
  9
$INTERSECTIONCOLOR
 70
   257
  9
$DIMASSOC
280
     2
  9
$PROJECTNAME
  1

  9
$CAMERADISPLAY
290
     0
  9
$LENSLENGTH
 40
50.0
  9
$CAMERAHEIGHT
 40
0.0
  9
$STEPSPERSEC
 40
2.0
  9
$STEPSIZE
 40
6.0
  9
$3DDWFPREC
 40
2.0
  9
$PSOLWIDTH
 40
0.25
  9
$PSOLHEIGHT
 40
4.0
  9
$LOFTANG1
 40
1.570796326794896
  9
$LOFTANG2
 40
1.570796326794896
  9
$LOFTMAG1
 40
0.0
  9
$LOFTMAG2
 40
0.0
  9
$LOFTPARAM
 70
     7
  9
$LOFTNORMALS
280
     1
  9
$LATITUDE
 40
37.795
  9
$LONGITUDE
 40
-122.394
  9
$NORTHDIRECTION
 40
0.0
  9
$TIMEZONE
 70
 -8000
  9
$LIGHTGLYPHDISPLAY
280
     1
  9
$TILEMODELIGHTSYNCH
280
     1
  9
$CMATERIAL
347
2C
  9
$SOLIDHIST
280
     1
  9
$SHOWHIST
280
     1
  9
$DWFFRAME
280
     2
  9
$DGNFRAME
280
     2
  9
$REALWORLDSCALE
290
     1
  9
$INTERFERECOLOR
 62
   256
  9
$CSHADOW
280
     0
  9
$SHADOWPLANELOCATION
 40
0.0
  0
ENDSEC
  0
SECTION
  2
CLASSES
  0
CLASS
  1
ACDBDICTIONARYWDFLT
  2
AcDbDictionaryWithDefault
  3
ObjectDBX Classes
 90
    32768
 91
        1
280
     0
281
     0
  0
CLASS
  1
ACDBPLACEHOLDER
  2
AcDbPlaceHolder
  3
ObjectDBX Classes
 90
        0
 91
        0
280
     0
281
     0
  0
CLASS
  1
LAYOUT
  2
AcDbLayout
  3
ObjectDBX Classes
 90
        0
 91
        0
280
     0
281
     0
  0
CLASS
  1
DICTIONARYVAR
  2
AcDbDictionaryVar
  3
ObjectDBX Classes
 90
        0
 91
        9
280
     0
281
     0
  0
CLASS
  1
TABLESTYLE
  2
AcDbTableStyle
  3
ObjectDBX Classes
 90
     2047
 91
        1
280
     0
281
     0
  0
CLASS
  1
WIPEOUTVARIABLES
  2
AcDbWipeoutVariables
  3
WipeOut|AutoCAD Express Tool|expresstools@autodesk.com
 90
        0
 91
        0
280
     0
281
     0
  0
CLASS
  1
SCALE
  2
AcDbScale
  3
ObjectDBX Classes
 90
     1153
 91
       33
280
     0
281
     0
  0
CLASS
  1
MLEADERSTYLE
  2
AcDbMLeaderStyle
  3
ACDB_MLEADERSTYLE_CLASS
 90
     4095
 91
        1
280
     0
281
     0
  0
CLASS
  1
MATERIAL
  2
AcDbMaterial
  3
ObjectDBX Classes
 90
        0
 91
        3
280
     0
281
     0
  0
CLASS
  1
VISUALSTYLE
  2
AcDbVisualStyle
  3
ObjectDBX Classes
 90
     4095
 91
       24
280
     0
281
     0
  0
CLASS
  1
ACDBSECTIONVIEWSTYLE
  2
AcDbSectionViewStyle
  3
ObjectDBX Classes
 90
     4095
 91
        0
280
     0
281
     0
  0
CLASS
  1
ACDBDETAILVIEWSTYLE
  2
AcDbDetailViewStyle
  3
ObjectDBX Classes
 90
     4095
 91
        0
280
     0
281
     0
  0
CLASS
  1
SORTENTSTABLE
  2
AcDbSortentsTable
  3
ObjectDBX Classes
 90
        0
 91
       15
280
     0
281
     0
  0
CLASS
  1
ACDB_BLOCKREPRESENTATION_DATA
  2
AcDbBlockRepresentationData
  3
ObjectDBX Classes
 90
     1153
 91
        0
280
     0
281
     0
  0
CLASS
  1
ACAD_EVALUATION_GRAPH
  2
AcDbEvalGraph
  3
ObjectDBX Classes
 90
     1153
 91
        1
280
     0
281
     0
  0
CLASS
  1
BLOCKBASEPOINTPARAMETER
  2
AcDbBlockBasepointParameter
  3
ObjectDBX Classes
 90
     1153
 91
        1
280
     0
281
     0
  0
CLASS
  1
ACDB_DYNAMICBLOCKPURGEPREVENTER_VERSION
  2
AcDbDynamicBlockPurgePreventer
  3
ObjectDBX Classes
 90
     1153
 91
        1
280
     0
281
     0
  0
CLASS
  1
ZRXEBBLOCKEDITORCUSTOBJ
  2
CZrxEbBlockEditorObject
  3
CZrxEbBlockEditorObject
 90
     1024
 91
        0
280
     0
281
     0
  0
CLASS
  1
WIPEOUT
  2
AcDbWipeout
  3
"WipeOut|Produce Desc: Object Enabler for WipeOut entity|Company: ZwSoft.|WEB Address: www.zwsoft.com"
 90
     2175
 91
        1
280
     0
281
     1
  0
CLASS
  1
SWR_DBCONFIG
  2
TDbConfig
  3
"SWR_ARCHCORE"
 90
        1
 91
        0
280
     0
281
     0
  0
CLASS
  1
RASTERVARIABLES
  2
AcDbRasterVariables
  3
ISM
 90
        0
 91
        0
280
     0
281
     0
  0
CLASS
  1
CELLSTYLEMAP
  2
AcDbCellStyleMap
  3
ObjectDBX Classes
 90
     1152
 91
        2
280
     0
281
     0
  0
ENDSEC
  0
SECTION
  2
TABLES
  0
TABLE
  2
VPORT
  5
20
330
0
100
AcDbSymbolTable
 70
     1
  0
VPORT
  5
21
330
20
100
AcDbSymbolTableRecord
100
AcDbViewportTableRecord
  2
*Active
 70
     0
 10
0.0
 20
0.0
 11
1.0
 21
1.0
 12
411.3918039236227
 22
-2712.35024557752
 13
0.0
 23
0.0
 14
10.0
 24
10.0
 15
10.0
 25
10.0
 16
0.0
 26
0.0
 36
1.0
 17
0.0
 27
0.0
 37
0.0
 40
272.2138539032503
 41
2.575342465753424
 42
50.0
 43
0.0
 44
0.0
 50
0.0
 51
0.0
 71
     0
 72
  1000
 73
     1
 74
     0
 75
     0
 76
     0
 77
     0
 78
     0
281
     0
 65
     1
110
0.0
120
0.0
130
0.0
111
1.0
121
0.0
131
0.0
112
0.0
122
1.0
132
0.0
 79
     0
146
0.0
348
22
 60
     3
 61
     5
292
     1
282
     1
141
0.0
142
0.0
 63
   256
1001
ACAD_NAV_VCDISPLAY
1070
     3
  0
ENDTAB
  0
TABLE
  2
LTYPE
  5
1C
330
0
100
AcDbSymbolTable
 70
     4
  0
LTYPE
  5
1D
330
1C
100
AcDbSymbolTableRecord
100
AcDbLinetypeTableRecord
  2
ByBlock
 70
     0
  3

 72
    65
 73
     0
 40
0.0
  0
LTYPE
  5
D
330
1C
100
AcDbSymbolTableRecord
100
AcDbLinetypeTableRecord
  2
ByLayer
 70
     0
  3

 72
    65
 73
     0
 40
0.0
  0
LTYPE
  5
C
330
1C
100
AcDbSymbolTableRecord
100
AcDbLinetypeTableRecord
  2
Continuous
 70
     0
  3

 72
    65
 73
     0
 40
0.0
  0
LTYPE
  5
1B0
330
1C
100
AcDbSymbolTableRecord
100
AcDbLinetypeTableRecord
  2
HID
 70
     0
  3

 72
    65
 73
     2
 40
2.299999999999998
 49
1.5
 74
     0
 49
-0.8
 74
     0
  0
LTYPE
  5
1D3
330
1C
100
AcDbSymbolTableRecord
100
AcDbLinetypeTableRecord
  2
CENTER
 70
     0
  3

 72
    65
 73
     4
 40
2.0
 49
1.25
 74
     0
 49
-0.25
 74
     0
 49
0.25
 74
     0
 49
-0.25
 74
     0
  0
LTYPE
  5
1F2
330
1C
100
AcDbSymbolTableRecord
100
AcDbLinetypeTableRecord
  2
HIDDEN
 70
     0
  3

 72
    65
 73
     2
 40
3.399999999999999
 49
2.0
 74
     0
 49
-1.399999999999999
 74
     0
  0
ENDTAB
  0
TABLE
  2
LAYER
  5
18
102
{ACAD_XDICTIONARY
360
19
102
}
330
0
100
AcDbSymbolTable
 70
    25
  0
LAYER
  5
6
330
18
100
AcDbSymbolTableRecord
100
AcDbLayerTableRecord
  2
0
 70
     0
 62
     7
  6
Continuous
370
    -3
390
7
347
A
348
0
  0
LAYER
  5
76
330
18
100
AcDbSymbolTableRecord
100
AcDbLayerTableRecord
  2
Defpoints
 70
     0
 62
     7
  6
Continuous
290
     0
370
    -3
390
7
347
A
348
0
  0
LAYER
  5
560
330
18
100
AcDbSymbolTableRecord
100
AcDbLayerTableRecord
  2
arch
 70
     0
 62
     8
  6
Continuous
370
    -3
390
7
347
A
348
0
  0
LAYER
  5
187
330
18
100
AcDbSymbolTableRecord
100
AcDbLayerTableRecord
  2
TEXT
 70
     0
 62
     3
  6
Continuous
370
    -3
390
7
347
A
348
0
  0
LAYER
  5
191
330
18
100
AcDbSymbolTableRecord
100
AcDbLayerTableRecord
  2
PIPE
 70
     0
 62
     4
  6
Continuous
370
    -3
390
7
347
A
348
0
  0
LAYER
  5
1B2
330
18
100
AcDbSymbolTableRecord
100
AcDbLayerTableRecord
  2
SYM
 70
     0
 62
     6
  6
Continuous
370
    -3
390
7
347
A
348
0
  0
LAYER
  5
1AF
330
18
100
AcDbSymbolTableRecord
100
AcDbLayerTableRecord
  2
1
 70
     0
 62
     1
  6
Continuous
370
    -3
390
7
347
A
348
0
  0
LAYER
  5
1C8
330
18
100
AcDbSymbolTableRecord
100
AcDbLayerTableRecord
  2
DIM
 70
     0
 62
     1
  6
Continuous
370
    -3
390
7
347
A
348
0
  0
LAYER
  5
33C
330
18
100
AcDbSymbolTableRecord
100
AcDbLayerTableRecord
  2
FONT
 70
     0
 62
     3
  6
Continuous
370
    -3
390
7
347
A
348
0
  0
LAYER
  5
50D
330
18
100
AcDbSymbolTableRecord
100
AcDbLayerTableRecord
  2
pit층고
 70
     0
 62
     1
  6
Continuous
370
    -3
390
7
347
A
348
0
1001
AcAecLayerStandard
1000

1000

1001
AcCmTransparency
1071
        0
  0
LAYER
  5
3BF
330
18
100
AcDbSymbolTableRecord
100
AcDbLayerTableRecord
  2
급탕
 70
     0
 62
     4
  6
Continuous
370
    -3
390
7
347
A
348
0
  0
LAYER
  5
488
330
18
100
AcDbSymbolTableRecord
100
AcDbLayerTableRecord
  2
지진분리이음
 70
     0
 62
     1
  6
Continuous
370
    -3
390
7
347
A
348
0
1001
AcAecLayerStandard
1000

1000

1001
AcCmTransparency
1071
        0
  0
LAYER
  5
2A2
330
18
100
AcDbSymbolTableRecord
100
AcDbLayerTableRecord
  2
BRACE_4방향
 70
     0
 62
     1
  6
Continuous
370
    -3
390
7
347
A
348
0
1001
AcAecLayerStandard
1000

1000

1001
AcCmTransparency
1071
        0
  0
LAYER
  5
156
330
18
100
AcDbSymbolTableRecord
100
AcDbLayerTableRecord
  2
헤드
 70
     0
 62
     4
  6
Continuous
370
    -3
390
7
347
A
348
0
  0
LAYER
  5
6C1
330
18
100
AcDbSymbolTableRecord
100
AcDbLayerTableRecord
  2
PIPE11
 70
     0
 62
     4
  6
Continuous
370
    -3
390
7
347
A
348
0
1001
AcAecLayerStandard
1000

1000

  0
LAYER
  5
1A8
330
18
100
AcDbSymbolTableRecord
100
AcDbLayerTableRecord
  2
defpoint
 70
     0
 62
   161
  6
Continuous
290
     0
370
    15
390
7
347
A
348
0
1001
AcAecLayerStandard
1000

1000

1001
AcCmTransparency
1071
        0
  0
LAYER
  5
1C4
330
18
100
AcDbSymbolTableRecord
100
AcDbLayerTableRecord
  2
지시선
 70
     0
 62
     1
  6
Continuous
370
    -3
390
7
347
A
348
0
1001
AcAecLayerStandard
1000

1000

1001
AcCmTransparency
1071
        0
  0
LAYER
  5
1B8
330
18
100
AcDbSymbolTableRecord
100
AcDbLayerTableRecord
  2
관경
 70
     0
 62
     3
  6
Continuous
370
    -3
390
7
347
A
348
0
  0
LAYER
  5
27D
330
18
100
AcDbSymbolTableRecord
100
AcDbLayerTableRecord
  2
TITLE
 70
     0
 62
     3
  6
Continuous
370
    -3
390
7
347
A
348
0
1001
AcAecLayerStandard
1000

1000

1001
AcCmTransparency
1071
        0
  0
LAYER
  5
290
330
18
100
AcDbSymbolTableRecord
100
AcDbLayerTableRecord
  2
내진_목록표
 70
     0
 62
     7
  6
Continuous
370
    -3
390
7
347
A
348
0
1001
AcAecLayerStandard
1000

1000

1001
AcCmTransparency
1071
        0
  0
LAYER
  5
4A9
102
{ACAD_XDICTIONARY
360
4AA
102
}
330
18
100
AcDbSymbolTableRecord
100
AcDbLayerTableRecord
  2
0.내진_BRACE_4방향
 70
     0
 62
     1
  6
Continuous
370
    -3
390
7
347
A
348
0
1001
AcAecLayerStandard
1000

1000

1001
AcCmTransparency
1071
        0
1001
RAK
1000
{ACET-LAYISO
1070
     0
1070
     1
1000
CONTINUOUS
1071
       -3
1071
        1
1005
7
1000
ACET-LAYISO}
  0
LAYER
  5
112
330
18
100
AcDbSymbolTableRecord
100
AcDbLayerTableRecord
  2
G-DOOR
 70
     0
 62
     4
  6
Continuous
370
    -3
390
7
347
A
348
0
1001
AcAecLayerStandard
1000

1000
\
1001
RAK
1000
{ACET-LAYISO
1070
     0
1070
     4
1000
Continuous
1071
       -3
1071
        1
1005
26
1000
ACET-LAYISO}
1001
AcCmTransparency
1071
 33554687
  0
LAYER
  5
C9
330
18
100
AcDbSymbolTableRecord
100
AcDbLayerTableRecord
  2
FORM-고양창릉$0$FORM-TEXT
 70
     0
 62
     3
  6
Continuous
370
     9
390
7
347
A
348
0
  0
LAYER
  5
72
330
18
100
AcDbSymbolTableRecord
100
AcDbLayerTableRecord
  2
FORM-고양창릉$0$FORM-line
 70
     0
 62
     5
  6
Continuous
290
     0
370
    -3
390
7
347
A
348
0
1001
AcAecLayerStandard
1000

1000

1001
AcCmTransparency
1071
 33554687
  0
LAYER
  5
6D
330
18
100
AcDbSymbolTableRecord
100
AcDbLayerTableRecord
  2
FORM-고양창릉$0$FORM
 70
     0
 62
     4
  6
Continuous
370
    -3
390
7
347
A
348
0
  0
ENDTAB
  0
TABLE
  2
STYLE
  5
1B
330
0
100
AcDbSymbolTable
 70
     4
  0
STYLE
  5
3D
330
1B
100
AcDbSymbolTableRecord
100
AcDbTextStyleTableRecord
  2
Standard
 70
     0
 40
0.0
 41
1.0
 50
0.0
 71
     0
 42
2.5
  3
arial.ttf
  4

1001
ACAD
1000
Arial
1071
       34
  0
STYLE
  5
150
330
1B
100
AcDbSymbolTableRecord
100
AcDbTextStyleTableRecord
  2
돋움
 70
     0
 40
0.0
 41
0.9
 50
0.0
 71
     0
 42
120.0
  3

  4

1001
ACAD
1000
Dotum
1071
    33074
  0
STYLE
  5
19A
330
1B
100
AcDbSymbolTableRecord
100
AcDbTextStyleTableRecord
  2
1
 70
     0
 40
0.0
 41
1.0
 50
0.0
 71
     0
 42
2616.192469626665
  3

  4

1001
ACAD
1000
Dotum
1071
    33074
  0
STYLE
  5
C6
330
1B
100
AcDbSymbolTableRecord
100
AcDbTextStyleTableRecord
  2
FORM-고양창릉$0$맑은 고딕
 70
     0
 40
0.0
 41
1.0
 50
0.0
 71
     0
 42
1500.0
  3
malgun.ttf
  4

1001
ACAD
1000
Malgun Gothic
1071
    33074
  0
ENDTAB
  0
TABLE
  2
VIEW
  5
1E
330
0
100
AcDbSymbolTable
 70
     0
  0
ENDTAB
  0
TABLE
  2
UCS
  5
1F
330
0
100
AcDbSymbolTable
 70
     0
  0
ENDTAB
  0
TABLE
  2
APPID
  5
25
330
0
100
AcDbSymbolTable
 70
    17
  0
APPID
  5
26
330
25
100
AcDbSymbolTableRecord
100
AcDbRegAppTableRecord
  2
ACAD
 70
     0
  0
APPID
  5
12
330
25
100
AcDbSymbolTableRecord
100
AcDbRegAppTableRecord
  2
ACAD_PSEXT
 70
     0
  0
APPID
  5
24
330
25
100
AcDbSymbolTableRecord
100
AcDbRegAppTableRecord
  2
ACAD_NAV_VCDISPLAY
 70
     0
  0
APPID
  5
11
330
25
100
AcDbSymbolTableRecord
100
AcDbRegAppTableRecord
  2
AcadStringInfo
 70
     0
  0
APPID
  5
73
330
25
100
AcDbSymbolTableRecord
100
AcDbRegAppTableRecord
  2
AcAecLayerStandard
 70
     0
  0
APPID
  5
10E
330
25
100
AcDbSymbolTableRecord
100
AcDbRegAppTableRecord
  2
AcDbAppSyncWithXref_AssocManager
 70
     0
  0
APPID
  5
113
330
25
100
AcDbSymbolTableRecord
100
AcDbRegAppTableRecord
  2
RAK
 70
     0
  0
APPID
  5
74
330
25
100
AcDbSymbolTableRecord
100
AcDbRegAppTableRecord
  2
AcCmTransparency
 70
     0
  0
APPID
  5
489
330
25
100
AcDbSymbolTableRecord
100
AcDbRegAppTableRecord
  2
GradientColor1ACI
 70
     0
  0
APPID
  5
48A
330
25
100
AcDbSymbolTableRecord
100
AcDbRegAppTableRecord
  2
GradientColor2ACI
 70
     0
  0
APPID
  5
15A
330
25
100
AcDbSymbolTableRecord
100
AcDbRegAppTableRecord
  2
AcDbBlockRepETag
 70
     0
  0
APPID
  5
10F
330
25
100
AcDbSymbolTableRecord
100
AcDbRegAppTableRecord
  2
AcDbDynamicBlockGUID
 70
     0
  0
APPID
  5
6B3
330
25
100
AcDbSymbolTableRecord
100
AcDbRegAppTableRecord
  2
AcDbDynamicBlockTrueName
 70
     0
  0
APPID
  5
110
330
25
100
AcDbSymbolTableRecord
100
AcDbRegAppTableRecord
  2
AEC_XDATA_BOUND_SPACE
 70
     0
  0
APPID
  5
1AC
330
25
100
AcDbSymbolTableRecord
100
AcDbRegAppTableRecord
  2
PIP
 70
     0
  0
APPID
  5
1AD
330
25
100
AcDbSymbolTableRecord
100
AcDbRegAppTableRecord
  2
PC
 70
     0
  0
APPID
  5
83E
330
25
100
AcDbSymbolTableRecord
100
AcDbRegAppTableRecord
  2
ACAD_OBJECT_CHANGE_GUID
 70
     0
  0
ENDTAB
  0
TABLE
  2
DIMSTYLE
  5
27
330
0
100
AcDbSymbolTable
 70
     1
100
AcDbDimStyleTable
 71
     0
  0
DIMSTYLE
105
40
330
27
100
AcDbSymbolTableRecord
100
AcDbDimStyleTableRecord
  2
ISO-25
 70
     0
 41
2.5
 42
0.625
 43
3.75
 44
1.25
 73
     0
 74
     0
 77
     1
 78
     8
140
2.5
141
2.5
143
0.03937007874016
147
0.625
171
     3
172
     1
271
     2
272
     2
274
     3
278
    44
283
     0
284
     8
340
3D
  0
ENDTAB
  0
TABLE
  2
BLOCK_RECORD
  5
1
330
0
100
AcDbSymbolTable
 70
    40
  0
BLOCK_RECORD
  5
2
102
{ACAD_XDICTIONARY
360
3
102
}
330
1
100
AcDbSymbolTableRecord
100
AcDbBlockTableRecord
  2
*Model_Space
340
F
 70
     0
280
     1
281
     0
  0
BLOCK_RECORD
  5
13
330
1
100
AcDbSymbolTableRecord
100
AcDbBlockTableRecord
  2
*Paper_Space
340
16
 70
     0
280
     1
281
     0
  0
BLOCK_RECORD
  5
378
330
1
100
AcDbSymbolTableRecord
100
AcDbBlockTableRecord
  2
A$CB222
340
0
102
{BLKREFS
331
377
331
3CE
102
}
 70
     0
280
     1
281
     0
  0
BLOCK_RECORD
  5
37B
330
1
100
AcDbSymbolTableRecord
100
AcDbBlockTableRecord
  2
*X1
340
0
102
{BLKREFS
331
37A
102
}
 70
     0
280
     1
281
     0
  0
BLOCK_RECORD
  5
2C8
330
1
100
AcDbSymbolTableRecord
100
AcDbBlockTableRecord
  2
A$CB372
340
0
102
{BLKREFS
331
2C7
331
43C
102
}
 70
     0
280
     1
281
     0
  0
BLOCK_RECORD
  5
3A7
330
1
100
AcDbSymbolTableRecord
100
AcDbBlockTableRecord
  2
A$C6374
340
0
102
{BLKREFS
331
3A6
102
}
 70
     0
280
     1
281
     0
  0
BLOCK_RECORD
  5
405
330
1
100
AcDbSymbolTableRecord
100
AcDbBlockTableRecord
  2
A$CB1A4
340
0
102
{BLKREFS
331
404
102
}
 70
     0
280
     1
281
     0
  0
BLOCK_RECORD
  5
408
330
1
100
AcDbSymbolTableRecord
100
AcDbBlockTableRecord
  2
*X5
340
0
102
{BLKREFS
331
407
102
}
 70
     0
280
     1
281
     0
  0
BLOCK_RECORD
  5
482
102
{ACAD_XDICTIONARY
360
483
102
}
330
1
100
AcDbSymbolTableRecord
100
AcDbBlockTableRecord
  2
zw$E093
340
0
102
{BLKREFS
331
481
102
}
 70
     0
280
     1
281
     0
1001
AcDbDynamicBlockGUID
1000
{BD3C6D0B-AAAC-4EA4-AF26-FAC42D77C395}
  0
BLOCK_RECORD
  5
4A0
102
{ACAD_XDICTIONARY
360
4A1
102
}
330
1
100
AcDbSymbolTableRecord
100
AcDbBlockTableRecord
  2
A$C00AB62C4
340
0
102
{BLKREFS
331
49F
331
753
102
}
 70
     0
280
     1
281
     0
1001
AcDbDynamicBlockGUID
1000
{A3DBDDFC-C85E-4688-AA52-3B5FF52A22F5}
  0
BLOCK_RECORD
  5
4B3
330
1
100
AcDbSymbolTableRecord
100
AcDbBlockTableRecord
  2
A$C2323
340
0
102
{BLKREFS
331
4B2
331
53B
102
}
 70
     0
280
     1
281
     0
  0
BLOCK_RECORD
  5
4C6
330
1
100
AcDbSymbolTableRecord
100
AcDbBlockTableRecord
  2
방향
340
0
310
2800000020000000200000000100080000000000000400000000000000000000000000000000000000000000000080000080000000808000800000008000800080800000C0C0C000C0DCC000F0CAA6000020400000206000002080000020A0000020C0000020E00000400000004020000040400000406000004080000040A0
310
000040C0000040E00000600000006020000060400000606000006080000060A0000060C0000060E00000800000008020000080400000806000008080000080A0000080C0000080E00000A0000000A0200000A0400000A0600000A0800000A0A00000A0C00000A0E00000C0000000C0200000C0400000C0600000C0800000C0
310
A00000C0C00000C0E00000E0000000E0200000E0400000E0600000E0800000E0A00000E0C00000E0E00040000000400020004000400040006000400080004000A0004000C0004000E00040200000402020004020400040206000402080004020A0004020C0004020E000404000004040200040404000404060004040800040
310
40A0004040C0004040E00040600000406020004060400040606000406080004060A0004060C0004060E00040800000408020004080400040806000408080004080A0004080C0004080E00040A0000040A0200040A0400040A0600040A0800040A0A00040A0C00040A0E00040C0000040C0200040C0400040C0600040C08000
310
40C0A00040C0C00040C0E00040E0000040E0200040E0400040E0600040E0800040E0A00040E0C00040E0E00080000000800020008000400080006000800080008000A0008000C0008000E00080200000802020008020400080206000802080008020A0008020C0008020E00080400000804020008040400080406000804080
310
008040A0008040C0008040E00080600000806020008060400080606000806080008060A0008060C0008060E00080800000808020008080400080806000808080008080A0008080C0008080E00080A0000080A0200080A0400080A0600080A0800080A0A00080A0C00080A0E00080C0000080C0200080C0400080C0600080C0
310
800080C0A00080C0C00080C0E00080E0000080E0200080E0400080E0600080E0800080E0A00080E0C00080E0E000C0000000C0002000C0004000C0006000C0008000C000A000C000C000C000E000C0200000C0202000C0204000C0206000C0208000C020A000C020C000C020E000C0400000C0402000C0404000C0406000C0
310
408000C040A000C040C000C040E000C0600000C0602000C0604000C0606000C0608000C060A000C060C000C060E000C0800000C0802000C0804000C0806000C0808000C080A000C080C000C080E000C0A00000C0A02000C0A04000C0A06000C0A08000C0A0A000C0A0C000C0A0E000C0C00000C0C02000C0C04000C0C06000
310
C0C08000C0C0A000F0FBFF00A4A0A000808080000000FF0000FF000000FFFF00FF000000FF00FF00FFFF0000FFFFFF0000000000000000000000000000000000000000000000000000000000000000000000000000000000000000FFFFFFFFFFFFFFFFFFFF0000000000000000000000000000000000000000000000000000
310
00000000000000000000000000000000000000000000000000000000000000000000000000000000000000000000000000000000000000000000000000000000000000000000000000000000000000000000000000000000000000000000000000000000000000000000000000000000000000000000000000FFFFFFFFFFFF
310
FFFFFFFFFFFFFFFFFFFF00000000000000000000000000000000000000FF0000000000000000FF00000000000000000000000000000000000000000000FF0000000000000000FF0000000000000000000000000000000000000000000000FF000000000000FF000000000000000000000000000000000000000000000000FF
310
000000000000FF000000000000000000000000000000000000000000000000FF000000000000FF000000000000000000000000000000000000000000000000FF000000000000FF000000000000000000000000000000000000000000000000FF000000000000FF000000000000000000000000000000000000000000000000
310
00FF0000000000FF00000000000000000000000000000000000000000000000000FF00000000FF0000000000000000000000000000000000000000000000000000FF00000000FF0000000000000000000000000000000000000000000000000000FF00000000FF000000000000000000000000000000000000000000000000
310
0000FF00000000FF000000000000000000000000000000000000000000000000000000FF000000FF000000000000000000000000000000000000000000000000000000FF000000FF000000000000000000000000000000000000000000000000000000FF0000FF000000000000000000000000000000000000000000000000
310
00000000FF0000FF0000000000000000000000000000000000000000000000000000000000FF00FF0000000000000000000000000000000000000000000000000000000000FF00FF0000000000000000000000000000000000000000000000000000000000FF00FF0000000000000000000000000000000000000000000000
310
000000000000FF00FF0000000000000000000000000000000000000000000000000000000000FFFF00000000000000000000000000000000000000000000000000000000000000FF00000000000000000000000000000000000000000000000000000000000000FF0000000000000000000000000000000000000000000000
310
0000000000000000FF0000000000000000000000000000000000000000000000000000000000000000000000000000000000000000000000
102
{BLKREFS
331
4C5
331
547
331
54B
102
}
 70
     0
280
     1
281
     0
  0
BLOCK_RECORD
  5
4D4
102
{ACAD_XDICTIONARY
360
4D5
102
}
330
1
100
AcDbSymbolTableRecord
100
AcDbBlockTableRecord
  2
W.H.C
340
0
310
2800000020000000200000000100080000000000000400000000000000000000000000000000000000000000000080000080000000808000800000008000800080800000C0C0C000C0DCC000F0CAA6000020400000206000002080000020A0000020C0000020E00000400000004020000040400000406000004080000040A0
310
000040C0000040E00000600000006020000060400000606000006080000060A0000060C0000060E00000800000008020000080400000806000008080000080A0000080C0000080E00000A0000000A0200000A0400000A0600000A0800000A0A00000A0C00000A0E00000C0000000C0200000C0400000C0600000C0800000C0
310
A00000C0C00000C0E00000E0000000E0200000E0400000E0600000E0800000E0A00000E0C00000E0E00040000000400020004000400040006000400080004000A0004000C0004000E00040200000402020004020400040206000402080004020A0004020C0004020E000404000004040200040404000404060004040800040
310
40A0004040C0004040E00040600000406020004060400040606000406080004060A0004060C0004060E00040800000408020004080400040806000408080004080A0004080C0004080E00040A0000040A0200040A0400040A0600040A0800040A0A00040A0C00040A0E00040C0000040C0200040C0400040C0600040C08000
310
40C0A00040C0C00040C0E00040E0000040E0200040E0400040E0600040E0800040E0A00040E0C00040E0E00080000000800020008000400080006000800080008000A0008000C0008000E00080200000802020008020400080206000802080008020A0008020C0008020E00080400000804020008040400080406000804080
310
008040A0008040C0008040E00080600000806020008060400080606000806080008060A0008060C0008060E00080800000808020008080400080806000808080008080A0008080C0008080E00080A0000080A0200080A0400080A0600080A0800080A0A00080A0C00080A0E00080C0000080C0200080C0400080C0600080C0
310
800080C0A00080C0C00080C0E00080E0000080E0200080E0400080E0600080E0800080E0A00080E0C00080E0E000C0000000C0002000C0004000C0006000C0008000C000A000C000C000C000E000C0200000C0202000C0204000C0206000C0208000C020A000C020C000C020E000C0400000C0402000C0404000C0406000C0
310
408000C040A000C040C000C040E000C0600000C0602000C0604000C0606000C0608000C060A000C060C000C060E000C0800000C0802000C0804000C0806000C0808000C080A000C080C000C080E000C0A00000C0A02000C0A04000C0A06000C0A08000C0A0A000C0A0C000C0A0E000C0C00000C0C02000C0C04000C0C06000
310
C0C08000C0C0A000F0FBFF00A4A0A000808080000000FF0000FF000000FFFF00FF000000FF00FF00FFFF0000FFFFFF0000000000000000000000000000000000000000000000000000000000000000000000000000000000000000000000FDFDFDFD00000000000000000000000000000000000000000000000000000000FD
310
0000FD00000000000000000000000000000000000000000000000000000000FD0000FD00000000000000000000000000000000000000000000000000000000FD0000FD00000000000000000000000000000000000000000000000000000000FD0000FD00000000000000000000000000000000000000000000000000000000
310
FD0000FD00000000000000000000000000000000000000000000000000000000FDFDFDFD000000000000000000000000000000000000000000000000000000000000000000000000000000000000000000000000000000000000000000000000FDFDFDFD000000000000000000000000000000000000000000000000000000
310
0000FDFD000000000000000000000000000000000000000000000000000000000000FDFD000000000000000000000000000000000000000000000000000000000000FDFD000000000000000000000000000000000000000000000000000000000000FDFD000000000000000000000000000000000000000000000000000000
310
0000FDFDFDFD000000000000000000000000000000000000000000000000000000000000000000000000000000000000000000000000000000000000000000000000000000000000000000000000000000000000000000000000000000000000000000FDFD0000000000000000000000000000000000000000000000000000
310
00000000FD00FD00000000000000000000000000000000000000000000000000000000FD0000FD00000000000000000000000000000000000000000000000000000000FD000000FD0000000000000000000000000000000000000000000000000000FD00000000FD0000000000000000000000000000000000000000000000
310
000000FDFDFDFDFDFD0000000000000000000000000000000000000000000000000000FD00000000FD0000000000000000000000000000000000000000000000000000FD00000000FD0000000000000000000000000000000000000000000000000000FDFDFDFDFDFD00000000000000000000000000000000000000000000
310
00000000FD00000000FD000000000000000000000000000000000000000000000000000000FD000000FD000000000000000000000000000000000000000000000000000000FD0000FD0000000000000000000000000000000000000000000000000000000000FDFD0000000000000000000000000000000000000000000000
310
0000000000000000FD0000000000000000000000000000000000000000000000000000000000000000000000000000000000000000000000
102
{BLKREFS
331
4D3
331
730
102
}
 70
     0
280
     1
281
     0
  0
BLOCK_RECORD
  5
50E
102
{ACAD_XDICTIONARY
360
50F
102
}
330
1
100
AcDbSymbolTableRecord
100
AcDbBlockTableRecord
  2
DIMDOT
340
0
310
2800000020000000200000000100080000000000000400000000000000000000000000000000000000000000000080000080000000808000800000008000800080800000C0C0C000C0DCC000F0CAA6000020400000206000002080000020A0000020C0000020E00000400000004020000040400000406000004080000040A0
310
000040C0000040E00000600000006020000060400000606000006080000060A0000060C0000060E00000800000008020000080400000806000008080000080A0000080C0000080E00000A0000000A0200000A0400000A0600000A0800000A0A00000A0C00000A0E00000C0000000C0200000C0400000C0600000C0800000C0
310
A00000C0C00000C0E00000E0000000E0200000E0400000E0600000E0800000E0A00000E0C00000E0E00040000000400020004000400040006000400080004000A0004000C0004000E00040200000402020004020400040206000402080004020A0004020C0004020E000404000004040200040404000404060004040800040
310
40A0004040C0004040E00040600000406020004060400040606000406080004060A0004060C0004060E00040800000408020004080400040806000408080004080A0004080C0004080E00040A0000040A0200040A0400040A0600040A0800040A0A00040A0C00040A0E00040C0000040C0200040C0400040C0600040C08000
310
40C0A00040C0C00040C0E00040E0000040E0200040E0400040E0600040E0800040E0A00040E0C00040E0E00080000000800020008000400080006000800080008000A0008000C0008000E00080200000802020008020400080206000802080008020A0008020C0008020E00080400000804020008040400080406000804080
310
008040A0008040C0008040E00080600000806020008060400080606000806080008060A0008060C0008060E00080800000808020008080400080806000808080008080A0008080C0008080E00080A0000080A0200080A0400080A0600080A0800080A0A00080A0C00080A0E00080C0000080C0200080C0400080C0600080C0
310
800080C0A00080C0C00080C0E00080E0000080E0200080E0400080E0600080E0800080E0A00080E0C00080E0E000C0000000C0002000C0004000C0006000C0008000C000A000C000C000C000E000C0200000C0202000C0204000C0206000C0208000C020A000C020C000C020E000C0400000C0402000C0404000C0406000C0
310
408000C040A000C040C000C040E000C0600000C0602000C0604000C0606000C0608000C060A000C060C000C060E000C0800000C0802000C0804000C0806000C0808000C080A000C080C000C080E000C0A00000C0A02000C0A04000C0A06000C0A08000C0A0A000C0A0C000C0A0E000C0C00000C0C02000C0C04000C0C06000
310
C0C08000C0C0A000F0FBFF00A4A0A000808080000000FF0000FF000000FFFF00FF000000FF00FF00FFFF0000FFFFFF0000000000000000000000000000000000000000000000000000000000000000000000000000000000000000000000000000000000000000000000000000000000000000000000000000000000000000
310
00000000000000000000000000000000000000000000000000000000000000000000000000000000000000000000000000000000000000000000000000000000000000000000000000000000000000000000000000000000000000000000000000000000000000000000000000000000000000000000000000000000000000
310
00000000000000000000000000000000000000000000000000000000000000000000000000000000000000000000000000000000000000000000000000000000000000000000000000000000000000000000000000000000000000000000000000000000000000000000000000000000000000000000000000000000000000
310
00000000000000000000000000000000000000000000000000000000000000000000000000000000000000000000000000000000000000000000000000000000000000FF000000000000000000000000000000000000000000000000000000000000FF00FF0000000000000000000000000000000000000000000000000000
310
0000FFFF0000FF0000000000000000000000000000000000000000000000000000FF00FFFF00FF0000000000000000000000000000FFFFFFFFFFFFFFFFFFFFFFFFFFFFFFFFFFFFFFFFFFFFFFFFFFFFFFFFFFFF0000000000000000000000000000FFFFFFFF00FF000000000000000000000000000000000000000000000000
310
00000000FF00FF000000000000000000000000000000000000000000000000000000000000FF0000000000000000000000000000000000000000000000000000000000000000000000000000000000000000000000000000000000000000000000000000000000000000000000000000000000000000000000000000000000
310
00000000000000000000000000000000000000000000000000000000000000000000000000000000000000000000000000000000000000000000000000000000000000000000000000000000000000000000000000000000000000000000000000000000000000000000000000000000000000000000000000000000000000
310
00000000000000000000000000000000000000000000000000000000000000000000000000000000000000000000000000000000000000000000000000000000000000000000000000000000000000000000000000000000000000000000000000000000000000000000000000000000000000000000000000000000000000
310
0000000000000000000000000000000000000000000000000000000000000000000000000000000000000000000000000000000000000000
102
{BLKREFS
331
50C
331
517
331
51B
331
51D
331
51F
331
523
102
}
 70
     0
280
     1
281
     0
  0
BLOCK_RECORD
  5
367
102
{ACAD_XDICTIONARY
360
368
102
}
330
1
100
AcDbSymbolTableRecord
100
AcDbBlockTableRecord
  2
DOUBLE
340
0
102
{BLKREFS
331
366
331
631
331
632
102
}
 70
     0
280
     1
281
     0
  0
BLOCK_RECORD
  5
7A8
102
{ACAD_XDICTIONARY
360
7A9
102
}
330
1
100
AcDbSymbolTableRecord
100
AcDbBlockTableRecord
  2
zw$89CA
340
0
102
{BLKREFS
331
7A7
331
7F7
331
7F9
331
7FB
331
7FD
331
7FF
102
}
 70
     0
280
     1
281
     0
  0
BLOCK_RECORD
  5
759
102
{ACAD_XDICTIONARY
360
75A
102
}
330
1
100
AcDbSymbolTableRecord
100
AcDbBlockTableRecord
  2
zw$FDB4
340
0
102
{BLKREFS
331
758
331
7F6
331
7F8
331
7FA
331
7FC
331
7FE
102
}
 70
     0
280
     1
281
     0
  0
BLOCK_RECORD
  5
6A8
102
{ACAD_XDICTIONARY
360
6A9
102
}
330
1
100
AcDbSymbolTableRecord
100
AcDbBlockTableRecord
  2
A$C2254
340
0
102
{BLKREFS
331
6A7
331
6E7
331
739
102
}
 70
     0
280
     1
281
     0
1001
AcDbBlockRepETag
1070
     1
1071
        4
1001
AcDbDynamicBlockTrueName
1000
A$C2254
1001
AcDbDynamicBlockGUID
1000
{424DC85F-3E44-4E8B-8116-1A60242E5568}
  0
BLOCK_RECORD
  5
6C9
330
1
100
AcDbSymbolTableRecord
100
AcDbBlockTableRecord
  2
A$C6384
340
0
102
{BLKREFS
331
6C8
331
723
331
750
102
}
 70
     0
280
     1
281
     0
  0
BLOCK_RECORD
  5
5CC
330
1
100
AcDbSymbolTableRecord
100
AcDbBlockTableRecord
  2
FSK12
340
0
310
2800000020000000200000000100080000000000000400000000000000000000000000000000000000000000000080000080000000808000800000008000800080800000C0C0C000C0DCC000F0CAA6000020400000206000002080000020A0000020C0000020E00000400000004020000040400000406000004080000040A0
310
000040C0000040E00000600000006020000060400000606000006080000060A0000060C0000060E00000800000008020000080400000806000008080000080A0000080C0000080E00000A0000000A0200000A0400000A0600000A0800000A0A00000A0C00000A0E00000C0000000C0200000C0400000C0600000C0800000C0
310
A00000C0C00000C0E00000E0000000E0200000E0400000E0600000E0800000E0A00000E0C00000E0E00040000000400020004000400040006000400080004000A0004000C0004000E00040200000402020004020400040206000402080004020A0004020C0004020E000404000004040200040404000404060004040800040
310
40A0004040C0004040E00040600000406020004060400040606000406080004060A0004060C0004060E00040800000408020004080400040806000408080004080A0004080C0004080E00040A0000040A0200040A0400040A0600040A0800040A0A00040A0C00040A0E00040C0000040C0200040C0400040C0600040C08000
310
40C0A00040C0C00040C0E00040E0000040E0200040E0400040E0600040E0800040E0A00040E0C00040E0E00080000000800020008000400080006000800080008000A0008000C0008000E00080200000802020008020400080206000802080008020A0008020C0008020E00080400000804020008040400080406000804080
310
008040A0008040C0008040E00080600000806020008060400080606000806080008060A0008060C0008060E00080800000808020008080400080806000808080008080A0008080C0008080E00080A0000080A0200080A0400080A0600080A0800080A0A00080A0C00080A0E00080C0000080C0200080C0400080C0600080C0
310
800080C0A00080C0C00080C0E00080E0000080E0200080E0400080E0600080E0800080E0A00080E0C00080E0E000C0000000C0002000C0004000C0006000C0008000C000A000C000C000C000E000C0200000C0202000C0204000C0206000C0208000C020A000C020C000C020E000C0400000C0402000C0404000C0406000C0
310
408000C040A000C040C000C040E000C0600000C0602000C0604000C0606000C0608000C060A000C060C000C060E000C0800000C0802000C0804000C0806000C0808000C080A000C080C000C080E000C0A00000C0A02000C0A04000C0A06000C0A08000C0A0A000C0A0C000C0A0E000C0C00000C0C02000C0C04000C0C06000
310
C0C08000C0C0A000F0FBFF00A4A0A000808080000000FF0000FF000000FFFF00FF000000FF00FF00FFFF0000FFFFFF0000000000000000000000000000000000000000000000000000000000000000000000000000000000FDFDFDFDFDFDFDFDFDFDFDFDFDFDFDFD00000000000000000000000000000000FDFDFDFD00FDFD
310
FDFDFD00FDFDFDFDFD00000000000000000000000000000000FDFDFDFDFD00FDFDFDFDFD00FDFDFDFD00000000000000000000000000000000FDFDFDFDFDFD00FDFDFDFDFDFDFDFDFD00000000000000000000000000000000FD00FDFDFDFDFD00FDFDFDFDFDFDFDFD00000000000000000000000000000000FD0000FD00FD
310
FDFD00FDFDFD00FDFDFD00000000000000000000000000000000FD000000FD00FDFDFDFDFDFDFD00FDFD00000000000000000000000000000000FD000000FDFD00FDFDFDFDFDFDFD00FD00000000000000000000000000000000FD00000000FDFD00FD00FDFDFDFDFDFD00000000000000000000000000000000FD00000000
310
00FDFDFDFD00FDFDFDFDFD00000000000000000000000000000000FD000000000000FDFDFDFD00FDFDFDFD00000000000000000000000000000000FD000000000000FDFDFDFDFD00FDFDFD00000000000000000000000000000000FD00000000000000FDFDFDFDFD00FDFD00000000000000000000000000000000FD000000
310
00000000FDFDFDFDFDFD00FD00000000000000000000000000000000FD0000000000000000FDFDFDFDFDFDFD00000000000000000000000000000000FD000000000000000000FDFDFDFDFDFD00000000000000000000000000000000FD000000000000000000FDFDFDFDFDFD00000000000000000000000000000000FD0000
310
0000000000000000FDFDFDFDFD00000000000000000000000000000000FD0000000000000000000000FD00FDFD00000000000000000000000000000000FD0000000000000000000000FDFD00FD00000000000000000000000000000000FD000000000000000000000000FDFDFD00000000000000000000000000000000FD00
310
000000000000000000000000FDFD00000000000000000000000000000000FD00000000000000000000000000FDFD00000000000000000000000000000000FDFDFDFDFDFDFDFDFDFDFDFDFDFDFDFD0000000000000000000000000000000000FD00FD0000FD00FD000000FD00FD0000000000000000000000000000000000FD
310
000000FD00FD0000FD00FD000000FD000000000000000000000000000000FD0000000000FD00000000FD0000000000FD000000000000000000000000000000FD000000FD00FD0000FD00FD000000FD0000000000000000000000000000000000FD00FD0000FD00FD000000FD00FD0000000000000000000000000000000000
310
0000FD00000000FD0000000000FD000000000000000000000000000000000000000000000000000000000000000000000000000000000000
102
{BLKREFS
331
5CB
331
6D1
102
}
 70
     0
280
     1
281
     0
  0
BLOCK_RECORD
  5
5CF
330
1
100
AcDbSymbolTableRecord
100
AcDbBlockTableRecord
  2
*X18
340
0
102
{BLKREFS
331
5CE
102
}
 70
     0
280
     1
281
     0
  0
BLOCK_RECORD
  5
69B
102
{ACAD_XDICTIONARY
360
69C
102
}
330
1
100
AcDbSymbolTableRecord
100
AcDbBlockTableRecord
  2
zw$4DED
340
0
102
{BLKREFS
331
69A
331
6D9
102
}
 70
     0
280
     1
281
     0
1001
AcDbDynamicBlockGUID
1000
{D6746109-8B62-4545-B604-AD1067D366AF}
  0
BLOCK_RECORD
  5
6ED
330
1
100
AcDbSymbolTableRecord
100
AcDbBlockTableRecord
  2
FSK3
340
0
310
2800000020000000200000000100080000000000000400000000000000000000000000000000000000000000000080000080000000808000800000008000800080800000C0C0C000C0DCC000F0CAA6000020400000206000002080000020A0000020C0000020E00000400000004020000040400000406000004080000040A0
310
000040C0000040E00000600000006020000060400000606000006080000060A0000060C0000060E00000800000008020000080400000806000008080000080A0000080C0000080E00000A0000000A0200000A0400000A0600000A0800000A0A00000A0C00000A0E00000C0000000C0200000C0400000C0600000C0800000C0
310
A00000C0C00000C0E00000E0000000E0200000E0400000E0600000E0800000E0A00000E0C00000E0E00040000000400020004000400040006000400080004000A0004000C0004000E00040200000402020004020400040206000402080004020A0004020C0004020E000404000004040200040404000404060004040800040
310
40A0004040C0004040E00040600000406020004060400040606000406080004060A0004060C0004060E00040800000408020004080400040806000408080004080A0004080C0004080E00040A0000040A0200040A0400040A0600040A0800040A0A00040A0C00040A0E00040C0000040C0200040C0400040C0600040C08000
310
40C0A00040C0C00040C0E00040E0000040E0200040E0400040E0600040E0800040E0A00040E0C00040E0E00080000000800020008000400080006000800080008000A0008000C0008000E00080200000802020008020400080206000802080008020A0008020C0008020E00080400000804020008040400080406000804080
310
008040A0008040C0008040E00080600000806020008060400080606000806080008060A0008060C0008060E00080800000808020008080400080806000808080008080A0008080C0008080E00080A0000080A0200080A0400080A0600080A0800080A0A00080A0C00080A0E00080C0000080C0200080C0400080C0600080C0
310
800080C0A00080C0C00080C0E00080E0000080E0200080E0400080E0600080E0800080E0A00080E0C00080E0E000C0000000C0002000C0004000C0006000C0008000C000A000C000C000C000E000C0200000C0202000C0204000C0206000C0208000C020A000C020C000C020E000C0400000C0402000C0404000C0406000C0
310
408000C040A000C040C000C040E000C0600000C0602000C0604000C0606000C0608000C060A000C060C000C060E000C0800000C0802000C0804000C0806000C0808000C080A000C080C000C080E000C0A00000C0A02000C0A04000C0A06000C0A08000C0A0A000C0A0C000C0A0E000C0C00000C0C02000C0C04000C0C06000
310
C0C08000C0C0A000F0FBFF00A4A0A000808080000000FF0000FF000000FFFF00FF000000FF00FF00FFFF0000FFFFFF000000000000000000000000000000000000000000000000000000000000000000000000000000FDFDFDFDFDFDFDFDFDFDFDFDFDFDFDFDFDFDFDFD000000000000000000000000FDFD00FDFD00FDFD00
310
FDFD00FDFD00FDFD00FDFD000000000000000000000000FDFDFD00FDFD00FDFD00FDFD00FDFD00FDFDFDFD000000000000000000000000FD00FDFD00FDFD00FDFD00FDFD00FDFDFDFD00FD000000000000000000000000FD00FDFDFD00FDFD00FDFD00FDFD00FDFDFDFDFD000000000000000000000000FD0000FD00FD00FD
310
FD00FDFD00FDFDFDFD00FDFD000000000000000000000000FD000000FD00FD00FDFD00FDFDFDFD00FDFD00FD000000000000000000000000FD00000000FD00FD00FDFD00FD00FDFD00FDFDFD000000000000000000000000FD00000000FDFD00FD00FDFDFDFD00FDFD00FDFD000000000000000000000000FD0000000000FD
310
FD00FDFDFD00FDFD00FDFD00FD000000000000000000000000FD000000000000FDFD00FDFDFD00FDFD00FDFDFD000000000000000000000000FD000000000000FDFDFDFDFDFDFD00FDFD00FDFD000000000000000000000000FD00000000000000FDFD00FD00FDFD00FDFD00FD000000000000000000000000FD0000000000
310
0000FDFD0000FDFDFDFD00FDFDFD000000000000000000000000FD000000000000FD00FD0000FD00FDFDFD00FDFD000000000000000000000000FD0000000000FD000000FD0000FD00FDFDFD00FD000000000000000000000000FD000000000000FDFD00FD00FDFDFD00FDFDFDFD000000000000000000000000FD00000000
310
00000000FD00FDFD00FDFDFD00FDFD000000000000000000000000FD000000000000000000FD00FDFD00FDFDFD00FD000000000000000000000000FD0000000000000000000000FDFDFD00FDFDFDFD000000000000000000000000FD000000000000000000000000FDFDFDFD00FDFD000000000000000000000000FD000000
310
00000000000000000000FDFDFDFD00FD000000000000000000000000FD00000000000000000000000000FD00FDFDFDFD000000000000000000000000FD0000000000000000000000000000FDFD00FDFD000000000000000000000000FD000000000000000000000000000000FDFD00FD000000000000000000000000FD0000
310
00000000000000000000000000FD00FDFD000000000000000000000000FD00000000000000000000000000000000FDFDFD000000000000000000000000FD0000000000000000000000000000000000FDFD000000000000000000000000FD0000000000000000000000000000000000FDFD000000000000000000000000FDFD
310
FDFDFDFDFDFDFDFDFDFDFDFDFDFDFDFDFDFD0000000000000000000000000000000000000000000000000000000000000000000000000000
102
{BLKREFS
331
6EC
331
73E
102
}
 70
     0
280
     1
281
     0
  0
BLOCK_RECORD
  5
6F0
330
1
100
AcDbSymbolTableRecord
100
AcDbBlockTableRecord
  2
*X21
340
0
102
{BLKREFS
331
6EF
102
}
 70
     0
280
     1
281
     0
  0
BLOCK_RECORD
  5
72C
102
{ACAD_XDICTIONARY
360
72D
102
}
330
1
100
AcDbSymbolTableRecord
100
AcDbBlockTableRecord
  2
zw$D288
340
0
102
{BLKREFS
331
72B
102
}
 70
     0
280
     1
281
     0
1001
AcDbDynamicBlockGUID
1000
{7967A343-687D-4A05-BC45-8D71EAB3E87B}
  0
BLOCK_RECORD
  5
6DB
102
{ACAD_XDICTIONARY
360
6DC
102
}
330
1
100
AcDbSymbolTableRecord
100
AcDbBlockTableRecord
  2
zw$E6AF
340
0
102
{BLKREFS
331
6DA
331
729
331
72A
102
}
 70
     0
280
     1
281
     0
1001
AcDbDynamicBlockGUID
1000
{EDAC3E67-D4A8-4A4D-A090-9871F0F03D8D}
  0
BLOCK_RECORD
  5
66F
102
{ACAD_XDICTIONARY
360
670
102
}
330
1
100
AcDbSymbolTableRecord
100
AcDbBlockTableRecord
  2
하향식피난구
340
0
102
{BLKREFS
331
66E
331
679
331
67C
331
67F
331
682
331
685
331
68A
331
68D
331
690
331
693
331
696
331
699
102
}
 70
     0
280
     1
281
     0
1001
AcDbDynamicBlockGUID
1000
{099E7DD8-289E-4C25-BB46-7FD5436DA2F0}
  0
BLOCK_RECORD
  5
5F0
330
1
100
AcDbSymbolTableRecord
100
AcDbBlockTableRecord
  2
ABC소화기
340
0
102
{BLKREFS
331
5EF
331
65C
331
65D
331
65E
331
65F
331
660
331
661
331
662
331
663
331
66B
331
66D
331
678
331
67B
331
67E
331
681
331
684
331
687
331
689
331
68C
331
68F
331
692
331
695
331
698
102
}
 70
     0
280
     1
281
     0
  0
BLOCK_RECORD
  5
665
330
1
100
AcDbSymbolTableRecord
100
AcDbBlockTableRecord
  2
주방자동소화기
340
0
102
{BLKREFS
331
664
331
66C
331
677
331
67A
331
67D
331
680
331
683
331
686
331
688
331
68B
331
68E
331
691
331
694
331
697
102
}
 70
     0
280
     1
281
     0
  0
BLOCK_RECORD
  5
64A
330
1
100
AcDbSymbolTableRecord
100
AcDbBlockTableRecord
  2
zw$F3AF
340
0
102
{BLKREFS
331
649
102
}
 70
     0
280
     1
281
     0
  0
BLOCK_RECORD
  5
642
330
1
100
AcDbSymbolTableRecord
100
AcDbBlockTableRecord
  2
zw$1A81
340
0
102
{BLKREFS
331
641
102
}
 70
     0
280
     1
281
     0
  0
BLOCK_RECORD
  5
639
330
1
100
AcDbSymbolTableRecord
100
AcDbBlockTableRecord
  2
zw$57B4
340
0
102
{BLKREFS
331
638
102
}
 70
     0
280
     1
281
     0
  0
BLOCK_RECORD
  5
625
330
1
100
AcDbSymbolTableRecord
100
AcDbBlockTableRecord
  2
zw$2D4E
340
0
102
{BLKREFS
331
624
102
}
 70
     0
280
     1
281
     0
  0
BLOCK_RECORD
  5
61B
330
1
100
AcDbSymbolTableRecord
100
AcDbBlockTableRecord
  2
zw$128A
340
0
102
{BLKREFS
331
61A
102
}
 70
     0
280
     1
281
     0
  0
BLOCK_RECORD
  5
60C
330
1
100
AcDbSymbolTableRecord
100
AcDbBlockTableRecord
  2
zw$5186
340
0
102
{BLKREFS
331
60B
102
}
 70
     0
280
     1
281
     0
  0
BLOCK_RECORD
  5
19C
102
{ACAD_XDICTIONARY
360
19D
102
}
330
1
100
AcDbSymbolTableRecord
100
AcDbBlockTableRecord
  2
SF30T
340
0
102
{BLKREFS
331
19B
102
}
 70
     0
280
     1
281
     0
1001
AcDbBlockRepETag
1070
     1
1071
       10
1001
AcDbDynamicBlockGUID
1000
{6CB83211-7873-4B14-AEE7-9325382EB437}
  0
BLOCK_RECORD
  5
338
330
1
100
AcDbSymbolTableRecord
100
AcDbBlockTableRecord
  2
A$505042415955
340
0
102
{BLKREFS
331
337
102
}
 70
     0
280
     1
281
     0
  0
BLOCK_RECORD
  5
2C5
330
1
100
AcDbSymbolTableRecord
100
AcDbBlockTableRecord
  2
*U35
340
0
102
{BLKREFS
331
2C4
331
2D2
102
}
 70
     0
280
     1
281
     0
  0
BLOCK_RECORD
  5
1C2
330
1
100
AcDbSymbolTableRecord
100
AcDbBlockTableRecord
  2
zw$7853
340
0
102
{BLKREFS
331
1C1
102
}
 70
     0
280
     1
281
     0
  0
BLOCK_RECORD
  5
1C9
330
1
100
AcDbSymbolTableRecord
100
AcDbBlockTableRecord
  2
A9
340
0
102
{BLKREFS
331
1C7
331
1D5
331
1FB
102
}
 70
     0
280
     1
281
     0
  0
BLOCK_RECORD
  5
63
102
{ACAD_XDICTIONARY
360
64
102
}
330
1
100
AcDbSymbolTableRecord
100
AcDbBlockTableRecord
  2
FORM(소방)
340
0
102
{BLKREFS
331
62
102
}
 70
     4
280
     1
281
     0
  0
BLOCK_RECORD
  5
68
102
{ACAD_XDICTIONARY
360
69
102
}
330
1
100
AcDbSymbolTableRecord
100
AcDbBlockTableRecord
  2
FORM-고양창릉
340
0
102
{BLKREFS
331
67
102
}
 70
     4
280
     1
281
     0
1001
AcDbAppSyncWithXref_AssocManager
1000
{4E112B6D-D877-F440-80C4-96095F72586A}
1001
AcDbDynamicBlockGUID
1000
{70D910E9-E101-4DC6-B291-3A288C2583A6}
  0
ENDTAB
  0
ENDSEC
  0
SECTION
  2
BLOCKS
  0
BLOCK
  5
5
330
2
100
AcDbEntity
  8
0
100
AcDbBlockBegin
  2
*Model_Space
 70
     0
 10
0.0
 20
0.0
 30
0.0
  3
*Model_Space
  1

  0
ENDBLK
  5
E
330
2
100
AcDbEntity
  8
0
100
AcDbBlockEnd
  0
BLOCK
  5
14
330
13
100
AcDbEntity
 67
     1
  8
0
100
AcDbBlockBegin
  2
*Paper_Space
 70
     0
 10
0.0
 20
0.0
 30
0.0
  3
*Paper_Space
  1

  0
ENDBLK
  5
15
330
13
100
AcDbEntity
 67
     1
  8
0
100
AcDbBlockEnd
  0
BLOCK
  5
379
330
378
100
AcDbEntity
  8
0
100
AcDbBlockBegin
  2
A$CB222
 70
     0
 10
0.0
 20
0.0
 30
0.0
  3
A$CB222
  1

  0
INSERT
  5
37A
330
378
100
AcDbEntity
  8
SYM
100
AcDbBlockReference
  2
*X1
 10
-421.4181784586888
 20
-427.9703901323066
 30
0.0
1001
ACAD
1000
HATCH
1002
{
1070
    19
1000
ANSI31
1040
3.0
1040
0.0
1000
ASC_BOUNDS
1070
     1
1070
     2
1070
     3
1005
394
1005
395
1005
390
1000
ASC_SEEDPOINT
1011
7.262971529279866
1021
10.25458420104792
1031
0.0
1002
}
  0
LINE
  5
390
102
{ACAD_REACTORS
330
37A
102
}
330
378
100
AcDbEntity
  8
SYM
100
AcDbLine
 10
7.262971529279866
 20
10.25458420104792
 30
0.0
 11
7.262971529279866
 21
0.2545842010479191
 31
0.0
1001
ACAD
1000
ASC_BOUNDS
1002
{
1070
    19
1005
37A
1002
}
  0
LINE
  5
391
330
378
100
AcDbEntity
  8
SYM
100
AcDbLine
 10
0.2629715292799233
 20
10.25458420104792
 30
0.0
 11
0.2629715292799233
 21
0.2545842010479191
 31
0.0
1001
ACAD
1000
ASC_BOUNDS
1002
{
1070
    19
1002
}
  0
CIRCLE
  5
392
330
378
100
AcDbEntity
  8
SYM
100
AcDbCircle
 10
1.262971529279866
 20
11.50458420104792
 30
0.0
 40
1.25
  0
CIRCLE
  5
393
330
378
100
AcDbEntity
  8
SYM
100
AcDbCircle
 10
3.762971529279866
 20
11.50458420104792
 30
0.0
 40
1.25
  0
LINE
  5
394
102
{ACAD_REACTORS
330
37A
102
}
330
378
100
AcDbEntity
  8
SYM
100
AcDbLine
 10
0.2629715292799233
 20
0.2545842010479191
 30
0.0
 11
7.262971529279866
 21
10.25458420104792
 31
0.0
1001
ACAD
1000
ASC_BOUNDS
1002
{
1070
    19
1005
37A
1002
}
  0
LINE
  5
395
102
{ACAD_REACTORS
330
37A
102
}
330
378
100
AcDbEntity
  8
SYM
100
AcDbLine
 10
0.2629715292799233
 20
0.2545842010479191
 30
0.0
 11
7.262971529279866
 21
0.2545842010479191
 31
0.0
1001
ACAD
1000
ASC_BOUNDS
1002
{
1070
    19
1005
37A
1002
}
  0
CIRCLE
  5
396
330
378
100
AcDbEntity
  8
SYM
100
AcDbCircle
 10
6.262971529279866
 20
11.50458420104792
 30
0.0
 40
1.25
  0
LINE
  5
397
330
378
100
AcDbEntity
  8
SYM
100
AcDbLine
 10
0.2629715292799233
 20
10.25458420104792
 30
0.0
 11
7.262971529279866
 21
10.25458420104792
 31
0.0
1001
ACAD
1000
ASC_BOUNDS
1002
{
1070
    19
1002
}
  0
ENDBLK
  5
398
330
378
100
AcDbEntity
  8
0
100
AcDbBlockEnd
  0
BLOCK
  5
37C
330
37B
100
AcDbEntity
  8
0
100
AcDbBlockBegin
  2
*X1
 70
     1
 10
0.0
 20
0.0
 30
0.0
  3
*X1
  1

  0
LINE
  5
37D
330
37B
100
AcDbEntity
  8
0
 62
     0
100
AcDbLine
 10
424.9737795215488
 20
432.9287308098975
 30
0.0
 11
428.6811499879688
 21
436.6361012763174
 31
0.0
  0
LINE
  5
37E
330
37B
100
AcDbEntity
  8
0
 62
     0
100
AcDbLine
 10
426.2112163886254
 20
434.6964977628638
 30
0.0
 11
428.6811499879688
 21
437.1664313622074
 31
0.0
  0
LINE
  5
37F
330
37B
100
AcDbEntity
  8
0
 62
     0
100
AcDbLine
 10
427.4486532557015
 20
436.4642647158301
 30
0.0
 11
428.6811499879688
 21
437.6967614480973
 31
0.0
  0
LINE
  5
380
330
37B
100
AcDbEntity
  8
0
 62
     0
100
AcDbLine
 10
423.7363426544722
 20
431.1609638569311
 30
0.0
 11
428.6811499879688
 21
436.1057711904273
 31
0.0
  0
LINE
  5
381
330
37B
100
AcDbEntity
  8
0
 62
     0
100
AcDbLine
 10
422.4989057873958
 20
429.3931969039648
 30
0.0
 11
428.6811499879688
 21
435.5754411045376
 31
0.0
  0
LINE
  5
382
330
37B
100
AcDbEntity
  8
0
 62
     0
100
AcDbLine
 10
421.8610133026756
 20
428.2249743333547
 30
0.0
 11
428.6811499879688
 21
435.0451110186476
 31
0.0
  0
LINE
  5
383
330
37B
100
AcDbEntity
  8
0
 62
     0
100
AcDbLine
 10
422.3913433885655
 20
428.2249743333547
 30
0.0
 11
428.6811499879688
 21
434.5147809327578
 31
0.0
  0
LINE
  5
384
330
37B
100
AcDbEntity
  8
0
 62
     0
100
AcDbLine
 10
422.9216734744555
 20
428.2249743333547
 30
0.0
 11
428.6811499879688
 21
433.9844508468678
 31
0.0
  0
LINE
  5
385
330
37B
100
AcDbEntity
  8
0
 62
     0
100
AcDbLine
 10
423.4520035603455
 20
428.2249743333547
 30
0.0
 11
428.6811499879688
 21
433.454120760978
 31
0.0
  0
LINE
  5
386
330
37B
100
AcDbEntity
  8
0
 62
     0
100
AcDbLine
 10
423.9823336462352
 20
428.2249743333547
 30
0.0
 11
428.6811499879688
 21
432.9237906750881
 31
0.0
  0
LINE
  5
387
330
37B
100
AcDbEntity
  8
0
 62
     0
100
AcDbLine
 10
424.5126637321253
 20
428.2249743333547
 30
0.0
 11
428.6811499879688
 21
432.3934605891981
 31
0.0
  0
LINE
  5
388
330
37B
100
AcDbEntity
  8
0
 62
     0
100
AcDbLine
 10
425.0429938180151
 20
428.2249743333547
 30
0.0
 11
428.6811499879688
 21
431.8631305033084
 31
0.0
  0
LINE
  5
389
330
37B
100
AcDbEntity
  8
0
 62
     0
100
AcDbLine
 10
425.573323903905
 20
428.2249743333547
 30
0.0
 11
428.6811499879688
 21
431.3328004174183
 31
0.0
  0
LINE
  5
38A
330
37B
100
AcDbEntity
  8
0
 62
     0
100
AcDbLine
 10
426.1036539897951
 20
428.2249743333547
 30
0.0
 11
428.6811499879688
 21
430.8024703315282
 31
0.0
  0
LINE
  5
38B
330
37B
100
AcDbEntity
  8
0
 62
     0
100
AcDbLine
 10
426.6339840756849
 20
428.2249743333547
 30
0.0
 11
428.6811499879688
 21
430.2721402456385
 31
0.0
  0
LINE
  5
38C
330
37B
100
AcDbEntity
  8
0
 62
     0
100
AcDbLine
 10
427.1643141615747
 20
428.2249743333547
 30
0.0
 11
428.6811499879688
 21
429.7418101597486
 31
0.0
  0
LINE
  5
38D
330
37B
100
AcDbEntity
  8
0
 62
     0
100
AcDbLine
 10
427.6946442474645
 20
428.2249743333547
 30
0.0
 11
428.6811499879688
 21
429.2114800738587
 31
0.0
  0
LINE
  5
38E
330
37B
100
AcDbEntity
  8
0
 62
     0
100
AcDbLine
 10
428.2249743333547
 20
428.2249743333547
 30
0.0
 11
428.6811499879688
 21
428.6811499879688
 31
0.0
  0
ENDBLK
  5
38F
330
37B
100
AcDbEntity
  8
0
100
AcDbBlockEnd
  0
BLOCK
  5
2C9
330
2C8
100
AcDbEntity
  8
0
100
AcDbBlockBegin
  2
A$CB372
 70
     0
 10
0.0
 20
0.0
 30
0.0
  3
A$CB372
  1

  0
LINE
  5
2CA
330
2C8
100
AcDbEntity
  8
SYM
100
AcDbLine
 10
0.1102300527320494
 20
10.25458420104792
 30
0.0
 11
7.11023005273199
 21
10.25458420104792
 31
0.0
1001
ACAD
1000
ASC_BOUNDS
1002
{
1070
    19
1002
}
  0
LINE
  5
2CB
330
2C8
100
AcDbEntity
  8
SYM
100
AcDbLine
 10
0.1102300527320494
 20
0.2545842010479191
 30
0.0
 11
7.11023005273199
 21
0.2545842010479191
 31
0.0
1001
ACAD
1000
ASC_BOUNDS
1002
{
1070
    19
1002
}
  0
LINE
  5
2CC
330
2C8
100
AcDbEntity
  8
SYM
100
AcDbLine
 10
0.1102300527320494
 20
0.2545842010479191
 30
0.0
 11
7.11023005273199
 21
10.25458420104792
 31
0.0
  0
LINE
  5
2CD
330
2C8
100
AcDbEntity
  8
SYM
100
AcDbLine
 10
0.1102300527320494
 20
10.25458420104792
 30
0.0
 11
7.11023005273199
 21
0.2545842010479191
 31
0.0
  0
LINE
  5
2CE
330
2C8
100
AcDbEntity
  8
SYM
100
AcDbLine
 10
0.1102300527320494
 20
10.25458420104792
 30
0.0
 11
0.1102300527320494
 21
0.2545842010479191
 31
0.0
1001
ACAD
1000
ASC_BOUNDS
1002
{
1070
    19
1002
}
  0
LINE
  5
2CF
330
2C8
100
AcDbEntity
  8
SYM
100
AcDbLine
 10
7.11023005273199
 20
10.25458420104792
 30
0.0
 11
7.11023005273199
 21
0.2545842010479191
 31
0.0
1001
ACAD
1000
ASC_BOUNDS
1002
{
1070
    19
1002
}
  0
ENDBLK
  5
2D0
330
2C8
100
AcDbEntity
  8
0
100
AcDbBlockEnd
  0
BLOCK
  5
3A8
330
3A7
100
AcDbEntity
  8
0
100
AcDbBlockBegin
  2
A$C6374
 70
     0
 10
0.0
 20
0.0
 30
0.0
  3
A$C6374
  1

  0
LINE
  5
3A9
330
3A7
100
AcDbEntity
  8
SYM
100
AcDbLine
 10
1.11193684854777
 20
2.03474894806345
 30
0.0
 11
1.11193684854777
 21
0.2047489480634113
 31
0.0
  0
LINE
  5
3AA
330
3A7
100
AcDbEntity
  8
SYM
100
AcDbLine
 10
0.5816067626578843
 20
0.5894188621735453
 30
0.0
 11
0.2761483499187989
 21
0.2839604494344598
 31
0.0
  0
LINE
  5
3AB
330
3A7
100
AcDbEntity
  8
SYM
100
AcDbLine
 10
0.0176105984244828
 20
0.5424982009287193
 30
0.0
 11
0.5346861014131151
 21
0.0254226979402006
 31
0.0
  0
LINE
  5
3AC
330
3A7
100
AcDbEntity
  8
SYM
100
AcDbLine
 10
0.0176105984244828
 20
1.696999695198144
 30
0.0
 11
0.5346861014131151
 21
2.214075198186661
 31
0.0
  0
LINE
  5
3AD
330
3A7
100
AcDbEntity
  8
SYM
100
AcDbLine
 10
0.5816067626578843
 20
1.650079033953318
 30
0.0
 11
0.2761483499187989
 21
1.955537446692401
 31
0.0
  0
ARC
  5
3AE
330
3A7
100
AcDbEntity
  8
SYM
100
AcDbCircle
 10
1.11193684854777
 20
1.119748948063429
 30
0.0
 40
0.75
100
AcDbArc
 50
90.0
 51
270.0
  0
ENDBLK
  5
3AF
330
3A7
100
AcDbEntity
  8
0
100
AcDbBlockEnd
  0
BLOCK
  5
406
330
405
100
AcDbEntity
  8
0
100
AcDbBlockBegin
  2
A$CB1A4
 70
     0
 10
0.0
 20
0.0
 30
0.0
  3
A$CB1A4
  1

  0
INSERT
  5
407
330
405
100
AcDbEntity
  8
SYM
100
AcDbBlockReference
  2
*X5
 10
-400.6012546463685
 20
-408.2839777701432
 30
0.0
1001
ACAD
1000
HATCH
1002
{
1070
    19
1000
ANSI31
1040
3.0
1040
1.570796326794896
1002
}
  0
CIRCLE
  5
421
330
405
100
AcDbEntity
  8
SYM
100
AcDbCircle
 10
3.812292933017261
 20
5.254584201047919
 30
0.0
 40
1.25
  0
LINE
  5
422
330
405
100
AcDbEntity
  8
SYM
100
AcDbLine
 10
7.312292933017261
 20
10.25458420104792
 30
0.0
 11
7.312292933017261
 21
0.2545842010479191
 31
0.0
1001
ACAD
1000
ASC_BOUNDS
1002
{
1070
    19
1002
}
  0
LINE
  5
423
330
405
100
AcDbEntity
  8
SYM
100
AcDbLine
 10
0.3122929330173179
 20
10.25458420104792
 30
0.0
 11
0.3122929330173179
 21
0.2545842010479191
 31
0.0
1001
ACAD
1000
ASC_BOUNDS
1002
{
1070
    19
1002
}
  0
LINE
  5
424
330
405
100
AcDbEntity
  8
SYM
100
AcDbLine
 10
0.3122929330173179
 20
0.2545842010479191
 30
0.0
 11
7.312292933017261
 21
10.25458420104792
 31
0.0
  0
LINE
  5
425
330
405
100
AcDbEntity
  8
SYM
100
AcDbLine
 10
0.3122929330173179
 20
0.2545842010479191
 30
0.0
 11
7.312292933017261
 21
0.2545842010479191
 31
0.0
1001
ACAD
1000
ASC_BOUNDS
1002
{
1070
    19
1002
}
  0
LINE
  5
426
330
405
100
AcDbEntity
  8
SYM
100
AcDbLine
 10
0.3122929330173179
 20
10.25458420104792
 30
0.0
 11
7.312292933017261
 21
10.25458420104792
 31
0.0
1001
ACAD
1000
ASC_BOUNDS
1002
{
1070
    19
1002
}
  0
ENDBLK
  5
427
330
405
100
AcDbEntity
  8
0
100
AcDbBlockEnd
  0
BLOCK
  5
409
330
408
100
AcDbEntity
  8
0
100
AcDbBlockBegin
  2
*X5
 70
     1
 10
0.0
 20
0.0
 30
0.0
  3
*X5
  1

  0
LINE
  5
40A
330
408
100
AcDbEntity
  8
0
 62
     0
100
AcDbLine
 10
407.8705846733686
 20
418.4771863911668
 30
0.0
 11
407.9135475793858
 21
418.520149297184
 31
0.0
  0
LINE
  5
40B
330
408
100
AcDbEntity
  8
0
 62
     0
100
AcDbLine
 10
406.6331478062923
 20
416.7094194382007
 30
0.0
 11
407.9135475793858
 21
417.9898192112941
 31
0.0
  0
LINE
  5
40C
330
408
100
AcDbEntity
  8
0
 62
     0
100
AcDbLine
 10
405.3957109392157
 20
414.9416524852342
 30
0.0
 11
407.9135475793858
 21
417.4594891254042
 31
0.0
  0
LINE
  5
40D
330
408
100
AcDbEntity
  8
0
 62
     0
100
AcDbLine
 10
405.3504382254089
 20
414.3660496855373
 30
0.0
 11
407.9135475793858
 21
416.9291590395141
 31
0.0
  0
LINE
  5
40E
330
408
100
AcDbEntity
  8
0
 62
     0
100
AcDbLine
 10
402.920837205063
 20
411.4061185793016
 30
0.0
 11
403.9094387144117
 21
412.3947200886503
 31
0.0
  0
LINE
  5
40F
330
408
100
AcDbEntity
  8
0
 62
     0
100
AcDbLine
 10
405.5573894619266
 20
414.0426708361651
 30
0.0
 11
407.9135475793858
 21
416.3988289536243
 31
0.0
  0
LINE
  5
410
330
408
100
AcDbEntity
  8
0
 62
     0
100
AcDbLine
 10
401.6834003379866
 20
409.6383516263353
 30
0.0
 11
404.3360173728738
 21
412.2909686612226
 31
0.0
  0
LINE
  5
411
330
408
100
AcDbEntity
  8
0
 62
     0
100
AcDbLine
 10
405.6611408893543
 20
413.6160921777028
 30
0.0
 11
407.9135475793858
 21
415.8684988677342
 31
0.0
  0
LINE
  5
412
330
408
100
AcDbEntity
  8
0
 62
     0
100
AcDbLine
 10
401.1139407687323
 20
408.5385619711912
 30
0.0
 11
405.0220506689623
 21
412.4466718714211
 31
0.0
  0
LINE
  5
413
330
408
100
AcDbEntity
  8
0
 62
     0
100
AcDbLine
 10
405.5054376791556
 20
412.9300588816144
 30
0.0
 11
407.9135475793858
 21
415.3381687818445
 31
0.0
  0
LINE
  5
414
330
408
100
AcDbEntity
  8
0
 62
     0
100
AcDbLine
 10
401.6442708546223
 20
408.5385619711912
 30
0.0
 11
407.9135475793858
 21
414.8078386959546
 31
0.0
  0
LINE
  5
415
330
408
100
AcDbEntity
  8
0
 62
     0
100
AcDbLine
 10
402.1746009405121
 20
408.5385619711912
 30
0.0
 11
407.9135475793858
 21
414.2775086100646
 31
0.0
  0
LINE
  5
416
330
408
100
AcDbEntity
  8
0
 62
     0
100
AcDbLine
 10
402.7049310264021
 20
408.5385619711912
 30
0.0
 11
407.9135475793858
 21
413.7471785241746
 31
0.0
  0
LINE
  5
417
330
408
100
AcDbEntity
  8
0
 62
     0
100
AcDbLine
 10
403.235261112292
 20
408.5385619711912
 30
0.0
 11
407.9135475793858
 21
413.2168484382849
 31
0.0
  0
LINE
  5
418
330
408
100
AcDbEntity
  8
0
 62
     0
100
AcDbLine
 10
403.7655911981818
 20
408.5385619711912
 30
0.0
 11
407.9135475793858
 21
412.6865183523947
 31
0.0
  0
LINE
  5
419
330
408
100
AcDbEntity
  8
0
 62
     0
100
AcDbLine
 10
404.2959212840719
 20
408.5385619711912
 30
0.0
 11
407.9135475793858
 21
412.1561882665051
 31
0.0
  0
LINE
  5
41A
330
408
100
AcDbEntity
  8
0
 62
     0
100
AcDbLine
 10
404.8262513699617
 20
408.5385619711912
 30
0.0
 11
407.9135475793858
 21
411.6258581806151
 31
0.0
  0
LINE
  5
41B
330
408
100
AcDbEntity
  8
0
 62
     0
100
AcDbLine
 10
405.3565814558515
 20
408.5385619711912
 30
0.0
 11
407.9135475793858
 21
411.095528094725
 31
0.0
  0
LINE
  5
41C
330
408
100
AcDbEntity
  8
0
 62
     0
100
AcDbLine
 10
405.8869115417413
 20
408.5385619711912
 30
0.0
 11
407.9135475793858
 21
410.5651980088352
 31
0.0
  0
LINE
  5
41D
330
408
100
AcDbEntity
  8
0
 62
     0
100
AcDbLine
 10
406.4172416276315
 20
408.5385619711912
 30
0.0
 11
407.9135475793858
 21
410.0348679229454
 31
0.0
  0
LINE
  5
41E
330
408
100
AcDbEntity
  8
0
 62
     0
100
AcDbLine
 10
406.9475717135214
 20
408.5385619711912
 30
0.0
 11
407.9135475793858
 21
409.5045378370555
 31
0.0
  0
LINE
  5
41F
330
408
100
AcDbEntity
  8
0
 62
     0
100
AcDbLine
 10
407.4779017994114
 20
408.5385619711912
 30
0.0
 11
407.9135475793858
 21
408.9742077511655
 31
0.0
  0
ENDBLK
  5
420
330
408
100
AcDbEntity
  8
0
100
AcDbBlockEnd
  0
BLOCK
  5
485
330
482
100
AcDbEntity
  8
PIPE
100
AcDbBlockBegin
  2
zw$E093
 70
     0
 10
0.0
 20
0.0
 30
0.0
  3
zw$E093
  1

  0
TEXT
  5
486
330
482
100
AcDbEntity
  8
TEXT
  6
Continuous
100
AcDbText
 10
-57.60926384726918
 20
142.2279703071576
 30
-0.0000000000000093
 40
4.444444444444445
  1
옥외 소화배관에 연결
  7
돋움
 11
-57.60926384726918
 21
144.4501925293798
 31
-0.0000000000000093
100
AcDbText
 73
     2
  0
HATCH
  5
487
330
482
100
AcDbEntity
  8
지진분리이음
 62
     5
100
AcDbHatch
 10
0.0
 20
0.0
 30
0.0
210
0.0
220
0.0
230
1.0
  2
ANSI31
 70
     0
 71
     0
 91
        1
 92
        1
 93
        4
 72
     1
 10
16.40385692081327
 20
25.42069967018688
 11
16.40385692077916
 21
31.79831005274527
 72
     1
 10
16.40385692077689
 20
31.79831005274536
 11
19.00096806930696
 21
31.79831005275875
 72
     1
 10
19.00096806930742
 20
31.79831005275902
 11
19.00096806934152
 21
25.42069967020062
 72
     1
 10
19.00096806933652
 20
25.42069967020143
 11
16.40385692080644
 21
25.42069967018804
 97
        0
 75
     1
 76
     1
 52
90.00000000029483
 41
0.3
 77
     0
 78
     1
 53
135.0000000002948
 43
521.0105279689413
 44
-697.9450764041493
 45
-0.6735192090767203
 46
-0.6735192090836523
 79
     0
 98
        1
 10
521.0105279689413
 20
-697.9450764041493
1001
GradientColor1ACI
1070
     5
1001
GradientColor2ACI
1070
     2
1001
ACAD
1010
0.0
1020
0.0
1030
0.0
  0
LWPOLYLINE
  5
48B
330
482
100
AcDbEntity
  8
지진분리이음
 62
     5
100
AcDbPolyline
 90
        4
 70
     1
 43
0.0
 10
16.40385692081327
 20
25.42069967018688
 10
16.40385692077689
 20
31.79831005274536
 10
19.00096806930742
 20
31.79831005275902
 10
19.00096806933652
 20
25.42069967020143
  0
HATCH
  5
48C
330
482
100
AcDbEntity
  8
지진분리이음
 62
     5
100
AcDbHatch
 10
0.0
 20
0.0
 30
0.0
210
0.0
220
0.0
230
1.0
  2
ANSI31
 70
     0
 71
     0
 91
        1
 92
        1
 93
        4
 72
     1
 10
16.40385692081327
 20
101.5054724986075
 11
16.40385692077916
 21
107.8830828811659
 72
     1
 10
16.40385692077689
 20
107.883082881166
 11
19.00096806930696
 21
107.8830828811794
 72
     1
 10
19.00096806930742
 20
107.8830828811797
 11
19.00096806934152
 21
101.5054724986213
 72
     1
 10
19.00096806933652
 20
101.5054724986212
 11
16.40385692080644
 21
101.5054724986078
 97
        0
 75
     1
 76
     1
 52
90.00000000029483
 41
0.3
 77
     0
 78
     1
 53
135.0000000002948
 43
521.0105279689413
 44
-621.8603035757287
 45
-0.6735192090767203
 46
-0.6735192090836523
 79
     0
 98
        1
 10
521.0105279689413
 20
-621.8603035757287
1001
GradientColor1ACI
1070
     5
1001
GradientColor2ACI
1070
     2
1001
ACAD
1010
0.0
1020
0.0
1030
0.0
  0
LWPOLYLINE
  5
48D
330
482
100
AcDbEntity
  8
지진분리이음
 62
     5
100
AcDbPolyline
 90
        4
 70
     1
 43
0.0
 10
16.40385692081327
 20
101.5054724986075
 10
16.40385692077689
 20
107.883082881166
 10
19.00096806930742
 20
107.8830828811797
 10
19.00096806933652
 20
101.5054724986212
  0
HATCH
  5
48E
330
482
100
AcDbEntity
  8
지진분리이음
 62
     5
100
AcDbHatch
 10
0.0
 20
0.0
 30
0.0
210
0.0
220
0.0
230
1.0
  2
ANSI31
 70
     0
 71
     0
 91
        1
 92
        1
 93
        4
 72
     1
 10
10.02579407979647
 20
95.29039974087757
 11
10.02579407976236
 21
101.6680101234359
 72
     1
 10
10.02579407976373
 20
101.668010123436
 11
12.6229052282938
 21
101.6680101234494
 72
     1
 10
12.62290522829062
 20
101.6680101234497
 11
12.62290522832472
 21
95.29039974089128
 72
     1
 10
12.62290522831972
 20
95.29039974089121
 11
10.02579407978965
 21
95.2903997408778
 97
        0
 75
     1
 76
     1
 52
90.00000000029483
 41
0.3
 77
     0
 78
     1
 53
135.0000000002948
 43
514.6324651279319
 44
-628.0753763334587
 45
-0.6735192090767203
 46
-0.6735192090836523
 79
     0
 98
        1
 10
514.6324651279319
 20
-628.0753763334587
1001
GradientColor1ACI
1070
     5
1001
GradientColor2ACI
1070
     2
1001
ACAD
1010
0.0
1020
0.0
1030
0.0
  0
LWPOLYLINE
  5
48F
330
482
100
AcDbEntity
  8
지진분리이음
 62
     5
100
AcDbPolyline
 90
        4
 70
     1
 43
0.0
 10
10.02579407979647
 20
95.29039974087757
 10
10.02579407976373
 20
101.668010123436
 10
12.62290522829062
 20
101.6680101234497
 10
12.62290522831972
 20
95.29039974089121
  0
LINE
  5
490
330
482
100
AcDbEntity
  8
1
 62
     5
100
AcDbLine
 10
21.96080252829779
 20
94.37930320963095
 30
0.0
 11
24.09480484042797
 21
94.37930320963095
 31
0.0
  0
LWPOLYLINE
  5
491
330
482
100
AcDbEntity
  8
1
 62
     5
100
AcDbPolyline
 90
        2
 70
     1
 43
0.354375
 10
19.00096806932561
 20
99.53904452710141
 42
-1.0
 10
19.00096806932561
 20
100.602169527463
 42
-1.0
  0
TEXT
  5
492
330
482
100
AcDbEntity
  8
TEXT
 62
     5
100
AcDbText
 10
24.81750145903425
 20
92.82331776684623
 30
0.0
 40
2.999999999999998
  1
0.6m초과시
  7
1
 11
24.81750145903425
 21
94.32331776684623
 31
0.0
100
AcDbText
 73
     2
  0
LINE
  5
493
330
482
100
AcDbEntity
  8
1
 62
     5
100
AcDbLine
 10
19.00096806932561
 20
100.070607027269
 30
0.0
 11
21.96080252829779
 21
94.37930320963095
 31
0.0
  0
ARC
  5
494
330
482
100
AcDbEntity
  8
PIPE
100
AcDbCircle
 10
-16.72059866147174
 20
82.7200011543673
 30
-0.0000000000000084
 40
1.777777777778275
100
AcDbArc
 50
306.8698976551516
 51
53.13010234484828
  0
ARC
  5
495
330
482
100
AcDbEntity
  8
PIPE
100
AcDbCircle
 10
-14.58726532814035
 20
79.87555670992242
 30
-0.0000000000000084
 40
1.777777777777281
100
AcDbArc
 50
126.8698976551517
 51
233.1301023448483
  0
LWPOLYLINE
  5
496
102
{ACAD_REACTORS
330
497
102
}
330
482
100
AcDbEntity
  8
지진분리이음
100
AcDbPolyline
 90
        4
 70
     1
 43
0.0
 10
1.546971777817815
 20
102.3363263950941
 10
7.924582160369028
 20
102.3363263950941
 10
7.924582160369028
 20
99.73921524656724
 10
1.546971777817815
 20
99.73921524656724
  0
HATCH
  5
497
330
482
100
AcDbEntity
  8
지진분리이음
100
AcDbHatch
 10
0.0
 20
0.0
 30
0.0
210
0.0
220
0.0
230
1.0
  2
ANSI31
 70
     0
 71
     1
 91
        1
 92
        3
 72
     0
 73
     1
 93
        4
 10
1.546971777817815
 20
102.3363263950941
 10
1.546971777817815
 20
99.73921524656724
 10
7.924582160369028
 20
99.73921524656724
 10
7.924582160369028
 20
102.3363263950941
 97
        1
330
496
 75
     1
 76
     1
 52
0.0
 41
0.3
 77
     0
 78
     1
 53
44.99999999999998
 43
-721.8188042991167
 44
-402.2703446493168
 45
-0.6735192090801858
 46
0.6735192090801858
 79
     0
 98
        1
 10
-721.8188042991167
 20
-402.2703446493168
1001
GradientColor1ACI
1070
     5
1001
GradientColor2ACI
1070
     2
1001
ACAD
1010
0.0
1020
0.0
1030
0.0
  0
LWPOLYLINE
  5
498
102
{ACAD_REACTORS
330
499
102
}
330
482
100
AcDbEntity
  8
지진분리이음
100
AcDbPolyline
 90
        4
 70
     1
 43
0.0
 10
1.546971777817815
 20
79.62519534828789
 10
7.924582160369028
 20
79.62519534828789
 10
7.924582160369028
 20
77.028084199761
 10
1.546971777817815
 20
77.028084199761
  0
HATCH
  5
499
330
482
100
AcDbEntity
  8
지진분리이음
100
AcDbHatch
 10
0.0
 20
0.0
 30
0.0
210
0.0
220
0.0
230
1.0
  2
ANSI31
 70
     0
 71
     1
 91
        1
 92
        3
 72
     0
 73
     1
 93
        4
 10
1.546971777817815
 20
79.62519534828789
 10
1.546971777817815
 20
77.028084199761
 10
7.924582160369028
 20
77.028084199761
 10
7.924582160369028
 20
79.62519534828789
 97
        1
330
498
 75
     1
 76
     1
 52
0.0
 41
0.3
 77
     0
 78
     1
 53
44.99999999999998
 43
-721.8188042991167
 44
-424.9814756961241
 45
-0.6735192090801858
 46
0.6735192090801858
 79
     0
 98
        1
 10
-721.8188042991167
 20
-424.9814756961241
1001
GradientColor1ACI
1070
     5
1001
GradientColor2ACI
1070
     2
1001
ACAD
1010
0.0
1020
0.0
1030
0.0
  0
LWPOLYLINE
  5
49A
330
482
100
AcDbEntity
  8
1
100
AcDbPolyline
 90
        2
 70
     1
 43
0.354375
 10
17.83076976561278
 20
141.8740389286558
 42
-1.0
 10
17.83076976561278
 20
142.9371639290193
 42
-1.0
  0
TEXT
  5
49B
330
482
100
AcDbEntity
  8
TEXT
100
AcDbText
 10
21.01466896845523
 20
140.9056014288235
 30
0.0
 40
2.999999999999998
  1
Ø80W.H.C
  7
1
 11
21.01466896845523
 21
142.4056014288235
 31
0.0
100
AcDbText
 73
     2
  0
LINE
  5
49C
330
482
100
AcDbEntity
  8
1
100
AcDbLine
 10
17.83076976561278
 20
142.4056014288235
 30
0.0
 11
21.01466896845523
 21
142.4056014288235
 31
0.0
  0
TEXT
  5
49D
330
482
100
AcDbEntity
  8
TEXT
100
AcDbText
 10
22.38014434541401
 20
-10.37998355509626
 30
0.0
 40
2.999999999999998
  1
(기타동일)
  7
1
 11
22.38014434541401
 21
-8.879983555096258
 31
0.0
100
AcDbText
 73
     2
  0
LINE
  5
49E
330
482
100
AcDbEntity
  8
PIPE
  6
Continuous
100
AcDbLine
 10
4.735776969322613
 20
111.5066760459067
 30
0.0
 11
4.735776969322613
 21
119.6909568121973
 31
0.0
  0
INSERT
  5
49F
330
482
100
AcDbEntity
  8
BRACE_4방향
100
AcDbBlockReference
  2
A$C00AB62C4
 10
14.64410375487932
 20
123.0542128235138
 30
0.0
  0
TEXT
  5
4AD
330
482
100
AcDbEntity
  8
TEXT
100
AcDbText
 10
25.23507257815072
 20
130.3951200640804
 30
0.0
 40
2.999999999999998
  1
4방향버팀대
  7
1
 11
25.23507257815072
 21
131.8951200640804
 31
0.0
100
AcDbText
 73
     2
  0
LWPOLYLINE
  5
4AE
330
482
100
AcDbEntity
  8
1
100
AcDbPolyline
 90
        2
 70
     1
 43
0.354375
 10
18.31198227771165
 20
127.9954174289678
 42
-1.0
 10
18.31198227771165
 20
129.0585424293294
 42
-1.0
  0
TEXT
  5
4AF
330
482
100
AcDbEntity
  8
TEXT
100
AcDbText
 10
25.23507257815072
 20
134.6810697074534
 30
0.0
 40
2.999999999999998
  1
벽체고정형 입상용
  7
1
 11
25.23507257815072
 21
136.1810697074534
 31
0.0
100
AcDbText
 73
     2
  0
LINE
  5
4B0
330
482
100
AcDbEntity
  8
1
100
AcDbLine
 10
18.31198227772256
 20
128.52697992914
 30
0.0
 11
22.81109438944986
 21
136.3196706955959
 31
0.0
  0
LINE
  5
4B1
330
482
100
AcDbEntity
  8
PIPE
  6
Continuous
100
AcDbLine
 10
4.735776969322613
 20
148.8296958104474
 30
0.0
 11
4.735776969322613
 21
145.2011975620862
 31
0.0
  0
INSERT
  5
4B2
330
482
100
AcDbEntity
  8
SYM
100
AcDbBlockReference
  2
A$C2323
 10
0.176736767480179
 20
122.14503042885
 30
0.0
 41
-0.0263938498717767
 42
0.026393849868543
 43
0.02639385
1001
AEC_XDATA_BOUND_SPACE
1070
   100
1070
     1
  0
LINE
  5
4BE
330
482
100
AcDbEntity
  8
SYM
100
AcDbLine
 10
-1.639055327905225
 20
117.1567539914358
 30
0.0000000000418057
 11
-0.319055328523973
 21
117.1567539914358
 31
0.0000000000418057
  0
LINE
  5
4BF
330
482
100
AcDbEntity
  8
SYM
100
AcDbLine
 10
-2.215800876158026
 20
116.6167539913949
 30
0.0000000000418057
 11
-2.215800876158026
 21
115.2967539915626
 31
0.0000000000418057
  0
LINE
  5
4C0
330
482
100
AcDbEntity
  8
SYM
100
AcDbLine
 10
-20.44589767036814
 20
114.7567539915571
 30
0.0000000000418057
 11
-21.76589766973848
 21
114.7567539915571
 31
0.0000000000418057
  0
LINE
  5
4C1
330
482
100
AcDbEntity
  8
SYM
100
AcDbLine
 10
-19.90589767034908
 20
116.5800084427101
 30
0.0000000000418057
 11
-19.90589767034908
 21
115.2600084428522
 31
0.0000000000418057
  0
LINE
  5
4C2
330
482
100
AcDbEntity
  8
SYM
100
AcDbLine
 10
-20.44589767036814
 20
117.1567539914358
 30
0.0000000000418057
 11
-21.76589766973848
 21
117.1567539914358
 31
0.0000000000418057
  0
LINE
  5
4C3
330
482
100
AcDbEntity
  8
PIPE
  6
Continuous
100
AcDbLine
 10
-1.015800876935826
 20
122.2471363266777
 30
0.0
 11
-1.015800876935826
 21
115.9567539912432
 31
0.0
  0
LINE
  5
4C4
330
482
100
AcDbEntity
  8
PIPE
100
AcDbLine
 10
-1.015800876935826
 20
115.9567539912432
 30
0.0
 11
-21.10589767007332
 21
115.9567539912432
 31
0.0
  0
INSERT
  5
4C5
330
482
100
AcDbEntity
  8
SYM
100
AcDbBlockReference
  2
방향
 10
4.735776969322613
 20
135.4232712072517
 30
0.0
 41
0.0066666668280959
 42
0.0066666668280959
 43
0.0066666668280959
  0
LINE
  5
4CD
330
482
100
AcDbEntity
  8
PIPE
  6
Continuous
100
AcDbLine
 10
4.735776969322613
 20
137.8850590887732
 30
0.0
 11
4.735776969322613
 21
127.0467930899085
 31
0.0
  0
TEXT
  5
4CE
330
482
100
AcDbEntity
  8
TEXT
100
AcDbText
 10
6.227635856703888
 20
139.4587875203619
 30
0.0
 40
2.999999999999998
  1
SP
 50
90.0
  7
1
 72
     4
 11
4.735776969322613
 21
142.1290724593036
 31
0.0
100
AcDbText
  0
LINE
  5
4CF
330
482
100
AcDbEntity
  8
PIPE
100
AcDbLine
 10
1.057858830408804
 20
123.3688749509674
 30
0.0
 11
0.1059377473793575
 21
123.3688749509674
 31
0.0
  0
HATCH
  5
4D0
330
482
100
AcDbEntity
  8
PIPE
 62
     1
100
AcDbHatch
 10
0.0
 20
0.0
 30
0.0
210
0.0
220
0.0
230
1.0
  2
ANSI31
 70
     0
 71
     1
 91
        1
 92
        3
 72
     0
 73
     1
 93
        3
 10
1.550606427790626
 20
121.5299158815378
 10
4.735776969322613
 20
127.0467930899085
 10
8.049035722928236
 20
121.5299158815378
 97
        1
330
4D1
 75
     1
 76
     1
 52
0.0
 41
0.1
 77
     0
 78
     1
 53
44.99999999999998
 43
-25583.54728074127
 44
15600.24217002204
 45
-0.2245064030267288
 46
0.2245064030267284
 79
     0
 98
        1
 10
-25583.54728074127
 20
15600.24217002204
1001
GradientColor1ACI
1070
     5
1001
GradientColor2ACI
1070
     2
1001
ACAD
1010
0.0
1020
0.0
1030
0.0
  0
LWPOLYLINE
  5
4D1
102
{ACAD_REACTORS
330
4D0
102
}
330
482
100
AcDbEntity
  8
PIPE
100
AcDbPolyline
 90
        4
 70
     0
 43
0.0
 10
8.049035722928236
 20
121.5299158815378
 10
4.735776969322613
 20
127.0467930899085
 10
1.550606427790626
 20
121.5299158815378
 10
8.049035722928236
 20
121.5299158815378
  0
CIRCLE
  5
4D2
330
482
100
AcDbEntity
  8
PIPE
100
AcDbCircle
 10
4.735776969322613
 20
123.3688749509674
 30
0.0
 40
3.677918138771006
  0
INSERT
  5
4D3
330
482
100
AcDbEntity
  8
SYM
100
AcDbBlockReference
  2
W.H.C
 10
14.64410411293284
 20
138.8506668899572
 30
-0.0000000000001704
 41
3.379199999999116
 42
3.379199999999116
 43
3.379199999999116
  0
LINE
  5
4FA
330
482
100
AcDbEntity
  8
SYM
100
AcDbLine
 10
4.075776969653816
 20
99.67920493232853
 30
0.0000000000418057
 11
5.395776968987775
 21
99.67920493232853
 31
0.0000000000418057
  0
LINE
  5
4FB
330
482
100
AcDbEntity
  8
SYM
100
AcDbLine
 10
5.935776969039579
 20
99.10245938407387
 30
0.0000000000418057
 11
5.935776969039579
 21
97.78245938377859
 31
0.0000000000418057
  0
LINE
  5
4FC
330
482
100
AcDbEntity
  8
SYM
100
AcDbLine
 10
15.30410375455176
 20
97.27920493242343
 30
0.0000000000418057
 11
13.98410375517051
 21
97.27920493242343
 31
0.0000000000418057
  0
LINE
  5
4FD
330
482
100
AcDbEntity
  8
SYM
100
AcDbLine
 10
13.44410375466395
 20
97.85595048117466
 30
0.0000000000418057
 11
13.44410375466395
 21
99.17595048057044
 31
0.0000000000418057
  0
LINE
  5
4FE
330
482
100
AcDbEntity
  8
SYM
100
AcDbLine
 10
15.30410375455176
 20
99.67920493232853
 30
0.0000000000418057
 11
13.98410375517051
 21
99.67920493232853
 31
0.0000000000418057
  0
LINE
  5
4FF
330
482
100
AcDbEntity
  8
PIPE
100
AcDbLine
 10
4.735776969322613
 20
98.47920493217134
 30
0.0
 11
14.64410375488296
 21
98.47920493217134
 31
0.0
  0
LINE
  5
500
330
482
100
AcDbEntity
  8
PIPE
  6
Continuous
100
AcDbLine
 10
4.735776969322613
 20
106.1941760459112
 30
0.0
 11
4.735776969322613
 21
98.47920493217134
 31
0.0
  0
LINE
  5
501
330
482
100
AcDbEntity
  8
SYM
100
AcDbLine
 10
3.173276969308062
 20
111.5066760459067
 30
0.0
 11
6.298276969326252
 21
106.1941760459112
 31
0.0
  0
LINE
  5
502
330
482
100
AcDbEntity
  8
SYM
100
AcDbLine
 10
3.173276969308062
 20
106.1941760459112
 30
0.0
 11
6.298276969326252
 21
111.5066760459067
 31
0.0
  0
LINE
  5
503
330
482
100
AcDbEntity
  8
SYM
100
AcDbLine
 10
6.610776969322613
 20
111.5066760459067
 30
0.0
 11
2.860776969322613
 21
111.5066760459067
 31
0.0
  0
LINE
  5
504
330
482
100
AcDbEntity
  8
SYM
100
AcDbLine
 10
6.610776969322613
 20
106.1941760459112
 30
0.0
 11
2.860776969322613
 21
106.1941760459112
 31
0.0
  0
TEXT
  5
505
330
482
100
AcDbEntity
  8
TEXT
100
AcDbText
 10
-49.6014641853104
 20
94.78592363651371
 30
0.0
 40
2.999999999999998
  1
죠닝최상층
  7
1
 72
     4
 11
-39.18084003334298
 21
96.27167668943094
 31
0.0
100
AcDbText
  0
LWPOLYLINE
  5
506
330
482
100
AcDbEntity
  8
PIPE
100
AcDbPolyline
 90
        4
 70
     1
 43
0.0
 10
-50.41309587490832
 20
98.49580807106304
 10
-28.83155208883909
 20
98.49580807106304
 10
-28.83155208883909
 20
94.04754530829359
 10
-50.41309587490832
 20
94.04754530829359
  0
TEXT
  5
507
330
482
100
AcDbEntity
  8
TEXT
100
AcDbText
 10
-45.81345917009364
 20
18.68893913916493
 30
0.0
 40
2.999999999999998
  1
기준층
  7
1
 72
     4
 11
-39.56108467891318
 21
20.18690386101025
 31
0.0
100
AcDbText
  0
LWPOLYLINE
  5
508
330
482
100
AcDbEntity
  8
PIPE
100
AcDbPolyline
 90
        4
 70
     1
 43
0.0
 10
-48.21555410547808
 20
22.41103524264326
 10
-33.02691309425063
 20
22.41103524264326
 10
-33.02691309425063
 20
17.96277247987291
 10
-48.21555410547808
 20
17.96277247987291
  0
LINE
  5
509
330
482
100
AcDbEntity
  8
1
100
AcDbLine
 10
19.52344541468119
 20
-4.087348217388353
 30
0.0
 11
21.65744772681137
 21
-4.087348217388353
 31
0.0
  0
LWPOLYLINE
  5
50A
102
{ACAD_REACTORS
330
50B
102
}
330
482
100
AcDbEntity
  8
지진분리이음
100
AcDbPolyline
 90
        4
 70
     1
 43
0.0
 10
1.546971777817815
 20
26.25155356667256
 10
7.924582160369028
 20
26.25155356667256
 10
7.924582160369028
 20
23.65444241814657
 10
1.546971777817815
 20
23.65444241814657
  0
HATCH
  5
50B
330
482
100
AcDbEntity
  8
지진분리이음
100
AcDbHatch
 10
0.0
 20
0.0
 30
0.0
210
0.0
220
0.0
230
1.0
  2
ANSI31
 70
     0
 71
     1
 91
        1
 92
        3
 72
     0
 73
     1
 93
        4
 10
1.546971777817815
 20
26.25155356667256
 10
1.546971777817815
 20
23.65444241814657
 10
7.924582160369028
 20
23.65444241814657
 10
7.924582160369028
 20
26.25155356667256
 97
        1
330
50A
 75
     1
 76
     1
 52
0.0
 41
0.3
 77
     0
 78
     1
 53
44.99999999999998
 43
-721.8188042991167
 44
-478.3551174777376
 45
-0.6735192090801858
 46
0.6735192090801858
 79
     0
 98
        1
 10
-721.8188042991167
 20
-478.3551174777376
1001
GradientColor1ACI
1070
     5
1001
GradientColor2ACI
1070
     2
1001
ACAD
1010
0.0
1020
0.0
1030
0.0
  0
INSERT
  5
50C
330
482
100
AcDbEntity
  8
pit층고
 62
     1
100
AcDbBlockReference
  2
DIMDOT
 10
6.588051341906973
 20
4.070451359228171
 30
0.0
 41
0.5000000000000009
 42
0.5000000000000009
 43
0.5000000000000009
 50
90.0
  0
LINE
  5
516
330
482
100
AcDbEntity
  8
pit층고
 62
     1
100
AcDbLine
 10
11.45529856360008
 20
4.070451359228171
 30
0.0
 11
6.588051339636875
 21
4.070451359228171
 31
0.0
  0
INSERT
  5
517
330
482
100
AcDbEntity
  8
pit층고
 62
     1
100
AcDbBlockReference
  2
DIMDOT
 10
6.588051341906973
 20
4.070451359228171
 30
0.0
 41
0.5
 42
0.5
 43
0.5
 50
270.0
  0
LINE
  5
518
330
482
100
AcDbEntity
  8
pit층고
 62
     1
100
AcDbLine
 10
10.58805134190697
 20
4.070451359228171
 30
0.0
 11
5.588051341906973
 21
4.070451359228171
 31
0.0
  0
LINE
  5
519
330
482
100
AcDbEntity
  8
pit층고
 62
     1
100
AcDbLine
 10
6.588051339724187
 20
10.42517253293681
 30
0.0
 11
6.588051339724187
 21
4.070451359228171
 31
0.0
  0
TEXT
  5
51A
330
482
100
AcDbEntity
  8
pit층고
 62
     1
100
AcDbText
 10
5.177603578471949
 20
1.629148521833024
 30
-0.0000000021630325
 40
3.000000000000001
  1
600이내
 50
90.0
 41
0.8
  7
1
 72
     4
 11
3.588051339665979
 21
7.879894790489743
 31
-0.0000000021630325
100
AcDbText
  0
INSERT
  5
51B
330
482
100
AcDbEntity
  8
pit층고
 62
     1
100
AcDbBlockReference
  2
DIMDOT
 10
6.588051339724187
 20
10.42517253293681
 30
0.0
 41
0.5000000000000009
 42
0.5000000000000009
 43
0.5000000000000009
 50
90.0
  0
LINE
  5
51C
330
482
100
AcDbEntity
  8
pit층고
 62
     1
100
AcDbLine
 10
11.45529856360008
 20
10.42517253293681
 30
0.0
 11
5.588051339724189
 21
10.42517253293681
 31
0.0
  0
INSERT
  5
51D
330
482
100
AcDbEntity
  8
pit층고
 62
     1
100
AcDbBlockReference
  2
DIMDOT
 10
1.653576602311659
 20
15.11267253293681
 30
0.0
 41
0.5000000000000009
 42
0.5000000000000009
 43
0.5000000000000009
 50
90.0
  0
LINE
  5
51E
330
482
100
AcDbEntity
  8
pit층고
 62
     1
100
AcDbLine
 10
11.53289515200959
 20
15.11267253293681
 30
0.0
 11
1.653576600045198
 21
15.11267253293681
 31
0.0
  0
INSERT
  5
51F
330
482
100
AcDbEntity
  8
pit층고
 62
     1
100
AcDbBlockReference
  2
DIMDOT
 10
1.653576602311659
 20
15.11267253293681
 30
0.0
 41
0.5
 42
0.5
 43
0.5
 50
270.0
  0
LINE
  5
520
330
482
100
AcDbEntity
  8
pit층고
 62
     1
100
AcDbLine
 10
5.653576602311658
 20
15.11267253293681
 30
0.0
 11
0.6535766023116594
 21
15.11267253293681
 31
0.0
  0
LINE
  5
521
330
482
100
AcDbEntity
  8
pit층고
 62
     1
100
AcDbLine
 10
1.65357660013251
 20
19.89587652974023
 30
0.0
 11
1.65357660013251
 21
15.11267253293681
 31
0.0
  0
TEXT
  5
522
330
482
100
AcDbEntity
  8
pit층고
 62
     1
100
AcDbText
 10
0.243128838880273
 20
11.09985251863644
 30
-0.0000000021630325
 40
3.000000000000001
  1
300이내
 50
90.0
 41
0.8
  7
1
 72
     4
 11
-1.346423399925697
 21
17.35059878729316
 31
-0.0000000021630325
100
AcDbText
  0
INSERT
  5
523
330
482
100
AcDbEntity
  8
pit층고
 62
     1
100
AcDbBlockReference
  2
DIMDOT
 10
1.65357660013251
 20
19.89587652974023
 30
0.0
 41
0.5000000000000009
 42
0.5000000000000009
 43
0.5000000000000009
 50
90.0
  0
LINE
  5
524
330
482
100
AcDbEntity
  8
pit층고
 62
     1
100
AcDbLine
 10
11.45529856360008
 20
19.89587652974023
 30
0.0
 11
0.6535766001325101
 21
19.89587652974023
 31
0.0
  0
HATCH
  5
525
330
482
100
AcDbEntity
  8
BRACE_4방향
100
AcDbHatch
 10
0.0
 20
0.0
 30
0.0
210
0.0
220
0.0
230
1.0
  2
ANSI31
 70
     0
 71
     0
 91
        1
 92
        1
 93
        4
 72
     1
 10
11.45529856360008
 20
97.27920493242343
 11
17.83290894615879
 21
97.27920493242343
 72
     1
 10
17.83290894615857
 20
97.27920493242343
 11
17.83290894615857
 21
94.68209378389657
 72
     1
 10
17.83290894615857
 20
94.68209378389657
 11
11.45529856359985
 21
94.68209378389657
 72
     1
 10
11.45529856360008
 20
94.68209378389657
 11
11.45529856360008
 21
97.27920493242343
 97
        0
 75
     1
 76
     1
 52
0.0
 41
0.3
 77
     0
 78
     1
 53
44.99999999999998
 43
-711.9104775133346
 44
-407.3274661119885
 45
-0.6735192090801858
 46
0.6735192090801858
 79
     0
 98
        1
 10
-711.9104775133346
 20
-407.3274661119885
1001
GradientColor1ACI
1070
     5
1001
GradientColor2ACI
1070
     2
1001
ACAD
1010
0.0
1020
0.0
1030
0.0
  0
LWPOLYLINE
  5
526
330
482
100
AcDbEntity
  8
지진분리이음
100
AcDbPolyline
 90
        4
 70
     1
 43
0.0
 10
11.45529856360008
 20
97.27920493242343
 10
17.83290894615857
 20
97.27920493242343
 10
17.83290894615857
 20
94.68209378389657
 10
11.45529856360008
 20
94.68209378389657
  0
LWPOLYLINE
  5
527
330
482
100
AcDbEntity
  8
1
100
AcDbPolyline
 90
        2
 70
     1
 43
0.354375
 10
16.56361095571265
 20
1.07239310008208
 42
-1.0
 10
16.56361095571265
 20
2.135518100443731
 42
-1.0
  0
TEXT
  5
528
330
482
100
AcDbEntity
  8
TEXT
100
AcDbText
 10
22.38014434541401
 20
-5.643333660173083
 30
0.0
 40
2.999999999999998
  1
지진분리이음
  7
1
 11
22.38014434541401
 21
-4.143333660173084
 31
0.0
100
AcDbText
 73
     2
  0
LINE
  5
529
330
482
100
AcDbEntity
  8
1
100
AcDbLine
 10
16.56361095571265
 20
1.603955600249719
 30
0.0
 11
19.52344541468119
 21
-4.087348217388353
 31
0.0
  0
HATCH
  5
52A
330
482
100
AcDbEntity
  8
지진분리이음
100
AcDbHatch
 10
0.0
 20
0.0
 30
0.0
210
0.0
220
0.0
230
1.0
  2
ANSI31
 70
     0
 71
     0
 91
        1
 92
        1
 93
        4
 72
     1
 10
11.45529856360008
 20
21.19443210400368
 11
17.83290894615879
 21
21.19443210400368
 72
     1
 10
17.83290894615857
 20
21.19443210400368
 11
17.83290894615857
 21
18.59732095547679
 72
     1
 10
17.83290894615857
 20
18.59732095547679
 11
11.45529856359985
 21
18.59732095547679
 72
     1
 10
11.45529856360008
 20
18.59732095547679
 11
11.45529856360008
 21
21.19443210400368
 97
        0
 75
     1
 76
     1
 52
0.0
 41
0.3
 77
     0
 78
     1
 53
44.99999999999998
 43
-711.9104775133346
 44
-483.4122389404074
 45
-0.6735192090801858
 46
0.6735192090801858
 79
     0
 98
        1
 10
-711.9104775133346
 20
-483.4122389404074
1001
GradientColor1ACI
1070
     5
1001
GradientColor2ACI
1070
     2
1001
ACAD
1010
0.0
1020
0.0
1030
0.0
  0
LWPOLYLINE
  5
52B
330
482
100
AcDbEntity
  8
지진분리이음
100
AcDbPolyline
 90
        4
 70
     1
 43
0.0
 10
11.45529856360008
 20
21.19443210400368
 10
17.83290894615857
 20
21.19443210400368
 10
17.83290894615857
 20
18.59732095547679
 10
11.45529856360008
 20
18.59732095547679
  0
LWPOLYLINE
  5
52C
102
{ACAD_REACTORS
330
52D
102
}
330
482
100
AcDbEntity
  8
지진분리이음
100
AcDbPolyline
 90
        4
 70
     1
 43
0.0
 10
11.45529856360008
 20
81.4537797619123
 10
17.83290894615857
 20
81.4537797619123
 10
17.83290894615857
 20
78.85666861338541
 10
11.45529856360008
 20
78.85666861338541
  0
HATCH
  5
52D
330
482
100
AcDbEntity
  8
지진분리이음
100
AcDbHatch
 10
0.0
 20
0.0
 30
0.0
210
0.0
220
0.0
230
1.0
  2
ANSI31
 70
     0
 71
     1
 91
        1
 92
        3
 72
     0
 73
     1
 93
        4
 10
11.45529856360008
 20
81.4537797619123
 10
11.45529856360008
 20
78.85666861338541
 10
17.83290894615857
 20
78.85666861338541
 10
17.83290894615857
 20
81.4537797619123
 97
        1
330
52C
 75
     1
 76
     1
 52
0.0
 41
0.3
 77
     0
 78
     1
 53
44.99999999999998
 43
-711.9104775133346
 44
-423.1528912824987
 45
-0.6735192090801858
 46
0.6735192090801858
 79
     0
 98
        1
 10
-711.9104775133346
 20
-423.1528912824987
1001
GradientColor1ACI
1070
     5
1001
GradientColor2ACI
1070
     2
1001
ACAD
1010
0.0
1020
0.0
1030
0.0
  0
LWPOLYLINE
  5
52E
102
{ACAD_REACTORS
330
52F
102
}
330
482
100
AcDbEntity
  8
지진분리이음
100
AcDbPolyline
 90
        4
 70
     1
 43
0.0
 10
11.45529856360008
 20
5.369006933491618
 10
17.83290894615857
 20
5.369006933491618
 10
17.83290894615857
 20
2.771895784964725
 10
11.45529856360008
 20
2.771895784964725
  0
HATCH
  5
52F
330
482
100
AcDbEntity
  8
지진분리이음
100
AcDbHatch
 10
0.0
 20
0.0
 30
0.0
210
0.0
220
0.0
230
1.0
  2
ANSI31
 70
     0
 71
     1
 91
        1
 92
        3
 72
     0
 73
     1
 93
        4
 10
11.45529856360008
 20
5.369006933491618
 10
11.45529856360008
 20
2.771895784964725
 10
17.83290894615857
 20
2.771895784964725
 10
17.83290894615857
 20
5.369006933491618
 97
        1
330
52E
 75
     1
 76
     1
 52
0.0
 41
0.3
 77
     0
 78
     1
 53
44.99999999999998
 43
-711.9104775133346
 44
-499.2376641109195
 45
-0.6735192090801858
 46
0.6735192090801858
 79
     0
 98
        1
 10
-711.9104775133346
 20
-499.2376641109195
1001
GradientColor1ACI
1070
     5
1001
GradientColor2ACI
1070
     2
1001
ACAD
1010
0.0
1020
0.0
1030
0.0
  0
LINE
  5
530
330
482
100
AcDbEntity
  8
PIPE
100
AcDbLine
 10
-15.65393199478421
 20
81.29777893216033
 30
-0.0000000000000084
 11
4.735776969322613
 21
81.29777893206483
 31
0.0
  0
ARC
  5
531
330
482
100
AcDbEntity
  8
SYM
100
AcDbCircle
 10
4.735776969322613
 20
81.29777893206483
 30
0.0
 40
1.200000000002438
100
AcDbArc
 50
225.000000000078
 51
134.999999999922
  0
LINE
  5
532
330
482
100
AcDbEntity
  8
SYM
100
AcDbLine
 10
3.855776968965073
 20
79.69777893246281
 30
0.0
 11
5.615776969214492
 21
79.69777893246281
 31
0.0
  0
LINE
  5
533
330
482
100
AcDbEntity
  8
SYM
100
AcDbLine
 10
3.135776969244033
 20
80.41777893217295
 30
0.0
 11
3.135776969244033
 21
82.1777789324442
 31
0.0
  0
LINE
  5
534
330
482
100
AcDbEntity
  8
PIPE
  6
Continuous
100
AcDbLine
 10
-21.10589767007332
 20
148.8296958104474
 30
0.0
 11
-21.10589767007332
 21
87.95732393436356
 31
0.0
  0
LWPOLYLINE
  5
535
330
482
100
AcDbEntity
  8
1
100
AcDbPolyline
 90
        2
 70
     1
 43
0.354375
 10
14.64410375488296
 20
38.34258985649194
 42
-1.0
 10
14.64410375488296
 20
39.4057148568545
 42
-1.0
  0
TEXT
  5
536
330
482
100
AcDbEntity
  8
TEXT
100
AcDbText
 10
17.82800295772176
 20
37.37415235665958
 30
0.0
 40
2.999999999999998
  1
100
  7
1
 11
17.82800295772176
 21
38.87415235665958
 31
0.0
100
AcDbText
 73
     2
  0
LINE
  5
537
330
482
100
AcDbEntity
  8
1
100
AcDbLine
 10
14.64410375488296
 20
38.87415235665958
 30
0.0
 11
17.82800295772176
 21
38.87415235665958
 31
0.0
  0
TEXT
  5
538
330
482
100
AcDbEntity
  8
TEXT
100
AcDbText
 10
22.65403398320268
 20
48.86522029426214
 30
0.0
 40
2.999999999999998
  1
알람밸브
  7
1
 11
22.65403398320268
 21
50.36522029426214
 31
0.0
100
AcDbText
 73
     2
  0
SOLID
  5
539
330
482
100
AcDbEntity
  8
DIM
100
AcDbTrace
 10
13.15825757393395
 20
50.92772029426214
 30
0.0000000000000366
 11
9.783257574381424
 21
50.36522029426214
 31
0.0000000000000366
 12
13.15825757393395
 22
49.80272029426214
 32
0.0000000000000366
 13
13.15825757393395
 23
49.80272029426214
 33
0.0000000000000366
1001
ACAD
1000
DSTYLE
1002
{
1070
    77
1070
     0
1070
     5
1000

1002
}
  0
LINE
  5
53A
330
482
100
AcDbEntity
  8
1
100
AcDbLine
 10
22.51367756222681
 20
50.36522029426214
 30
0.0
 11
9.783257574381424
 21
50.36522029426214
 31
0.0
  0
INSERT
  5
53B
330
482
100
AcDbEntity
  8
SYM
100
AcDbBlockReference
  2
A$C2323
 10
0.176736767480179
 20
49.16908847489139
 30
0.0
 41
-0.0263938498717767
 42
0.026393849868543
 43
0.02639385
1001
AEC_XDATA_BOUND_SPACE
1070
   100
1070
     1
  0
LINE
  5
53C
330
482
100
AcDbEntity
  8
SYM
100
AcDbLine
 10
-1.639055327905225
 20
44.18081203747806
 30
0.0000000000418057
 11
-0.319055328523973
 21
44.18081203747806
 31
0.0000000000418057
  0
LINE
  5
53D
330
482
100
AcDbEntity
  8
SYM
100
AcDbLine
 10
-2.215800876158026
 20
43.64081203743717
 30
0.0000000000418057
 11
-2.215800876158026
 21
42.32081203760481
 31
0.0000000000418057
  0
TEXT
  5
53E
330
482
100
AcDbEntity
  8
TEXT
100
AcDbText
 10
-11.10808505045741
 20
33.53185013700006
 30
0.0
 40
2.999999999999998
  1
AV
  7
1
 72
     4
 11
-8.464258727526612
 21
35.02981485884538
 31
0.0
100
AcDbText
  0
LWPOLYLINE
  5
53F
330
482
100
AcDbEntity
  8
PIPE
100
AcDbPolyline
 90
        4
 70
     1
 43
0.0
 10
-13.33905859422521
 20
37.25394624047931
 10
-3.589458860835292
 20
37.25394624047931
 10
-3.589458860835292
 20
32.80568347770986
 10
-13.33905859422521
 20
32.80568347770986
  0
TEXT
  5
540
330
482
100
AcDbEntity
  8
TEXT
100
AcDbText
 10
-46.17810514198994
 20
43.65875945305329
 30
0.0
 40
2.999999999999998
  1
세대
  7
1
 72
     4
 11
-42.00985548120296
 21
45.23610002293117
 31
0.0
100
AcDbText
  0
LWPOLYLINE
  5
541
330
482
100
AcDbEntity
  8
PIPE
100
AcDbPolyline
 90
        4
 70
     1
 43
0.0
 10
-46.88465534790156
 20
47.46023140456509
 10
-37.13505561451166
 20
47.46023140456509
 10
-37.13505561451166
 20
43.01196864179565
 10
-46.88465534790156
 20
43.01196864179565
  0
LINE
  5
542
330
482
100
AcDbEntity
  8
SYM
100
AcDbLine
 10
-20.44589767036814
 20
41.78081203759846
 30
0.0000000000418057
 11
-21.76589766973848
 21
41.78081203759846
 31
0.0000000000418057
  0
LINE
  5
543
330
482
100
AcDbEntity
  8
SYM
100
AcDbLine
 10
-19.90589767034908
 20
43.60406648875231
 30
0.0000000000418057
 11
-19.90589767034908
 21
42.28406648889449
 31
0.0000000000418057
  0
LINE
  5
544
330
482
100
AcDbEntity
  8
SYM
100
AcDbLine
 10
-20.44589767036814
 20
44.18081203747806
 30
0.0000000000418057
 11
-21.76589766973848
 21
44.18081203747806
 31
0.0000000000418057
  0
LINE
  5
545
330
482
100
AcDbEntity
  8
PIPE
  6
Continuous
100
AcDbLine
 10
-1.015800876935826
 20
49.27119437271993
 30
0.0
 11
-1.015800876935826
 21
42.98081203728543
 31
0.0
  0
LINE
  5
546
330
482
100
AcDbEntity
  8
PIPE
100
AcDbLine
 10
-1.015800876935826
 20
42.98081203728543
 30
0.0
 11
-21.10589767007332
 21
42.98081203728543
 31
0.0
  0
INSERT
  5
547
330
482
100
AcDbEntity
  8
SYM
100
AcDbBlockReference
  2
방향
 10
4.735776969322613
 20
61.90304804910646
 30
0.0
 41
0.0066666668280959
 42
0.0066666668280959
 43
0.0066666668280959
  0
LINE
  5
548
330
482
100
AcDbEntity
  8
PIPE
  6
Continuous
100
AcDbLine
 10
4.735776969322613
 20
46.71501485855879
 30
0.0
 11
4.735776969322613
 21
38.53073409194804
 31
0.0
  0
LINE
  5
549
330
482
100
AcDbEntity
  8
PIPE
  6
Continuous
100
AcDbLine
 10
4.735776969318976
 20
62.43590274151483
 30
0.0
 11
4.735776969322613
 21
54.07085113594985
 31
0.0
  0
LINE
  5
54A
330
482
100
AcDbEntity
  8
PIPE
  6
Continuous
100
AcDbLine
 10
14.64410375488296
 20
67.2295835236182
 30
0.0
 11
14.64410375488296
 21
0.0
 31
0.0
  0
INSERT
  5
54B
330
482
100
AcDbEntity
  8
SYM
100
AcDbBlockReference
  2
방향
 10
14.64410375487932
 20
49.15692169139856
 30
0.0
 41
0.0066666668280959
 42
0.0066666668280959
 43
0.0066666668280959
  0
TEXT
  5
54C
330
482
100
AcDbEntity
  8
TEXT
100
AcDbText
 10
6.227635856700251
 20
62.9621263842878
 30
0.0
 40
2.999999999999998
  1
SP
 50
90.0
  7
1
 72
     4
 11
4.735776969318976
 21
65.63241132322946
 31
0.0
100
AcDbText
  0
TEXT
  5
54D
330
482
100
AcDbEntity
  8
TEXT
100
AcDbText
 10
16.13596264226423
 20
67.62961992080652
 30
0.0
 40
2.999999999999998
  1
H&SP
 50
90.0
  7
1
 72
     4
 11
14.64410375488296
 21
73.28362263451072
 31
0.0
100
AcDbText
  0
LINE
  5
54E
330
482
100
AcDbEntity
  8
PIPE
100
AcDbLine
 10
1.057858830408804
 20
50.39293299700966
 30
0.0
 11
0.1059377473793575
 21
50.39293299700966
 31
0.0
  0
LINE
  5
54F
330
482
100
AcDbEntity
  8
SYM
100
AcDbLine
 10
4.075776969653816
 20
23.59443210390782
 30
0.0000000000418057
 11
5.395776968987775
 21
23.59443210390782
 31
0.0000000000418057
  0
LINE
  5
550
330
482
100
AcDbEntity
  8
SYM
100
AcDbLine
 10
5.935776969039579
 20
23.0176865556532
 30
0.0000000000418057
 11
5.935776969039579
 21
21.6976865553579
 31
0.0000000000418057
  0
LINE
  5
551
330
482
100
AcDbEntity
  8
SYM
100
AcDbLine
 10
15.30410375455176
 20
21.19443210400368
 30
0.0000000000418057
 11
13.98410375517051
 21
21.19443210400368
 31
0.0000000000418057
  0
LINE
  5
552
330
482
100
AcDbEntity
  8
SYM
100
AcDbLine
 10
13.44410375466395
 20
21.77117765275489
 30
0.0000000000418057
 11
13.44410375466395
 21
23.09117765214978
 31
0.0000000000418057
  0
LINE
  5
553
330
482
100
AcDbEntity
  8
SYM
100
AcDbLine
 10
15.30410375455176
 20
23.59443210390782
 30
0.0000000000418057
 11
13.98410375517051
 21
23.59443210390782
 31
0.0000000000418057
  0
LINE
  5
554
330
482
100
AcDbEntity
  8
PIPE
100
AcDbLine
 10
4.735776969322613
 20
22.39443210375066
 30
0.0
 11
14.64410375488296
 21
22.39443210375066
 31
0.0
  0
LINE
  5
555
330
482
100
AcDbEntity
  8
PIPE
  6
Continuous
100
AcDbLine
 10
14.64410384012444
 20
125.1229465431634
 30
-0.0000000000001481
 11
14.64410375488296
 21
79.46771106767847
 31
0.0
  0
HATCH
  5
556
330
482
100
AcDbEntity
  8
PIPE
 62
     1
100
AcDbHatch
 10
0.0
 20
0.0
 30
0.0
210
0.0
220
0.0
230
1.0
  2
ANSI31
 70
     0
 71
     1
 91
        1
 92
        3
 72
     0
 73
     1
 93
        3
 10
1.550606427790626
 20
48.55397392757914
 10
4.735776969322613
 20
54.07085113594985
 10
8.049035722928236
 20
48.55397392757914
 97
        1
330
557
 75
     1
 76
     1
 52
0.0
 41
0.1
 77
     0
 78
     1
 53
44.99999999999998
 43
-25583.54728074127
 44
15527.26622806808
 45
-0.2245064030267288
 46
0.2245064030267284
 79
     0
 98
        1
 10
-25583.54728074127
 20
15527.26622806808
1001
GradientColor1ACI
1070
     5
1001
GradientColor2ACI
1070
     2
1001
ACAD
1010
0.0
1020
0.0
1030
0.0
  0
LWPOLYLINE
  5
557
102
{ACAD_REACTORS
330
556
102
}
330
482
100
AcDbEntity
  8
PIPE
100
AcDbPolyline
 90
        4
 70
     0
 43
0.0
 10
8.049035722928236
 20
48.55397392757914
 10
4.735776969322613
 20
54.07085113594985
 10
1.550606427790626
 20
48.55397392757914
 10
8.049035722928236
 20
48.55397392757914
  0
CIRCLE
  5
558
330
482
100
AcDbEntity
  8
PIPE
100
AcDbCircle
 10
4.735776969322613
 20
50.39293299700966
 30
0.0
 40
3.677918138771006
  0
LINE
  5
559
330
482
100
AcDbEntity
  8
PIPE
  6
Continuous
100
AcDbLine
 10
4.735776969322613
 20
33.21823409195257
 30
0.0
 11
4.735776969322613
 21
22.39443210375066
 31
0.0
  0
LINE
  5
55A
330
482
100
AcDbEntity
  8
SYM
100
AcDbLine
 10
3.173276969308062
 20
38.53073409194804
 30
0.0
 11
6.298276969326252
 21
33.21823409195257
 31
0.0
  0
LINE
  5
55B
330
482
100
AcDbEntity
  8
SYM
100
AcDbLine
 10
3.173276969308062
 20
33.21823409195257
 30
0.0
 11
6.298276969326252
 21
38.53073409194804
 31
0.0
  0
LINE
  5
55C
330
482
100
AcDbEntity
  8
SYM
100
AcDbLine
 10
6.610776969322613
 20
38.53073409194804
 30
0.0
 11
2.860776969322613
 21
38.53073409194804
 31
0.0
  0
LINE
  5
55D
330
482
100
AcDbEntity
  8
SYM
100
AcDbLine
 10
6.610776969322613
 20
33.21823409195257
 30
0.0
 11
2.860776969322613
 21
33.21823409195257
 31
0.0
  0
LINE
  5
55E
330
482
100
AcDbEntity
  8
PIPE
  6
Continuous
100
AcDbLine
 10
4.735776969322613
 20
80.0977789318731
 30
0.0
 11
4.735776969318976
 21
68.83278198189055
 31
0.0
  0
LINE
  5
55F
330
482
100
AcDbEntity
  8
arch
100
AcDbLine
 10
-46.66357479456928
 20
7.456422532934084
 30
0.0
 11
-35.35012888144775
 21
7.456422532934084
 31
0.0
  0
LINE
  5
561
330
482
100
AcDbEntity
  8
arch
100
AcDbLine
 10
-46.66357479456928
 20
6.050172532934084
 30
0.0
 11
-35.35012888144775
 21
6.050172532934084
 31
0.0
  0
LINE
  5
562
330
482
100
AcDbEntity
  8
arch
100
AcDbLine
 10
-46.66357479456928
 20
6.331422532934084
 30
0.0
 11
-35.35012888144775
 21
6.331422532934084
 31
0.0
  0
LWPOLYLINE
  5
563
330
482
100
AcDbEntity
  8
DIM
  6
HID
 62
     6
 48
2.0
100
AcDbPolyline
 90
        4
 70
     1
 43
0.0
 10
-46.66357479456928
 20
148.8296958104474
 10
46.66357479456928
 20
148.8296958104474
 10
46.66357479456928
 20
0.0
 10
-46.66357479456928
 20
0.0
  0
LWPOLYLINE
  5
564
330
482
100
AcDbEntity
  8
1
100
AcDbPolyline
 90
        2
 70
     1
 43
0.354375
 10
-21.10589767007332
 20
29.43349410174143
 42
-1.0
 10
-21.10589767007332
 20
30.49661910210307
 42
-1.0
  0
TEXT
  5
565
330
482
100
AcDbEntity
  8
TEXT
100
AcDbText
 10
-17.92199846721996
 20
28.46505660190905
 30
0.0
 40
2.999999999999998
  1
50
  7
1
 11
-17.92199846721996
 21
29.96505660190905
 31
0.0
100
AcDbText
 73
     2
  0
LINE
  5
566
330
482
100
AcDbEntity
  8
1
100
AcDbLine
 10
-21.10589767007332
 20
29.96505660190905
 30
0.0
 11
-17.92199846721996
 21
29.96505660190905
 31
0.0
  0
LINE
  5
567
330
482
100
AcDbEntity
  8
PIPE
  6
Continuous
100
AcDbLine
 10
-21.10589767007332
 20
78.54416246942765
 30
0.0
 11
-21.10589767007332
 21
0.0
 31
0.0
  0
TEXT
  5
568
330
482
100
AcDbEntity
  8
TEXT
100
AcDbText
 10
-19.61403878269205
 20
79.0703861118385
 30
0.0
 40
2.999999999999998
  1
SPD
 50
90.0
  7
1
 72
     4
 11
-21.10589767007332
 21
83.25084744155356
 31
0.0
100
AcDbText
  0
LINE
  5
569
330
482
100
AcDbEntity
  8
arch
100
AcDbLine
 10
-33.41262888147685
 20
148.8296958104474
 30
0.0
 11
-33.41262888147685
 21
91.19744536135748
 31
0.0
  0
LINE
  5
56A
330
482
100
AcDbEntity
  8
arch
100
AcDbLine
 10
-34.97512888144775
 20
148.8296958104474
 30
0.0
 11
-34.97512888144775
 21
91.19744536135748
 31
0.0
  0
LINE
  5
56B
330
482
100
AcDbEntity
  8
arch
100
AcDbLine
 10
-27.16262888145866
 20
148.8296958104474
 30
0.0
 11
-27.16262888145866
 21
91.19744536135748
 31
0.0
  0
LINE
  5
56C
330
482
100
AcDbEntity
  8
arch
100
AcDbLine
 10
-35.35012888144775
 20
148.8296958104474
 30
0.0
 11
-35.35012888144775
 21
91.19744536135748
 31
0.0
  0
LINE
  5
56D
330
482
100
AcDbEntity
  8
arch
100
AcDbLine
 10
-46.66357479456928
 20
91.19744536135748
 30
0.0
 11
-33.41262888147685
 21
91.19744536135748
 31
0.0
  0
LINE
  5
56E
330
482
100
AcDbEntity
  8
arch
100
AcDbLine
 10
-27.16262888145866
 20
91.19744536135748
 30
0.0
 11
46.66357479456928
 21
91.19744536135748
 31
0.0
  0
LINE
  5
56F
330
482
100
AcDbEntity
  8
arch
100
AcDbLine
 10
-46.66357479456928
 20
83.54119536135476
 30
0.0
 11
-35.35012888144775
 21
83.54119536135476
 31
0.0
  0
LINE
  5
570
330
482
100
AcDbEntity
  8
arch
100
AcDbLine
 10
-46.66357479456928
 20
82.13494536135476
 30
0.0
 11
-35.35012888144775
 21
82.13494536135476
 31
0.0
  0
LINE
  5
571
330
482
100
AcDbEntity
  8
arch
100
AcDbLine
 10
-46.66357479456928
 20
82.41619536135477
 30
0.0
 11
-35.35012888144775
 21
82.41619536135477
 31
0.0
  0
LINE
  5
572
330
482
100
AcDbEntity
  8
arch
100
AcDbLine
 10
-46.66357479456928
 20
86.50994536135748
 30
0.0
 11
-33.41262888147685
 21
86.50994536135748
 31
0.0
  0
LINE
  5
573
330
482
100
AcDbEntity
  8
arch
100
AcDbLine
 10
-27.16262888145866
 20
86.50994536135748
 30
0.0
 11
46.66357479456928
 21
86.50994536135748
 31
0.0
  0
LINE
  5
574
330
482
100
AcDbEntity
  8
arch
100
AcDbLine
 10
-40.31167484801335
 20
91.19744536135748
 30
0.0
 11
-45.2484545068073
 21
86.50994536135748
 31
0.0
  0
LINE
  5
575
330
482
100
AcDbEntity
  8
arch
100
AcDbLine
 10
-40.81600905332743
 20
91.19744536135748
 30
0.0
 11
-45.75278871163754
 21
86.50994536135748
 31
0.0
  0
CIRCLE
  5
576
330
482
100
AcDbEntity
  8
arch
100
AcDbCircle
 10
-42.55792558968096
 20
88.26663411776008
 30
0.0
 40
1.254853260790567
  0
LINE
  5
577
330
482
100
AcDbEntity
  8
arch
100
AcDbLine
 10
-39.107126903069
 20
91.19744536135748
 30
0.0
 11
-44.04390656187388
 21
86.50994536135748
 31
0.0
  0
CIRCLE
  5
578
330
482
100
AcDbEntity
  8
arch
100
AcDbCircle
 10
-42.36971581057878
 20
89.6359083223515
 30
0.0
 40
0.6725617390826839
  0
CIRCLE
  5
579
330
482
100
AcDbEntity
  8
arch
100
AcDbCircle
 10
-43.48915314981787
 20
89.36483833278362
 30
0.0
 40
0.3472648606971662
  0
LINE
  5
57A
330
482
100
AcDbEntity
  8
arch
100
AcDbLine
 10
-15.58002404014769
 20
91.19744536135748
 30
0.0
 11
-20.51680369890528
 21
86.50994536135748
 31
0.0
  0
LINE
  5
57B
330
482
100
AcDbEntity
  8
arch
100
AcDbLine
 10
-17.28890618991136
 20
91.19744536135748
 30
0.0
 11
-22.22568584913461
 21
86.50994536135748
 31
0.0
  0
LINE
  5
57C
330
482
100
AcDbEntity
  8
arch
100
AcDbLine
 10
-16.78457198553951
 20
91.19744536135748
 30
0.0
 11
-21.72135164430438
 21
86.50994536135748
 31
0.0
  0
CIRCLE
  5
57D
330
482
100
AcDbEntity
  8
arch
100
AcDbCircle
 10
-19.03082272672327
 20
88.26663411776008
 30
0.0
 40
1.254853260790567
  0
CIRCLE
  5
57E
330
482
100
AcDbEntity
  8
arch
100
AcDbCircle
 10
-19.96205028689655
 20
89.36483833278362
 30
0.0
 40
0.3472648606971662
  0
CIRCLE
  5
57F
330
482
100
AcDbEntity
  8
arch
100
AcDbCircle
 10
-18.84261294855969
 20
89.6359083223515
 30
0.0
 40
0.6725617390826839
  0
CIRCLE
  5
580
330
482
100
AcDbEntity
  8
arch
100
AcDbCircle
 10
-19.96205028689655
 20
13.28006550436294
 30
0.0
 40
0.3472648606971662
  0
CIRCLE
  5
581
330
482
100
AcDbEntity
  8
arch
100
AcDbCircle
 10
-18.84261294855969
 20
13.55113549393172
 30
0.0
 40
0.6725617390826839
  0
CIRCLE
  5
582
330
482
100
AcDbEntity
  8
arch
100
AcDbCircle
 10
-19.03082272672327
 20
12.18186128933939
 30
0.0
 40
1.254853260790567
  0
CIRCLE
  5
583
330
482
100
AcDbEntity
  8
arch
100
AcDbCircle
 10
-42.36971581057878
 20
13.55113549393172
 30
0.0
 40
0.6725617390826839
  0
CIRCLE
  5
584
330
482
100
AcDbEntity
  8
arch
100
AcDbCircle
 10
-43.48915314981787
 20
13.28006550436294
 30
0.0
 40
0.3472648606971662
  0
CIRCLE
  5
585
330
482
100
AcDbEntity
  8
arch
100
AcDbCircle
 10
-42.55792558968096
 20
12.18186128933939
 30
0.0
 40
1.254853260790567
  0
LINE
  5
586
330
482
100
AcDbEntity
  8
arch
100
AcDbLine
 10
-46.66357479456928
 20
15.11267253293681
 30
0.0
 11
-33.41262888147685
 21
15.11267253293681
 31
0.0
  0
LINE
  5
587
330
482
100
AcDbEntity
  8
arch
100
AcDbLine
 10
-33.41262888147685
 20
0.0
 30
0.0
 11
-33.41262888147685
 21
10.42517253293681
 31
0.0
  0
LINE
  5
588
330
482
100
AcDbEntity
  8
arch
100
AcDbLine
 10
-34.97512888144775
 20
0.0
 30
0.0
 11
-34.97512888144775
 21
10.42517253293681
 31
0.0
  0
LINE
  5
589
330
482
100
AcDbEntity
  8
arch
100
AcDbLine
 10
-27.16262888145866
 20
0.0
 30
0.0
 11
-27.16262888145866
 21
10.42517253293681
 31
0.0
  0
LINE
  5
58A
330
482
100
AcDbEntity
  8
arch
100
AcDbLine
 10
-35.35012888144775
 20
0.0
 30
0.0
 11
-35.35012888144775
 21
10.42517253293681
 31
0.0
  0
LINE
  5
58B
330
482
100
AcDbEntity
  8
arch
100
AcDbLine
 10
-46.66357479456928
 20
10.42517253293681
 30
0.0
 11
-33.41262888147685
 21
10.42517253293681
 31
0.0
  0
LINE
  5
58C
330
482
100
AcDbEntity
  8
arch
100
AcDbLine
 10
-39.107126903069
 20
15.11267253293681
 30
0.0
 11
-44.04390656187388
 21
10.42517253293681
 31
0.0
  0
LINE
  5
58D
330
482
100
AcDbEntity
  8
arch
100
AcDbLine
 10
-40.81600905332743
 20
15.11267253293681
 30
0.0
 11
-45.75278871163754
 21
10.42517253293681
 31
0.0
  0
LINE
  5
58E
330
482
100
AcDbEntity
  8
arch
100
AcDbLine
 10
-40.31167484801335
 20
15.11267253293681
 30
0.0
 11
-45.2484545068073
 21
10.42517253293681
 31
0.0
  0
LINE
  5
58F
330
482
100
AcDbEntity
  8
arch
100
AcDbLine
 10
-16.78457198553951
 20
15.11267253293681
 30
0.0
 11
-21.72135164430438
 21
10.42517253293681
 31
0.0
  0
LINE
  5
590
330
482
100
AcDbEntity
  8
arch
100
AcDbLine
 10
-17.28890618991136
 20
15.11267253293681
 30
0.0
 11
-22.22568584913461
 21
10.42517253293681
 31
0.0
  0
LINE
  5
591
330
482
100
AcDbEntity
  8
arch
100
AcDbLine
 10
-15.58002404014769
 20
15.11267253293681
 30
0.0
 11
-20.51680369890528
 21
10.42517253293681
 31
0.0
  0
LINE
  5
592
330
482
100
AcDbEntity
  8
arch
100
AcDbLine
 10
-27.16262888145866
 20
10.42517253293681
 30
0.0
 11
46.66357479456928
 21
10.42517253293681
 31
0.0
  0
LINE
  5
593
330
482
100
AcDbEntity
  8
arch
100
AcDbLine
 10
-27.16262888145866
 20
15.11267253293681
 30
0.0
 11
46.66357479456928
 21
15.11267253293681
 31
0.0
  0
LINE
  5
594
330
482
100
AcDbEntity
  8
arch
100
AcDbLine
 10
-33.41262888147685
 20
86.50994536135748
 30
0.0
 11
-33.41262888147685
 21
15.11267253293681
 31
0.0
  0
LINE
  5
595
330
482
100
AcDbEntity
  8
arch
100
AcDbLine
 10
-27.16262888145866
 20
86.50994536135748
 30
0.0
 11
-27.16262888145866
 21
15.11267253293681
 31
0.0
  0
LINE
  5
596
330
482
100
AcDbEntity
  8
arch
100
AcDbLine
 10
-35.35012888144775
 20
86.50994536135748
 30
0.0
 11
-35.35012888144775
 21
15.11267253293681
 31
0.0
  0
LINE
  5
597
330
482
100
AcDbEntity
  8
arch
100
AcDbLine
 10
-34.97512888144775
 20
86.50994536135748
 30
0.0
 11
-34.97512888144775
 21
15.11267253293681
 31
0.0
  0
LINE
  5
598
330
482
100
AcDbEntity
  8
pit층고
 62
     1
100
AcDbLine
 10
4.735776969322613
 20
84.56389850321192
 30
0.0
 11
4.735776969326251
 21
96.83733245621899
 31
0.0
  0
LWPOLYLINE
  5
599
330
482
100
AcDbEntity
  8
BRACE_4방향
100
AcDbPolyline
 90
        4
 70
     0
 43
0.1114285714021478
 10
-8.574626622368668
 20
77.93498073858064
 10
-10.72726131937088
 20
77.3581840092611
 10
-2.848071473665186
 20
85.23737385496678
 10
-5.000706173108483
 20
84.66057712564724
  0
LWPOLYLINE
  5
59A
330
482
100
AcDbEntity
  8
BRACE_4방향
100
AcDbPolyline
 90
        4
 70
     0
 43
0.1114285714021478
 10
-10.15046459006043
 20
83.08473915674676
 10
-10.72726131939271
 20
85.23737385496678
 10
-2.848071473665186
 20
77.3581840092629
 10
-3.42486820297563
 20
79.51081870748294
  0
HATCH
  5
59B
330
482
100
AcDbEntity
  8
BRACE_4방향
 62
   253
100
AcDbHatch
 10
0.0
 20
0.0
 30
0.0
210
0.0
220
0.0
230
1.0
  2
SOLID
 70
     1
 71
     1
 91
        1
 92
        3
 72
     1
 73
     1
 93
        2
 10
-9.851952109780539
 20
81.29777893211212
 42
0.9999999999999998
 10
-3.723380683226423
 20
81.29777893211212
 42
0.9999999999999998
 97
        1
330
59C
 75
     1
 76
     1
 98
        1
 10
-87998.37106726931
 20
-26078.10355108845
1001
GradientColor1ACI
1070
     5
1001
GradientColor2ACI
1070
     2
1001
ACAD
1010
0.0
1020
0.0
1030
0.0
  0
LWPOLYLINE
  5
59C
102
{ACAD_REACTORS
330
59B
102
}
330
482
100
AcDbEntity
  8
BRACE_4방향
100
AcDbPolyline
 90
        2
 70
     1
 43
0.1167346938498691
 10
-9.851952109780539
 20
81.29777893211212
 42
1.0
 10
-3.723380683226423
 20
81.29777893211212
 42
1.0
  0
TEXT
  5
59D
330
482
100
AcDbEntity
  8
BRACE_4방향
100
AcDbText
 10
-9.341716599984334
 20
79.34777893214441
 30
0.0
 40
3.899999999922733
  1
AB
 41
0.7
  7
돋움
 72
     1
 11
-6.78766639650712
 21
81.29777893210578
 31
0.0
100
AcDbText
 73
     2
  0
TEXT
  5
59E
330
482
100
AcDbEntity
  8
TEXT
100
AcDbText
 10
-41.64039567736836
 20
62.77122473794316
 30
0.0
 40
2.999999999999998
  1
내진버팀대
  7
1
 11
-41.64039567736836
 21
64.27122473794316
 31
0.0
100
AcDbText
 73
     2
  0
LWPOLYLINE
  5
59F
330
482
100
AcDbEntity
  8
1
100
AcDbPolyline
 90
        2
 70
     1
 43
0.354375
 10
-8.808084834236069
 20
76.68233512358622
 42
-1.0
 10
-8.808084834236069
 20
75.61921012322454
 42
-1.0
  0
TEXT
  5
5A0
330
482
100
AcDbEntity
  8
TEXT
100
AcDbText
 10
-42.79891640442656
 20
67.05717438131523
 30
0.0
 40
2.999999999999998
  1
종방향,횡방향
  7
1
 11
-42.79891640442656
 21
68.55717438131524
 31
0.0
100
AcDbText
 73
     2
  0
LINE
  5
5A1
330
482
100
AcDbEntity
  8
1
100
AcDbLine
 10
-8.808084834246981
 20
76.15077262341308
 30
0.0
 11
-13.30719694597792
 21
68.35808185695714
 31
0.0
  0
LINE
  5
5A2
330
482
100
AcDbEntity
  8
BRACE_4방향
100
AcDbLine
 10
-15.41842000491669
 20
68.35808185695622
 30
0.0
 11
-13.30719694597792
 21
68.35808185695622
 31
0.0
  0
LINE
  5
5A3
330
482
100
AcDbEntity
  8
SYM
100
AcDbLine
 10
13.44410375466395
 20
97.85595048117466
 30
0.0000000000418057
 11
13.44410375466395
 21
99.17595048057044
 31
0.0000000000418057
  0
SOLID
  5
5A4
330
482
100
AcDbEntity
  8
DIM
100
AcDbTrace
 10
8.110776968871505
 20
86.29796328093744
 30
0.0
 11
4.735776969318976
 21
85.73546328093744
 31
0.0
 12
8.110776968871505
 22
85.17296328093744
 32
0.0
 13
8.110776968871505
 23
85.17296328093744
 33
0.0
1001
ACAD
1000
DSTYLE
1002
{
1070
    77
1070
     0
1070
     5
1000

1002
}
  0
SOLID
  5
5A5
330
482
100
AcDbEntity
  8
DIM
100
AcDbTrace
 10
11.26910381232301
 20
86.29796328092924
 30
0.0
 11
14.64410381186826
 21
85.73546328091561
 31
0.0
 12
11.26910381231573
 22
85.17296328092925
 32
0.0
 13
11.26910381231573
 23
85.17296328092925
 33
0.0
1001
ACAD
1000
DSTYLE
1002
{
1070
    77
1070
     0
1070
     5
1000

1002
}
  0
SOLID
  5
5A6
330
482
100
AcDbEntity
  8
DIM
100
AcDbTrace
 10
-3.614500254792801
 20
70.61777180390709
 30
0.0
 11
-6.98950025434533
 21
70.05527180390709
 31
0.0
 12
-3.614500254792801
 22
69.49277180390708
 32
0.0
 13
-3.614500254792801
 23
69.49277180390708
 33
0.0
1001
ACAD
1000
DSTYLE
1002
{
1070
    77
1070
     0
1070
     5
1000

1002
}
  0
SOLID
  5
5A7
330
482
100
AcDbEntity
  8
DIM
100
AcDbTrace
 10
1.360777015062922
 20
70.617771803898
 30
0.0
 11
4.735777014608173
 21
70.05527180388253
 31
0.0
 12
1.360777015052007
 22
69.49277180389799
 32
0.0
 13
1.360777015052007
 23
69.49277180389799
 33
0.0
1001
ACAD
1000
DSTYLE
1002
{
1070
    77
1070
     0
1070
     5
1000

1002
}
  0
LWPOLYLINE
  5
5A8
330
482
100
AcDbEntity
  8
BRACE_4방향
100
AcDbPolyline
 90
        4
 70
     1
 43
0.0
 10
12.20992553062387
 20
15.11267253293681
 10
17.07828197914568
 20
15.11267253293681
 10
17.07828197914568
 20
10.42517253293772
 10
12.20992553062387
 20
10.42517253293772
  0
LINE
  5
5A9
330
482
100
AcDbEntity
  8
1
100
AcDbLine
 10
19.52344541468119
 20
3.534890898402408
 30
0.0
 11
21.65744772680773
 21
3.534890898402408
 31
0.0
  0
LWPOLYLINE
  5
5AA
330
482
100
AcDbEntity
  8
1
100
AcDbPolyline
 90
        2
 70
     1
 43
0.354375
 10
16.56361095570901
 20
8.694632215872843
 42
-1.0
 10
16.56361095570901
 20
9.757757216234494
 42
-1.0
  0
TEXT
  5
5AB
330
482
100
AcDbEntity
  8
TEXT
 62
     4
100
AcDbText
 10
22.38014434541037
 20
1.978905455618587
 30
0.0
 40
2.999999999999998
  1
Ø175슬리브
  7
1
 11
22.38014434541037
 21
3.478905455618586
 31
0.0
100
AcDbText
 73
     2
  0
LINE
  5
5AC
330
482
100
AcDbEntity
  8
1
100
AcDbLine
 10
16.56361095570901
 20
9.226194716040479
 30
0.0
 11
19.52344541468119
 21
3.534890898402408
 31
0.0
  0
LWPOLYLINE
  5
5AD
330
482
100
AcDbEntity
  8
SYM
100
AcDbPolyline
 90
        4
 70
     1
 43
0.0
 10
26.36938097854363
 20
20.12788657046622
 10
44.8550765949185
 20
20.12788657046622
 10
44.8550765949185
 20
52.96827448766999
 10
26.36938097854363
 20
52.96827448766999
  0
LINE
  5
5AE
330
482
100
AcDbEntity
  8
SYM
100
AcDbLine
 10
26.36938097853999
 20
44.01403568028217
 30
0.0
 11
44.8550765949185
 21
44.01403568028217
 31
0.0
  0
TEXT
  5
5AF
330
482
100
AcDbEntity
  8
TEXT
100
AcDbText
 10
33.75979280323008
 20
38.82225568961621
 30
0.0
 40
2.999999999999998
  1
소
  7
1
 11
33.75979280323008
 21
40.32225568961621
 31
0.0
100
AcDbText
 73
     2
  0
TEXT
  5
5B0
330
482
100
AcDbEntity
  8
TEXT
100
AcDbText
 10
33.75979280322645
 20
32.53605131292717
 30
0.0
 40
2.999999999999998
  1
화
  7
1
 11
33.75979280322645
 21
34.03605131292716
 31
0.0
100
AcDbText
 73
     2
  0
TEXT
  5
5B1
330
482
100
AcDbEntity
  8
TEXT
100
AcDbText
 10
33.75979280322281
 20
26.46913608348859
 30
0.0
 40
2.999999999999998
  1
전
  7
1
 11
33.75979280322281
 21
27.96913608348859
 31
0.0
100
AcDbText
 73
     2
  0
LINE
  5
5B2
330
482
100
AcDbEntity
  8
PIPE
  6
Continuous
100
AcDbLine
 10
26.36938097854363
 20
41.54738836498018
 30
0.0
 11
14.64410375488296
 21
41.54738836498018
 31
0.0
  0
LINE
  5
5B3
330
482
100
AcDbEntity
  8
PIPE
  6
Continuous
100
AcDbLine
 10
26.36938097853999
 20
28.60950486147976
 30
0.0
 11
14.64410375487932
 21
28.60950486147976
 31
0.0
  0
LWPOLYLINE
  5
5B4
330
482
100
AcDbEntity
  8
SYM
100
AcDbPolyline
 90
        4
 70
     1
 43
0.0
 10
26.36938097854363
 20
96.21265939888692
 10
44.8550765949185
 20
96.21265939888692
 10
44.8550765949185
 20
129.0530473160906
 10
26.36938097854363
 20
129.0530473160906
  0
LINE
  5
5B5
330
482
100
AcDbEntity
  8
SYM
100
AcDbLine
 10
26.36938097853999
 20
120.0988085087028
 30
0.0
 11
44.8550765949185
 21
120.0988085087028
 31
0.0
  0
LINE
  5
5B6
330
482
100
AcDbEntity
  8
PIPE
  6
Continuous
100
AcDbLine
 10
26.36938097854363
 20
117.6321611934008
 30
0.0
 11
14.64410375488296
 21
117.6321611934008
 31
0.0
  0
LINE
  5
5B7
330
482
100
AcDbEntity
  8
PIPE
  6
Continuous
100
AcDbLine
 10
26.36938097853999
 20
104.6942776899013
 30
0.0
 11
14.64410375487932
 21
104.6942776899013
 31
0.0
  0
TEXT
  5
5B8
330
482
100
AcDbEntity
  8
TEXT
100
AcDbText
 10
33.75979280323008
 20
114.9070285180369
 30
0.0
 40
2.999999999999998
  1
소
  7
1
 11
33.75979280323008
 21
116.4070285180369
 31
0.0
100
AcDbText
 73
     2
  0
TEXT
  5
5B9
330
482
100
AcDbEntity
  8
TEXT
100
AcDbText
 10
33.75979280322645
 20
108.6208241413487
 30
0.0
 40
2.999999999999998
  1
화
  7
1
 11
33.75979280322645
 21
110.1208241413487
 31
0.0
100
AcDbText
 73
     2
  0
TEXT
  5
5BA
330
482
100
AcDbEntity
  8
TEXT
100
AcDbText
 10
33.75979280322281
 20
102.5539089119083
 30
0.0
 40
2.999999999999998
  1
전
  7
1
 11
33.75979280322281
 21
104.0539089119083
 31
0.0
100
AcDbText
 73
     2
  0
LINE
  5
5BB
330
482
100
AcDbEntity
  8
BRACE_4방향
100
AcDbLine
 10
24.92231744839592
 20
136.3196706955968
 30
0.0
 11
22.81109438944986
 21
136.3196706955968
 31
0.0
  0
LINE
  5
5BC
330
482
100
AcDbEntity
  8
pit층고
 62
     1
100
AcDbLine
 10
14.64410379867695
 20
95.47990859711443
 30
0.0
 11
14.64410379867331
 21
91.79514200575248
 31
0.0
  0
LINE
  5
5BD
330
482
100
AcDbEntity
  8
pit층고
 62
     1
100
AcDbLine
 10
4.735776969318976
 20
85.73546328094108
 30
0.0
 11
14.64410379867695
 21
85.7354632809338
 31
0.0
  0
HATCH
  5
5BE
330
482
100
AcDbEntity
  8
지진분리이음
 62
     5
100
AcDbHatch
 10
0.0
 20
0.0
 30
0.0
210
0.0
220
0.0
230
1.0
  2
ANSI31
 70
     0
 71
     0
 91
        1
 92
        1
 93
        4
 72
     1
 10
10.0257940798001
 20
19.20562691245777
 11
10.025794079766
 21
25.58323729501617
 72
     1
 10
10.02579407976373
 20
25.58323729501626
 11
12.6229052282938
 21
25.58323729502965
 72
     1
 10
12.62290522829426
 20
25.58323729502899
 11
12.62290522832836
 21
19.2056269124706
 72
     1
 10
12.622905228327
 20
19.20562691247141
 11
10.02579407979692
 21
19.20562691245803
 97
        0
 75
     1
 76
     1
 52
90.00000000029483
 41
0.3
 77
     0
 78
     1
 53
135.0000000002948
 43
514.6324651279319
 44
-628.0753763334587
 45
-0.6735192090767203
 46
-0.6735192090836523
 79
     0
 98
        1
 10
514.6324651279354
 20
-704.1601491618783
1001
GradientColor1ACI
1070
     5
1001
GradientColor2ACI
1070
     2
1001
ACAD
1010
0.0
1020
0.0
1030
0.0
  0
LWPOLYLINE
  5
5BF
330
482
100
AcDbEntity
  8
지진분리이음
 62
     5
100
AcDbPolyline
 90
        4
 70
     1
 43
0.0
 10
10.0257940798001
 20
19.20562691245777
 10
10.02579407976373
 20
25.58323729501626
 10
12.62290522829426
 20
25.58323729502899
 10
12.622905228327
 20
19.20562691247141
  0
LINE
  5
5C0
330
482
100
AcDbEntity
  8
pit층고
 62
     1
100
AcDbLine
 10
-6.98950025434533
 20
69.53608168707069
 30
0.0
 11
-6.989500254338053
 21
75.14978146754582
 31
0.0
  0
LINE
  5
5C1
330
482
100
AcDbEntity
  8
pit층고
 62
     1
100
AcDbLine
 10
4.735776969322613
 20
70.05527181143043
 30
0.0
 11
-6.98950025434533
 21
70.0552718114377
 31
0.0
  0
TEXT
  5
5C2
330
482
100
AcDbEntity
  8
pit층고
 62
     1
100
AcDbText
 10
-8.84874869560426
 20
71.69716542855119
 30
-0.0000000021630325
 40
3.000000000000001
  1
0.6m이내
 41
0.8
  7
1
 72
     4
 11
-1.415912874708736
 21
73.28671766735715
 31
-0.0000000021630325
100
AcDbText
  0
LWPOLYLINE
  5
5C3
330
482
100
AcDbEntity
  8
BRACE_4방향
100
AcDbPolyline
 90
        4
 70
     1
 43
0.0
 10
12.20992553062387
 20
91.19744536135748
 10
17.07828197914568
 20
91.19744536135748
 10
17.07828197914568
 20
86.50994536135748
 10
12.20992553062387
 20
86.50994536135748
  0
LINE
  5
5C4
330
482
100
AcDbEntity
  8
1
 62
     5
100
AcDbLine
 10
19.86619243006128
 20
79.14086546953296
 30
0.0
 11
24.09480484042797
 21
79.14086546953296
 31
0.0
  0
TEXT
  5
5C5
330
482
100
AcDbEntity
  8
TEXT
 62
     5
100
AcDbText
 10
24.81750145903425
 20
77.58488002674822
 30
0.0
 40
2.999999999999998
  1
0.6m초과시
  7
1
 11
24.81750145903425
 21
79.08488002674822
 31
0.0
100
AcDbText
 73
     2
  0
LWPOLYLINE
  5
5C6
330
482
100
AcDbEntity
  8
1
 62
     5
100
AcDbPolyline
 90
        2
 70
     1
 43
0.354375
 10
10.86318898590329
 20
95.92068594776943
 42
-1.0
 10
10.86318898590329
 20
96.98381094813113
 42
-1.0
  0
LINE
  5
5C7
330
482
100
AcDbEntity
  8
1
 62
     5
100
AcDbLine
 10
10.86318898590329
 20
96.45224844793707
 30
0.0
 11
19.86619243006128
 21
79.14086546953296
 31
0.0
  0
TEXT
  5
5C8
330
482
100
AcDbEntity
  8
TEXT
 62
     5
100
AcDbText
 10
24.81750145903425
 20
88.19553966151193
 30
0.0
 40
2.999999999999998
  1
지진분리이음 설치
  7
1
 11
24.81750145903425
 21
89.69553966151194
 31
0.0
100
AcDbText
 73
     2
  0
TEXT
  5
5C9
330
482
100
AcDbEntity
  8
TEXT
 62
     5
100
AcDbText
 10
24.81750145903425
 20
73.54399269984509
 30
0.0
 40
2.999999999999998
  1
지진분리이음 설치
  7
1
 11
24.81750145903425
 21
75.04399269984509
 31
0.0
100
AcDbText
 73
     2
  0
ENDBLK
  5
5CA
330
482
100
AcDbEntity
  8
PIPE
100
AcDbBlockEnd
  0
BLOCK
  5
4A3
330
4A0
100
AcDbEntity
  8
0
100
AcDbBlockBegin
  2
A$C00AB62C4
 70
     0
 10
0.0
 20
0.0
 30
0.0
  3
A$C00AB62C4
  1

  0
LWPOLYLINE
  5
4A4
330
4A0
100
AcDbEntity
  8
BRACE_4방향
100
AcDbPolyline
 90
        4
 70
     0
 43
0.0835714285516109
 10
-1.340220169383655
 20
-2.522098645148274
 10
-2.954696192141227
 20
-2.954696192137588
 10
2.954696192140431
 20
2.954696192141341
 10
1.340220167566599
 20
2.522098645152026
  0
LWPOLYLINE
  5
4A5
330
4A0
100
AcDbEntity
  8
BRACE_4방향
100
AcDbPolyline
 90
        4
 70
     0
 43
0.0835714285516109
 10
-2.522098645150208
 20
1.340220168475639
 10
-2.954696192141227
 20
2.954696192141341
 10
2.954696192140431
 20
-2.954696192137588
 10
2.522098645149184
 20
-1.340220168471886
  0
HATCH
  5
4A6
330
4A0
100
AcDbEntity
  8
BRACE_4방향
 62
   253
100
AcDbHatch
 10
0.0
 20
0.0
 30
0.0000000130541575
210
0.0
220
0.0
230
1.0
  2
SOLID
 70
     1
 71
     1
 91
        1
 92
        1
 93
        2
 72
     3
 10
-0.0000000000000566
 20
0.0000000000001135
 11
2.298214284944775
 21
0.0
 40
1.0
 50
180.0
 51
360.0
 73
     1
 72
     3
 10
-0.0000000000000571
 20
0.0000000000001139
 11
2.298214284944775
 21
0.0
 40
1.0
 50
0.0
 51
180.0
 73
     1
 97
        1
330
4A7
 75
     1
 76
     1
 98
        1
 10
-65993.68755065463
 20
-19619.55099751547
1001
GradientColor1ACI
1070
     5
1001
GradientColor2ACI
1070
     2
1001
ACAD
1010
0.0
1020
0.0
1030
0.0
  0
LWPOLYLINE
  5
4A7
102
{ACAD_REACTORS
330
4A6
102
}
330
4A0
100
AcDbEntity
  8
BRACE_4방향
100
AcDbPolyline
 90
        2
 70
     1
 43
0.0875510203874019
 10
-2.298214284944832
 20
0.0000000000001137
 42
1.0
 10
2.29821428494472
 20
0.0000000000001137
 42
1.0
  0
TEXT
  5
4A8
330
4A0
100
AcDbEntity
  8
0.내진_BRACE_4방향
100
AcDbText
 10
-1.715803814842824
 20
-1.419233582216039
 30
-0.0000000000085945
 40
3.0
  1
W1
 41
0.7
  7
돋움
 72
     1
 11
0.4369098893634167
 21
0.0807664177839609
 31
-0.0000000000085945
100
AcDbText
 73
     2
  0
ENDBLK
  5
4AC
330
4A0
100
AcDbEntity
  8
0
100
AcDbBlockEnd
  0
BLOCK
  5
4B4
330
4B3
100
AcDbEntity
  8
0
100
AcDbBlockBegin
  2
A$C2323
 70
     0
 10
0.0
 20
0.0
 30
0.0
  3
A$C2323
  1

  0
LINE
  5
4B5
330
4B3
100
AcDbEntity
  8
SYM
100
AcDbLine
 10
2.682405930958339
 20
65.8607048124868
 30
0.0
 11
45.18240593097654
 21
46.36854885219871
 31
0.0
  0
LINE
  5
4B6
330
4B3
100
AcDbEntity
  8
SYM
100
AcDbLine
 10
2.682405930958339
 20
26.87639289191066
 30
0.0
 11
45.18240593097654
 21
46.36854885219871
 31
0.0
  0
LINE
  5
4B7
330
4B3
100
AcDbEntity
  8
SYM
100
AcDbLine
 10
2.682405930958339
 20
76.36854885219509
 30
0.0
 11
2.682405930958339
 21
16.36854885220236
 31
0.0
  0
LINE
  5
4B8
330
4B3
100
AcDbEntity
  8
SYM
100
AcDbLine
 10
30.18240593097835
 20
76.36854885219509
 30
0.0
 11
60.18240593097471
 21
76.36854885219509
 31
0.0
  0
LINE
  5
4B9
330
4B3
100
AcDbEntity
  8
SYM
100
AcDbLine
 10
45.18240593097654
 20
76.36854885219509
 30
0.0
 11
45.18240593097654
 21
46.36854885219871
 31
0.0
  0
LINE
  5
4BA
330
4B3
100
AcDbEntity
  8
SYM
100
AcDbLine
 10
15.18240593098016
 20
3.868548852180538
 30
0.0
 11
75.18240593097289
 21
3.868548852180538
 31
0.0
  0
LINE
  5
4BB
330
4B3
100
AcDbEntity
  8
SYM
100
AcDbLine
 10
64.6745618912646
 20
3.868548852180538
 30
0.0
 11
45.18240593097654
 21
46.36854885219871
 31
0.0
  0
LINE
  5
4BC
330
4B3
100
AcDbEntity
  8
SYM
100
AcDbLine
 10
25.69024997068846
 20
3.868548852180538
 30
0.0
 11
45.18240593097654
 21
46.36854885219871
 31
0.0
  0
ENDBLK
  5
4BD
330
4B3
100
AcDbEntity
  8
0
100
AcDbBlockEnd
  0
BLOCK
  5
4C7
330
4C6
100
AcDbEntity
  8
0
100
AcDbBlockBegin
  2
방향
 70
     0
 10
0.0
 20
0.0
 30
0.0
  3
방향
  1

  0
LINE
  5
4C8
330
4C6
100
AcDbEntity
  8
SYM
 62
     0
100
AcDbLine
 10
0.0
 20
0.0
 30
0.0
 11
-133.1900051310658
 21
-729.5335431830026
 31
0.0
  0
LINE
  5
4C9
330
4C6
100
AcDbEntity
  8
SYM
 62
     0
100
AcDbLine
 10
0.0
 20
0.0
 30
0.0
 11
133.1900051306002
 21
-729.5335431830026
 31
0.0
  0
LINE
  5
4CA
330
4C6
100
AcDbEntity
  8
SYM
 62
     0
100
AcDbLine
 10
-213.1040082094259
 20
-729.5335431830026
 30
0.0
 11
213.1040082094259
 21
-729.5335431830026
 31
0.0
  0
LINE
  5
4CB
330
4C6
100
AcDbEntity
  8
SYM
 62
     0
100
AcDbLine
 10
-133.1900051310658
 20
-856.0148962400852
 30
0.0
 11
133.1900051306002
 21
-856.0148962400852
 31
0.0
  0
ENDBLK
  5
4CC
330
4C6
100
AcDbEntity
  8
0
100
AcDbBlockEnd
  0
BLOCK
  5
4D7
330
4D4
100
AcDbEntity
  8
0
100
AcDbBlockBegin
  2
W.H.C
 70
     0
 10
0.0
 20
0.0
 30
0.0
  3
W.H.C
  1

  0
LINE
  5
4D8
330
4D4
100
AcDbEntity
  8
SYM
100
AcDbLine
 10
-0.3923945326823741
 20
-1.696812481793926
 30
-0.0000000000000713
 11
0.392394530121237
 21
-0.6217982486705296
 31
-0.0000000000000713
  0
LINE
  5
4D9
330
4D4
100
AcDbEntity
  8
SYM
100
AcDbLine
 10
-0.3923945326823741
 20
-0.6217982486705296
 30
-0.0000000000000713
 11
0.392394530121237
 21
-1.696812481793926
 31
-0.0000000000000713
  0
LINE
  5
4DA
330
4D4
100
AcDbEntity
  8
SYM
100
AcDbLine
 10
0.2299238834531252
 20
-2.118471007794028
 30
-0.0000000000000713
 11
0.392394530121237
 21
-3.244235407677364
 31
-0.0000000000000713
1001
ACAD
1000
ASC_BOUNDS
1002
{
1070
    19
1002
}
  0
LINE
  5
4DB
330
4D4
100
AcDbEntity
  8
SYM
100
AcDbLine
 10
-0.2299238883423413
 20
-2.118471007794028
 30
-0.0000000000000713
 11
-0.3923945326823741
 21
-3.244235407677364
 31
-0.0000000000000713
1001
ACAD
1000
ASC_BOUNDS
1002
{
1070
    19
1002
}
  0
LINE
  5
4DC
330
4D4
100
AcDbEntity
  8
SYM
100
AcDbLine
 10
0.392394530121237
 20
-3.244235407677364
 30
-0.0000000000000713
 11
0.0000000000001137
 21
-3.244235407677364
 31
-0.0000000000000713
1001
ACAD
1000
ASC_BOUNDS
1002
{
1070
    19
1002
}
  0
LINE
  5
4DD
330
4D4
100
AcDbEntity
  8
SYM
100
AcDbLine
 10
-0.3923945326823741
 20
-3.244235407677364
 30
-0.0000000000000713
 11
0.0000000000001137
 21
-3.244235407677364
 31
-0.0000000000000713
1001
ACAD
1000
ASC_BOUNDS
1002
{
1070
    19
1002
}
  0
LINE
  5
4DE
330
4D4
100
AcDbEntity
  8
SYM
100
AcDbLine
 10
0.392394530121237
 20
-1.696812481793926
 30
-0.0000000000000713
 11
0.0000000000001137
 21
-1.696812481793926
 31
-0.0000000000000713
1001
ACAD
1000
ASC_BOUNDS
1002
{
1070
    19
1002
}
  0
LINE
  5
4DF
330
4D4
100
AcDbEntity
  8
SYM
100
AcDbLine
 10
0.2299238834531252
 20
-2.118471007794028
 30
-0.0000000000000713
 11
0.0000000000001137
 21
-2.118471007794028
 31
-0.0000000000000713
1001
ACAD
1000
ASC_BOUNDS
1002
{
1070
    19
1002
}
  0
LINE
  5
4E0
330
4D4
100
AcDbEntity
  8
SYM
100
AcDbLine
 10
-0.3923945326823741
 20
-1.696812481793926
 30
-0.0000000000000713
 11
0.0000000000001137
 21
-1.696812481793926
 31
-0.0000000000000713
1001
ACAD
1000
ASC_BOUNDS
1002
{
1070
    19
1002
}
  0
LINE
  5
4E1
330
4D4
100
AcDbEntity
  8
SYM
100
AcDbLine
 10
-0.2299238883423413
 20
-2.118471007794028
 30
-0.0000000000000713
 11
0.0000000000001137
 21
-2.118471007794028
 31
-0.0000000000000713
1001
ACAD
1000
ASC_BOUNDS
1002
{
1070
    19
1002
}
  0
ARC
  5
4E2
330
4D4
100
AcDbEntity
  8
SYM
 62
     6
100
AcDbCircle
 10
-3.275627139490096
 20
1.339727757149488
 30
0.0
 40
3.753001395886008
100
AcDbArc
 50
351.6041390582103
 51
0.0
  0
ARC
  5
4E3
330
4D4
100
AcDbEntity
  8
SYM
 62
     6
100
AcDbCircle
 10
3.27562713692896
 20
1.339727757149488
 30
0.0
 40
3.753001395885701
100
AcDbArc
 50
180.0
 51
188.3958609417895
  0
ARC
  5
4E4
330
4D4
100
AcDbEntity
  8
SYM
 62
     6
100
AcDbCircle
 10
-1.646118135889878
 20
1.09922308311809
 30
0.0
 40
2.105839566523455
100
AcDbArc
 50
340.3879064634477
 51
351.6041390582103
  0
ARC
  5
4E5
330
4D4
100
AcDbEntity
  8
SYM
 62
     6
100
AcDbCircle
 10
1.646118131000547
 20
1.09922308311809
 30
0.0
 40
2.105839566524001
100
AcDbArc
 50
188.3958609417895
 51
199.6120935365522
  0
ARC
  5
4E6
330
4D4
100
AcDbEntity
  8
SYM
 62
     6
100
AcDbCircle
 10
0.0000000000001137
 20
0.1970594087616746
 30
0.0
 40
0.1970594076856637
100
AcDbArc
 50
270.0
 51
319.2966633738508
  0
ARC
  5
4E7
330
4D4
100
AcDbEntity
  8
SYM
 62
     6
100
AcDbCircle
 10
-0.6263273046350834
 20
0.7358493392821403
 30
0.0
 40
1.02324369730332
100
AcDbArc
 50
319.2966633738508
 51
340.3879064634477
  0
ARC
  5
4E8
330
4D4
100
AcDbEntity
  8
SYM
 62
     6
100
AcDbCircle
 10
0.0000000000001137
 20
0.1970594087616746
 30
0.0
 40
0.1970594076856072
100
AcDbArc
 50
220.7033366261491
 51
270.0
  0
ARC
  5
4E9
330
4D4
100
AcDbEntity
  8
SYM
 62
     6
100
AcDbCircle
 10
0.6263273020741737
 20
0.7358493392821403
 30
0.0
 40
1.023243697303338
100
AcDbArc
 50
199.6120935365522
 51
220.7033366261491
  0
LINE
  5
4EA
330
4D4
100
AcDbEntity
  8
SYM
 62
     6
100
AcDbLine
 10
-0.4623431791550276
 20
1.00417241174739
 30
0.0
 11
0.4623431765941178
 21
1.00417241174739
 31
0.0
  0
ARC
  5
4EB
330
4D4
100
AcDbEntity
  8
SYM
 62
     6
100
AcDbCircle
 10
-1.646118135889878
 20
1.580232430889849
 30
0.0
 40
2.105839566523995
100
AcDbArc
 50
8.395860941789637
 51
19.61209353655227
  0
ARC
  5
4EC
330
4D4
100
AcDbEntity
  8
SYM
 62
     6
100
AcDbCircle
 10
-0.6263273046350834
 20
1.943606175016725
 30
0.0
 40
1.023243697303319
100
AcDbArc
 50
19.61209353655227
 51
40.70333662614911
  0
ARC
  5
4ED
330
4D4
100
AcDbEntity
  8
SYM
 62
     6
100
AcDbCircle
 10
1.646118131000547
 20
1.580232430889849
 30
0.0
 40
2.105839566523576
100
AcDbArc
 50
160.3879064634476
 51
171.6041390582103
  0
ARC
  5
4EE
330
4D4
100
AcDbEntity
  8
SYM
 62
     6
100
AcDbCircle
 10
0.6263273020741737
 20
1.943606175016725
 30
0.0
 40
1.023243697303456
100
AcDbArc
 50
139.2966633738509
 51
160.3879064634476
  0
LINE
  5
4EF
330
4D4
100
AcDbEntity
  8
SYM
 62
     6
100
AcDbLine
 10
-0.4674751672428103
 20
1.612132994691023
 30
0.0
 11
0.4674751646817869
 21
1.612132994691023
 31
0.0
  0
ARC
  5
4F0
330
4D4
100
AcDbEntity
  8
SYM
 62
     6
100
AcDbCircle
 10
-3.275627139490096
 20
1.339727757149488
 30
0.0
 40
3.753001395886511
100
AcDbArc
 50
0.0
 51
8.395860941789637
  0
ARC
  5
4F1
330
4D4
100
AcDbEntity
  8
SYM
 62
     6
100
AcDbCircle
 10
3.27562713692896
 20
1.339727757149488
 30
0.0
 40
3.753001395886326
100
AcDbArc
 50
171.6041390582103
 51
180.0
  0
ARC
  5
4F2
330
4D4
100
AcDbEntity
  8
SYM
 62
     6
100
AcDbCircle
 10
0.0000000000001137
 20
2.482396105537191
 30
0.0
 40
0.1970594076856637
100
AcDbArc
 50
40.70333662614911
 51
90.0
  0
ARC
  5
4F3
330
4D4
100
AcDbEntity
  8
SYM
 62
     6
100
AcDbCircle
 10
0.0000000000001137
 20
2.482396105537191
 30
0.0
 40
0.1970594076856072
100
AcDbArc
 50
90.0
 51
139.2966633738509
  0
LINE
  5
4F4
330
4D4
100
AcDbEntity
  8
SYM
100
AcDbLine
 10
0.392394530121237
 20
-0.6217982486705296
 30
-0.0000000000000713
 11
0.0000000000001137
 21
-0.6217982486705296
 31
-0.0000000000000713
1001
ACAD
1000
ASC_BOUNDS
1002
{
1070
    19
1002
}
  0
LINE
  5
4F5
330
4D4
100
AcDbEntity
  8
SYM
100
AcDbLine
 10
-0.3923945326823741
 20
-0.6217982486705296
 30
-0.0000000000000713
 11
0.0000000000001137
 21
-0.6217982486705296
 31
-0.0000000000000713
1001
ACAD
1000
ASC_BOUNDS
1002
{
1070
    19
1002
}
  0
LINE
  5
4F6
330
4D4
100
AcDbEntity
  8
PIPE
  6
Continuous
100
AcDbLine
 10
0.0000000000001137
 20
-1.696812482550511
 30
0.0000000000000021
 11
0.0000000000001137
 21
-2.118471007793913
 31
0.0000000000000026
  0
LINE
  5
4F7
330
4D4
100
AcDbEntity
  8
PIPE
  6
Continuous
100
AcDbLine
 10
0.0000000000001137
 20
-0.6217982486704159
 30
-0.0000000000000713
 11
0.0000000000001137
 21
0.0000000010759322
 31
0.0
  0
LINE
  5
4F8
330
4D4
100
AcDbEntity
  8
PIPE
  6
Continuous
100
AcDbLine
 10
-0.000000080731752
 20
-4.062417242778677
 30
0.0000000000000066
 11
-0.000000080731752
 21
-3.244235407677364
 31
-0.0000000000000713
  0
ENDBLK
  5
4F9
330
4D4
100
AcDbEntity
  8
0
100
AcDbBlockEnd
  0
BLOCK
  5
511
330
50E
100
AcDbEntity
  8
0
100
AcDbBlockBegin
  2
DIMDOT
 70
     0
 10
0.0
 20
0.0
 30
0.0
  3
DIMDOT
  1

  0
CIRCLE
  5
512
330
50E
100
AcDbEntity
  8
0
 62
     0
100
AcDbCircle
 10
0.0
 20
0.0
 30
0.0
 40
0.5
  0
CIRCLE
  5
513
330
50E
100
AcDbEntity
  8
0
 62
     0
100
AcDbCircle
 10
0.0
 20
0.0
 30
0.0
 40
0.25
  0
LINE
  5
514
330
50E
100
AcDbEntity
  8
0
 62
     0
100
AcDbLine
 10
-2.0
 20
0.0
 30
0.0
 11
2.0
 21
0.0
 31
0.0
  0
ENDBLK
  5
515
330
50E
100
AcDbEntity
  8
0
100
AcDbBlockEnd
  0
BLOCK
  5
36A
330
367
100
AcDbEntity
  8
0
100
AcDbBlockBegin
  2
DOUBLE
 70
     0
 10
0.0
 20
0.0
 30
0.0
  3
DOUBLE
  1

  0
CIRCLE
  5
36B
330
367
100
AcDbEntity
  8
0
  6
ByBlock
 62
     0
100
AcDbCircle
 10
0.0
 20
0.0
 30
0.0
 40
0.15
  0
CIRCLE
  5
36C
330
367
100
AcDbEntity
  8
0
  6
ByBlock
 62
     0
100
AcDbCircle
 10
0.0
 20
0.0
 30
0.0
 40
0.3
  0
ENDBLK
  5
36D
330
367
100
AcDbEntity
  8
0
100
AcDbBlockEnd
  0
BLOCK
  5
7AB
330
7A8
100
AcDbEntity
  8
0
100
AcDbBlockBegin
  2
zw$89CA
 70
     0
 10
0.0
 20
0.0
 30
0.0
  3
zw$89CA
  1

  0
LWPOLYLINE
  5
7AC
330
7A8
100
AcDbEntity
  8
Defpoints
100
AcDbPolyline
 90
        4
 70
     1
 43
0.0
 10
-65.09009999997215
 20
0.0
 10
-65.09009999997215
 20
14.99999998295971
 10
0.0
 20
14.99999998295971
 10
0.0
 20
0.0
  0
LINE
  5
7AD
330
7A8
100
AcDbEntity
  8
PIPE
  6
Continuous
 62
     4
 48
2.0
100
AcDbLine
 10
-7.638789839344098
 20
12.7236321898381
 30
-0.000000000015121
 11
-8.537597546295726
 21
12.20470531839237
 31
-0.000000000015121
1001
AcDbBlockRepETag
1070
     1
1071
        5
1005
0
  0
LINE
  5
7AE
330
7A8
100
AcDbEntity
  8
PIPE
  6
Continuous
 62
     4
 48
2.0
100
AcDbLine
 10
-7.638789839344098
 20
12.7236321898381
 30
-0.000000000015121
 11
-8.537597546295726
 21
12.20470531839237
 31
-0.000000000015121
1001
AcDbBlockRepETag
1070
     1
1071
        6
1005
0
  0
LINE
  5
7AF
330
7A8
100
AcDbEntity
  8
PIPE
  6
Continuous
 62
     4
 48
2.0
100
AcDbLine
 10
-8.537597546295726
 20
12.20470531839237
 30
-0.000000000015121
 11
-7.638789839344098
 21
11.68577844693209
 31
-0.000000000015121
1001
AcDbBlockRepETag
1070
     1
1071
        7
1005
0
  0
LINE
  5
7B0
330
7A8
100
AcDbEntity
  8
PIPE
  6
Continuous
 62
     4
 48
2.0
100
AcDbLine
 10
-7.648552706057671
 20
11.68014185319771
 30
-0.000000000015121
 11
-7.648552706057671
 21
12.71799559611827
 31
-0.000000000015121
1001
AcDbBlockRepETag
1070
     1
1071
        8
1005
0
  0
LINE
  5
7B1
330
7A8
100
AcDbEntity
  8
PIPE
  6
Continuous
 62
     4
 48
2.0
100
AcDbLine
 10
-8.537597546295726
 20
12.20470531839237
 30
-0.000000000015121
 11
-7.638789839344098
 21
11.68577844693209
 31
-0.000000000015121
1001
AcDbBlockRepETag
1070
     1
1071
        9
1005
0
  0
LINE
  5
7B2
330
7A8
100
AcDbEntity
  8
PIPE
  6
Continuous
 62
     4
 48
2.0
100
AcDbLine
 10
-7.648552706057671
 20
11.68014185319771
 30
-0.000000000015121
 11
-7.648552706057671
 21
12.71799559611827
 31
-0.000000000015121
1001
AcDbBlockRepETag
1070
     1
1071
       10
1005
0
  0
LINE
  5
7B3
330
7A8
100
AcDbEntity
  8
PIPE
  6
Continuous
 62
     4
 48
2.0
100
AcDbLine
 10
-7.648552706057671
 20
12.19906872465799
 30
-0.000000000015121
 11
-6.48325593577465
 21
12.19906872465799
 31
-0.000000000015121
1001
AcDbBlockRepETag
1070
     1
1071
       11
1005
0
  0
LINE
  5
7B4
330
7A8
100
AcDbEntity
  8
PIPE
  6
Continuous
 62
     4
 48
2.0
100
AcDbLine
 10
-7.648552706057671
 20
12.19906872465799
 30
-0.000000000015121
 11
-6.48325593577465
 21
12.19906872465799
 31
-0.000000000015121
1001
AcDbBlockRepETag
1070
     1
1071
       12
1005
0
  0
LINE
  5
7B5
330
7A8
100
AcDbEntity
  8
PIPE
  6
Continuous
 62
     4
 48
2.0
100
AcDbLine
 10
-8.018670674588065
 20
13.10351302538765
 30
-0.000000000015121
 11
-8.537597546295726
 21
12.20470531839237
 31
-0.000000000015121
1001
AcDbBlockRepETag
1070
     1
1071
       13
1005
0
  0
LINE
  5
7B6
330
7A8
100
AcDbEntity
  8
PIPE
  6
Continuous
 62
     4
 48
2.0
100
AcDbLine
 10
-8.018670674588065
 20
13.10351302538765
 30
-0.000000000015121
 11
-8.537597546295726
 21
12.20470531839237
 31
-0.000000000015121
1001
AcDbBlockRepETag
1070
     1
1071
       14
1005
0
  0
LINE
  5
7B7
330
7A8
100
AcDbEntity
  8
PIPE
  6
Continuous
 62
     4
 48
2.0
100
AcDbLine
 10
-8.537597546295726
 20
12.20470531839237
 30
-0.000000000015121
 11
-9.056524418003391
 21
13.10351302538765
 31
-0.000000000015121
1001
AcDbBlockRepETag
1070
     1
1071
       15
1005
0
  0
LINE
  5
7B8
330
7A8
100
AcDbEntity
  8
PIPE
  6
Continuous
 62
     4
 48
2.0
100
AcDbLine
 10
-9.056524418003391
 20
13.10351302538765
 30
-0.000000000015121
 11
-8.018670674588065
 21
13.10351302538765
 31
-0.000000000015121
1001
AcDbBlockRepETag
1070
     1
1071
       16
1005
0
  0
LINE
  5
7B9
330
7A8
100
AcDbEntity
  8
PIPE
  6
Continuous
 62
     4
 48
2.0
100
AcDbLine
 10
-8.537597546295726
 20
12.20470531839237
 30
-0.000000000015121
 11
-9.056524418003391
 21
13.10351302538765
 31
-0.000000000015121
1001
AcDbBlockRepETag
1070
     1
1071
       17
1005
0
  0
LINE
  5
7BA
330
7A8
100
AcDbEntity
  8
PIPE
  6
Continuous
 62
     4
 48
2.0
100
AcDbLine
 10
-9.056524418003391
 20
13.10351302538765
 30
-0.000000000015121
 11
-8.018670674588065
 21
13.10351302538765
 31
-0.000000000015121
1001
AcDbBlockRepETag
1070
     1
1071
       18
1005
0
  0
LINE
  5
7BB
330
7A8
100
AcDbEntity
  8
PIPE
  6
Continuous
 62
     4
 48
2.0
100
AcDbLine
 10
-8.537597546295726
 20
13.10351302538765
 30
-0.000000000015121
 11
-8.537597546295726
 21
13.98465545810177
 31
-0.000000000015121
1001
AcDbBlockRepETag
1070
     1
1071
       19
1005
0
  0
LINE
  5
7BC
330
7A8
100
AcDbEntity
  8
헤드
100
AcDbLine
 10
-31.53759754815837
 20
9.986889151827199
 30
-0.0000000000475548
 11
-31.53759754815837
 21
12.98465242805832
 31
-0.0000000000475548
1001
AcDbBlockRepETag
1070
     1
1071
       26
1005
7BC
  0
LINE
  5
7BD
330
7A8
100
AcDbEntity
  8
헤드
100
AcDbLine
 10
-16.53759754629573
 20
9.987999354940255
 30
-0.0000000000342441
 11
-16.53759754629573
 21
12.98465253719769
 31
-0.0000000000342441
1001
AcDbBlockRepETag
1070
     1
1071
       26
1005
7BD
  0
LINE
  5
7BE
330
7A8
100
AcDbEntity
  8
헤드
100
AcDbLine
 10
-19.03759754693601
 20
9.984659631911199
 30
-0.0000000000331869
 11
-19.03759754693601
 21
12.98465253719769
 31
-0.0000000000342265
1001
AcDbBlockRepETag
1070
     1
1071
       26
1005
7BE
  0
LINE
  5
7BF
330
7A8
100
AcDbEntity
  8
헤드
100
AcDbLine
 10
-21.53759754693601
 20
9.984659631911199
 30
-0.0000000000315995
 11
-21.53759754693601
 21
13.98465476233105
 31
-0.0000000000329857
1001
AcDbBlockRepETag
1070
     1
1071
       26
1005
7BF
  0
LINE
  5
7C0
330
7A8
100
AcDbEntity
  8
헤드
100
AcDbLine
 10
-14.03759754629573
 20
9.984659631911199
 30
-0.0000000000351169
 11
-14.03759754629573
 21
12.98465253719769
 31
-0.0000000000361566
1001
AcDbBlockRepETag
1070
     1
1071
       26
1005
7C0
  0
LINE
  5
7C1
330
7A8
100
AcDbEntity
  8
헤드
100
AcDbLine
 10
-41.53759755060309
 20
9.984659522713625
 30
-0.0000000000417709
 11
-41.53759755060309
 21
12.98465534897696
 31
-0.0000000000428105
1001
AcDbBlockRepETag
1070
     1
1071
       26
1005
7C1
  0
LINE
  5
7C2
330
7A8
100
AcDbEntity
  8
헤드
100
AcDbLine
 10
-44.03759755060309
 20
9.984659522713625
 30
-0.0000000000401835
 11
-44.03759755060309
 21
13.98465364209551
 31
-0.0000000000415697
1001
AcDbBlockRepETag
1070
     1
1071
       26
1005
7C2
  0
LINE
  5
7C3
330
7A8
100
AcDbEntity
  8
헤드
100
AcDbLine
 10
-46.53759755118517
 20
9.984659522684522
 30
-0.0000000000398408
 11
-46.53759755124338
 21
12.9846553489624
 31
-0.0000000000408804
1001
AcDbBlockRepETag
1070
     1
1071
       26
1005
7C3
  0
LINE
  5
7C4
330
7A8
100
AcDbEntity
  8
헤드
100
AcDbLine
 10
-49.03759755118517
 20
9.984659522684522
 30
-0.0000000000382534
 11
-49.03759755124338
 21
12.9846553489624
 31
-0.0000000000392931
1001
AcDbBlockRepETag
1070
     1
1071
       26
1005
7C4
  0
LINE
  5
7C5
330
7A8
100
AcDbEntity
  8
헤드
100
AcDbLine
 10
-51.53759755182545
 20
9.98465952265542
 30
-0.0000000000379107
 11
-51.53759755182545
 21
13.98465318135277
 31
-0.0000000000392969
1001
AcDbBlockRepETag
1070
     1
1071
       26
1005
7C5
  0
LINE
  5
7C6
330
7A8
100
AcDbEntity
  8
헤드
100
AcDbLine
 10
-65.09010004671289
 20
13.98465256513736
 30
-0.0000000000168282
 11
-8.537597546295726
 21
13.98465545810177
 31
-0.0000000000154553
  0
LWPOLYLINE
  5
7C7
330
7A8
100
AcDbEntity
  8
헤드
 62
     6
100
AcDbPolyline
 90
        2
 70
     1
 43
0.556875101987373
 10
-21.81603509833804
 20
9.390099249940247
 42
-1.0
 10
-21.25915999675635
 20
9.390099249940247
 42
-1.0
1001
AcDbBlockRepETag
1070
     1
1071
       40
1005
7C7
  0
CIRCLE
  5
7C8
330
7A8
100
AcDbEntity
  8
헤드
 62
     6
100
AcDbCircle
 10
-21.53759754693601
 20
9.390654296919819
 30
-0.0000000000315995
 40
0.5940053349809569
1001
AcDbBlockRepETag
1070
     1
1071
       29
1005
7C8
  0
LWPOLYLINE
  5
7C9
330
7A8
100
AcDbEntity
  8
헤드
 62
     6
100
AcDbPolyline
 90
        2
 70
     1
 43
0.556875101987373
 10
-41.81603510200512
 20
9.390099140757227
 42
-1.0
 10
-41.25916000042344
 20
9.390099140757227
 42
-1.0
1001
AcDbBlockRepETag
1070
     1
1071
       40
1005
7C9
  0
CIRCLE
  5
7CA
330
7A8
100
AcDbEntity
  8
헤드
 62
     6
100
AcDbCircle
 10
-41.53759755060309
 20
9.390654187736801
 30
-0.0000000000417709
 40
0.5940053349809569
1001
AcDbBlockRepETag
1070
     1
1071
       29
1005
7CA
  0
LWPOLYLINE
  5
7CB
330
7A8
100
AcDbEntity
  8
헤드
 62
     6
100
AcDbPolyline
 90
        2
 70
     1
 43
0.556875101987373
 10
-44.31603510200512
 20
9.390099140757227
 42
-1.0
 10
-43.75916000042344
 20
9.390099140757227
 42
-1.0
1001
AcDbBlockRepETag
1070
     1
1071
       40
1005
7CB
  0
CIRCLE
  5
7CC
330
7A8
100
AcDbEntity
  8
헤드
 62
     6
100
AcDbCircle
 10
-44.03759755060309
 20
9.390654187736801
 30
-0.0000000000401835
 40
0.5940053349809569
1001
AcDbBlockRepETag
1070
     1
1071
       29
1005
7CC
  0
LWPOLYLINE
  5
7CD
330
7A8
100
AcDbEntity
  8
헤드
 62
     6
100
AcDbPolyline
 90
        2
 70
     1
 43
0.556875101987373
 10
-46.81603510258718
 20
9.390099140728123
 42
-1.0
 10
-46.25916000106371
 20
9.390099140728123
 42
-1.0
1001
AcDbBlockRepETag
1070
     1
1071
       40
1005
7CD
  0
CIRCLE
  5
7CE
330
7A8
100
AcDbEntity
  8
헤드
 62
     6
100
AcDbCircle
 10
-46.53759755118517
 20
9.390654187707694
 30
-0.0000000000398408
 40
0.5940053349809569
1001
AcDbBlockRepETag
1070
     1
1071
       29
1005
7CE
  0
LWPOLYLINE
  5
7CF
330
7A8
100
AcDbEntity
  8
헤드
 62
     6
100
AcDbPolyline
 90
        2
 70
     1
 43
0.556875101987373
 10
-49.31603510258718
 20
9.390099140728123
 42
-1.0
 10
-48.75916000106371
 20
9.390099140728123
 42
-1.0
1001
AcDbBlockRepETag
1070
     1
1071
       40
1005
7CF
  0
CIRCLE
  5
7D0
330
7A8
100
AcDbEntity
  8
헤드
 62
     6
100
AcDbCircle
 10
-49.03759755118517
 20
9.390654187707694
 30
-0.0000000000382534
 40
0.5940053349809569
1001
AcDbBlockRepETag
1070
     1
1071
       29
1005
7D0
  0
LWPOLYLINE
  5
7D1
330
7A8
100
AcDbEntity
  8
헤드
 62
     6
100
AcDbPolyline
 90
        2
 70
     1
 43
0.556875101987373
 10
-51.81603510322747
 20
9.390099140684466
 42
-1.0
 10
-51.25916000164578
 20
9.390099140684466
 42
-1.0
1001
AcDbBlockRepETag
1070
     1
1071
       40
1005
7D1
  0
CIRCLE
  5
7D2
330
7A8
100
AcDbEntity
  8
헤드
 62
     6
100
AcDbCircle
 10
-51.53759755182545
 20
9.390654187678592
 30
-0.0000000000379107
 40
0.5940053349809569
1001
AcDbBlockRepETag
1070
     1
1071
       29
1005
7D2
  0
LINE
  5
7D3
330
7A8
100
AcDbEntity
  8
헤드
100
AcDbLine
 10
-50.28759757243097
 20
12.9846553489624
 30
-0.000000000032365
 11
-46.53759755124338
 21
12.9846553489624
 31
-0.000000000032365
  0
LINE
  5
7D4
330
7A8
100
AcDbEntity
  8
헤드
100
AcDbLine
 10
-20.03767708363012
 20
12.98465253719769
 30
-0.0000000000368174
 11
-14.03759754629573
 21
12.98465253719769
 31
-0.0000000000368174
  0
LWPOLYLINE
  5
7D5
330
7A8
100
AcDbEntity
  8
헤드
 62
     6
100
AcDbPolyline
 90
        3
 70
     1
 43
0.0
 10
-13.4435922112898
 20
8.955812211730517
 10
-14.03759754629573
 20
9.984659631911199
 10
-14.63160288130166
 20
8.955812211730517
1001
AcDbBlockRepETag
1070
     1
1071
       55
1005
7D5
  0
CIRCLE
  5
7D6
330
7A8
100
AcDbEntity
  8
헤드
 62
     6
100
AcDbCircle
 10
-31.53759761113906
 20
9.390654187722248
 30
-0.0000000000426512
 40
0.5940053349809569
1001
AcDbBlockRepETag
1070
     1
1071
       29
1005
7D6
  0
LINE
  5
7D7
330
7A8
100
AcDbEntity
  8
헤드
100
AcDbLine
 10
-50.28759757243097
 20
13.98465534883144
 30
-0.0000000000436605
 11
-50.28759757243097
 21
12.9846553489624
 31
-0.0000000000436605
  0
LWPOLYLINE
  5
7D8
330
7A8
100
AcDbEntity
  8
헤드
 62
     6
100
AcDbPolyline
 90
        2
 70
     1
 43
0.556875101987373
 10
-16.81603509769775
 20
9.393438972969306
 42
-1.0
 10
-16.25915999611606
 20
9.393438972969306
 42
-1.0
1001
AcDbBlockRepETag
1070
     1
1071
       40
1005
7D8
  0
CIRCLE
  5
7D9
330
7A8
100
AcDbEntity
  8
헤드
 62
     6
100
AcDbCircle
 10
-16.53759754629573
 20
9.393994019963427
 30
-0.0000000000342441
 40
0.5940053349809569
1001
AcDbBlockRepETag
1070
     1
1071
       29
1005
7D9
  0
LINE
  5
7DA
330
7A8
100
AcDbEntity
  8
헤드
100
AcDbLine
 10
-24.03759754751809
 20
9.984659631911199
 30
-0.0000000000315819
 11
-24.03759754751809
 21
13.98465462852618
 31
-0.0000000000329681
1001
AcDbBlockRepETag
1070
     1
1071
       26
1005
7DA
  0
LINE
  5
7DB
330
7A8
100
AcDbEntity
  8
헤드
100
AcDbLine
 10
-29.03759754815837
 20
9.984659522757283
 30
-0.0000000000471656
 11
-29.03759754815837
 21
12.98465242805832
 31
-0.0000000000482052
1001
AcDbBlockRepETag
1070
     1
1071
       26
1005
7DB
  0
LWPOLYLINE
  5
7DC
330
7A8
100
AcDbEntity
  8
헤드
 62
     6
100
AcDbPolyline
 90
        2
 70
     1
 43
0.556875101987373
 10
-24.31603509892011
 20
9.390099249940247
 42
-1.0
 10
-23.75915999733843
 20
9.390099249940247
 42
-1.0
1001
AcDbBlockRepETag
1070
     1
1071
       40
1005
7DC
  0
CIRCLE
  5
7DD
330
7A8
100
AcDbEntity
  8
헤드
 62
     6
100
AcDbCircle
 10
-24.03759754751809
 20
9.390654296934373
 30
-0.0000000000315819
 40
0.5940053349809569
1001
AcDbBlockRepETag
1070
     1
1071
       29
1005
7DD
  0
LINE
  5
7DE
330
7A8
100
AcDbEntity
  8
헤드
100
AcDbLine
 10
-35.28759756934596
 20
12.98465242805832
 30
-0.0000000000523834
 11
-29.03759754815837
 21
12.98465242805832
 31
-0.0000000000523834
  0
LINE
  5
7DF
330
7A8
100
AcDbEntity
  8
헤드
100
AcDbLine
 10
-34.03759754815837
 20
9.984659522728179
 30
-0.0000000000445813
 11
-34.03759754815837
 21
12.98465242805832
 31
-0.0000000000456209
1001
AcDbBlockRepETag
1070
     1
1071
       26
1005
7DF
  0
LINE
  5
7E0
330
7A8
100
AcDbEntity
  8
헤드
100
AcDbLine
 10
-36.53759754874045
 20
9.984659522713625
 30
-0.0000000000442385
 11
-36.53759754874045
 21
13.98465398416738
 31
-0.0000000000456247
1001
AcDbBlockRepETag
1070
     1
1071
       26
1005
7E0
  0
LINE
  5
7E1
330
7A8
100
AcDbEntity
  8
헤드
100
AcDbLine
 10
-39.03759754874045
 20
9.984659522713625
 30
-0.0000000000426512
 11
-39.03759754874045
 21
12.98465534897696
 31
-0.0000000000436908
1001
AcDbBlockRepETag
1070
     1
1071
       26
1005
7E1
  0
LWPOLYLINE
  5
7E2
330
7A8
100
AcDbEntity
  8
헤드
 62
     6
100
AcDbPolyline
 90
        2
 70
     1
 43
0.556875101987373
 10
-19.31603509833803
 20
9.390099249940247
 42
-1.0
 10
-18.75915999675635
 20
9.390099249940247
 42
-1.0
1001
AcDbBlockRepETag
1070
     1
1071
       40
1005
7E2
  0
CIRCLE
  5
7E3
330
7A8
100
AcDbEntity
  8
헤드
 62
     6
100
AcDbCircle
 10
-19.03759754693601
 20
9.390654296919819
 30
-0.0000000000331869
 40
0.5940053349809569
1001
AcDbBlockRepETag
1070
     1
1071
       29
1005
7E3
  0
LWPOLYLINE
  5
7E4
330
7A8
100
AcDbEntity
  8
헤드
 62
     6
100
AcDbPolyline
 90
        3
 70
     1
 43
0.0
 10
-28.44359227619134
 20
8.955812102562047
 10
-29.03759761113906
 20
9.984659522742733
 10
-29.631602946145
 20
8.955812102562047
1001
AcDbBlockRepETag
1070
     1
1071
       55
1005
7E4
  0
LWPOLYLINE
  5
7E5
330
7A8
100
AcDbEntity
  8
헤드
 62
     6
100
AcDbPolyline
 90
        2
 70
     1
 43
0.556875101987373
 10
-36.81603510014247
 20
9.390099140771779
 42
-1.0
 10
-36.259159998619
 20
9.390099140771779
 42
-1.0
1001
AcDbBlockRepETag
1070
     1
1071
       40
1005
7E5
  0
CIRCLE
  5
7E6
330
7A8
100
AcDbEntity
  8
헤드
 62
     6
100
AcDbCircle
 10
-36.53759754874045
 20
9.390654187751351
 30
-0.0000000000442385
 40
0.5940053349809569
1001
AcDbBlockRepETag
1070
     1
1071
       29
1005
7E6
  0
LWPOLYLINE
  5
7E7
330
7A8
100
AcDbEntity
  8
헤드
 62
     6
100
AcDbPolyline
 90
        2
 70
     1
 43
0.556875101987373
 10
-39.31603510014247
 20
9.390099140771779
 42
-1.0
 10
-38.759159998619
 20
9.390099140771779
 42
-1.0
1001
AcDbBlockRepETag
1070
     1
1071
       40
1005
7E7
  0
CIRCLE
  5
7E8
330
7A8
100
AcDbEntity
  8
헤드
 62
     6
100
AcDbCircle
 10
-39.03759754874045
 20
9.390654187751351
 30
-0.0000000000442385
 40
0.5940053349809569
1001
AcDbBlockRepETag
1070
     1
1071
       29
1005
7E8
  0
LINE
  5
7E9
330
7A8
100
AcDbEntity
  8
헤드
100
AcDbLine
 10
-26.53759754815837
 20
9.984659631911199
 30
-0.0000000000315819
 11
-26.53759754815837
 21
13.98465453731478
 31
-0.0000000000329681
1001
AcDbBlockRepETag
1070
     1
1071
       26
1005
7E9
  0
LWPOLYLINE
  5
7EA
330
7A8
100
AcDbEntity
  8
헤드
 62
     6
100
AcDbPolyline
 90
        2
 70
     1
 43
0.556875101987373
 10
-34.3160350995604
 20
9.390099140771779
 42
-1.0
 10
-33.75915999797872
 20
9.390099140771779
 42
-1.0
1001
AcDbBlockRepETag
1070
     1
1071
       40
1005
7EA
  0
CIRCLE
  5
7EB
330
7A8
100
AcDbEntity
  8
헤드
 62
     6
100
AcDbCircle
 10
-34.03759754815837
 20
9.390654187751351
 30
-0.0000000000442385
 40
0.5940053349809569
1001
AcDbBlockRepETag
1070
     1
1071
       29
1005
7EB
  0
LINE
  5
7EC
330
7A8
100
AcDbEntity
  8
헤드
100
AcDbLine
 10
-20.03767708363012
 20
13.98465545808722
 30
-0.0000000000392108
 11
-20.03767708363012
 21
12.98465253719769
 31
-0.0000000000392108
  0
LWPOLYLINE
  5
7ED
330
7A8
100
AcDbEntity
  8
헤드
 62
     6
100
AcDbPolyline
 90
        2
 70
     1
 43
0.556875101987373
 10
-26.8160350995604
 20
9.390099249940247
 42
-1.0
 10
-26.25915999797872
 20
9.390099249940247
 42
-1.0
1001
AcDbBlockRepETag
1070
     1
1071
       40
1005
7ED
  0
CIRCLE
  5
7EE
330
7A8
100
AcDbEntity
  8
헤드
 62
     6
100
AcDbCircle
 10
-26.53759754815837
 20
9.390654296934373
 30
-0.0000000000315819
 40
0.5940053349809569
1001
AcDbBlockRepETag
1070
     1
1071
       29
1005
7EE
  0
LINE
  5
7EF
330
7A8
100
AcDbEntity
  8
헤드
100
AcDbLine
 10
-35.28759756934596
 20
13.98465534886054
 30
-0.0000000000461244
 11
-35.28759756934596
 21
12.98465242805832
 31
-0.0000000000461244
  0
LINE
  5
7F0
330
7A8
100
AcDbEntity
  8
헤드
100
AcDbLine
 10
-42.78759757056831
 20
12.98465534897696
 30
-0.0000000000436908
 11
-39.03759754874045
 21
12.98465534897696
 31
-0.0000000000436908
  0
LINE
  5
7F1
330
7A8
100
AcDbEntity
  8
헤드
100
AcDbLine
 10
-42.78759757179068
 20
13.98465534884599
 30
-0.000000000047178
 11
-42.78759757179068
 21
12.98465534897696
 31
-0.000000000047178
  0
LINE
  5
7F2
330
7A8
100
AcDbEntity
  8
헤드
100
AcDbLine
 10
-54.03759753535268
 20
9.984659631838439
 30
-0.0000000000550473
 11
-54.03759753535268
 21
13.98465453724202
 31
-0.0000000000564335
1001
AcDbBlockRepETag
1070
     1
1071
       26
1005
7F2
  0
LWPOLYLINE
  5
7F3
330
7A8
100
AcDbEntity
  8
헤드
 62
     6
100
AcDbPolyline
 90
        2
 70
     1
 43
0.556875101987373
 10
-54.31603508675472
 20
9.390099249882039
 42
-1.0
 10
-53.75915998517303
 20
9.390099249882039
 42
-1.0
1001
AcDbBlockRepETag
1070
     1
1071
       40
1005
7F3
  0
CIRCLE
  5
7F4
330
7A8
100
AcDbEntity
  8
헤드
 62
     6
100
AcDbCircle
 10
-54.03759753535268
 20
9.390654296861612
 30
-0.0000000000550473
 40
0.5940053349809569
1001
AcDbBlockRepETag
1070
     1
1071
       29
1005
7F4
  0
ENDBLK
  5
7F5
330
7A8
100
AcDbEntity
  8
0
100
AcDbBlockEnd
  0
BLOCK
  5
75C
330
759
100
AcDbEntity
  8
0
100
AcDbBlockBegin
  2
zw$FDB4
 70
     0
 10
0.0
 20
0.0
 30
0.0
  3
zw$FDB4
  1

  0
LWPOLYLINE
  5
75D
330
759
100
AcDbEntity
  8
Defpoints
100
AcDbPolyline
 90
        4
 70
     1
 43
0.0
 10
-65.09009999997215
 20
0.0
 10
-65.09009999997215
 20
14.99999998295971
 10
0.0
 20
14.99999998295971
 10
0.0
 20
0.0
  0
LINE
  5
75E
330
759
100
AcDbEntity
  8
PIPE
  6
Continuous
 62
     4
 48
2.0
100
AcDbLine
 10
-7.638789788179566
 20
11.72363412051345
 30
-0.0000000000310627
 11
-8.537597495131192
 21
11.20470724906772
 31
-0.0000000000310627
1001
AcDbBlockRepETag
1070
     1
1071
        5
1005
0
  0
LINE
  5
75F
330
759
100
AcDbEntity
  8
PIPE
  6
Continuous
 62
     4
 48
2.0
100
AcDbLine
 10
-7.638789788179566
 20
11.72363412051345
 30
-0.0000000000310627
 11
-8.537597495131192
 21
11.20470724906772
 31
-0.0000000000310627
1001
AcDbBlockRepETag
1070
     1
1071
        6
1005
0
  0
LINE
  5
760
330
759
100
AcDbEntity
  8
PIPE
  6
Continuous
 62
     4
 48
2.0
100
AcDbLine
 10
-8.537597495131192
 20
11.20470724906772
 30
-0.0000000000310627
 11
-7.638789788179566
 21
10.68578037760744
 31
-0.0000000000310627
1001
AcDbBlockRepETag
1070
     1
1071
        7
1005
0
  0
LINE
  5
761
330
759
100
AcDbEntity
  8
PIPE
  6
Continuous
 62
     4
 48
2.0
100
AcDbLine
 10
-7.648552654893137
 20
10.68014378387306
 30
-0.0000000000310627
 11
-7.648552654893137
 21
11.71799752679362
 31
-0.0000000000310627
1001
AcDbBlockRepETag
1070
     1
1071
        8
1005
0
  0
LINE
  5
762
330
759
100
AcDbEntity
  8
PIPE
  6
Continuous
 62
     4
 48
2.0
100
AcDbLine
 10
-8.537597495131192
 20
11.20470724906772
 30
-0.0000000000310627
 11
-7.638789788179566
 21
10.68578037760744
 31
-0.0000000000310627
1001
AcDbBlockRepETag
1070
     1
1071
        9
1005
0
  0
LINE
  5
763
330
759
100
AcDbEntity
  8
PIPE
  6
Continuous
 62
     4
 48
2.0
100
AcDbLine
 10
-7.648552654893137
 20
10.68014378387306
 30
-0.0000000000310627
 11
-7.648552654893137
 21
11.71799752679362
 31
-0.0000000000310627
1001
AcDbBlockRepETag
1070
     1
1071
       10
1005
0
  0
LINE
  5
764
330
759
100
AcDbEntity
  8
PIPE
  6
Continuous
 62
     4
 48
2.0
100
AcDbLine
 10
-7.648552654893137
 20
11.19907065533334
 30
-0.0000000000310627
 11
-6.483255884610116
 21
11.19907065533334
 31
-0.0000000000310627
1001
AcDbBlockRepETag
1070
     1
1071
       11
1005
0
  0
LINE
  5
765
330
759
100
AcDbEntity
  8
PIPE
  6
Continuous
 62
     4
 48
2.0
100
AcDbLine
 10
-7.648552654893137
 20
11.19907065533334
 30
-0.0000000000310627
 11
-6.483255884610116
 21
11.19907065533334
 31
-0.0000000000310627
1001
AcDbBlockRepETag
1070
     1
1071
       12
1005
0
  0
LINE
  5
766
330
759
100
AcDbEntity
  8
PIPE
  6
Continuous
 62
     4
 48
2.0
100
AcDbLine
 10
-8.018670623423531
 20
12.10351495606301
 30
-0.0000000000310627
 11
-8.537597495131192
 21
11.20470724906772
 31
-0.0000000000310627
1001
AcDbBlockRepETag
1070
     1
1071
       13
1005
0
  0
LINE
  5
767
330
759
100
AcDbEntity
  8
PIPE
  6
Continuous
 62
     4
 48
2.0
100
AcDbLine
 10
-8.018670623423531
 20
12.10351495606301
 30
-0.0000000000310627
 11
-8.537597495131192
 21
11.20470724906772
 31
-0.0000000000310627
1001
AcDbBlockRepETag
1070
     1
1071
       14
1005
0
  0
LINE
  5
768
330
759
100
AcDbEntity
  8
PIPE
  6
Continuous
 62
     4
 48
2.0
100
AcDbLine
 10
-8.537597495131192
 20
11.20470724906772
 30
-0.0000000000310627
 11
-9.056524366838855
 21
12.10351495606301
 31
-0.0000000000310627
1001
AcDbBlockRepETag
1070
     1
1071
       15
1005
0
  0
LINE
  5
769
330
759
100
AcDbEntity
  8
PIPE
  6
Continuous
 62
     4
 48
2.0
100
AcDbLine
 10
-9.056524366838855
 20
12.10351495606301
 30
-0.0000000000310627
 11
-8.018670623423531
 21
12.10351495606301
 31
-0.0000000000310627
1001
AcDbBlockRepETag
1070
     1
1071
       16
1005
0
  0
LINE
  5
76A
330
759
100
AcDbEntity
  8
PIPE
  6
Continuous
 62
     4
 48
2.0
100
AcDbLine
 10
-8.537597495131192
 20
11.20470724906772
 30
-0.0000000000310627
 11
-9.056524366838855
 21
12.10351495606301
 31
-0.0000000000310627
1001
AcDbBlockRepETag
1070
     1
1071
       17
1005
0
  0
LINE
  5
76B
330
759
100
AcDbEntity
  8
PIPE
  6
Continuous
 62
     4
 48
2.0
100
AcDbLine
 10
-9.056524366838855
 20
12.10351495606301
 30
-0.0000000000310627
 11
-8.018670623423531
 21
12.10351495606301
 31
-0.0000000000310627
1001
AcDbBlockRepETag
1070
     1
1071
       18
1005
0
  0
LINE
  5
76C
330
759
100
AcDbEntity
  8
PIPE
  6
Continuous
 62
     4
 48
2.0
100
AcDbLine
 10
-8.537597495131192
 20
12.10351495606301
 30
-0.0000000000310627
 11
-8.537597495131192
 21
12.98465738877712
 31
-0.0000000000310627
1001
AcDbBlockRepETag
1070
     1
1071
       19
1005
0
  0
LINE
  5
76D
330
759
100
AcDbEntity
  8
헤드
100
AcDbLine
 10
-31.53759749699384
 20
8.986891082502552
 30
-0.0000000000634965
 11
-31.53759749699384
 21
11.98465435873368
 31
-0.0000000000634965
1001
AcDbBlockRepETag
1070
     1
1071
       26
1005
76D
  0
LINE
  5
76E
330
759
100
AcDbEntity
  8
헤드
100
AcDbLine
 10
-16.53759749513119
 20
8.988001285615609
 30
-0.0000000000501858
 11
-16.53759749513119
 21
11.98465446787304
 31
-0.0000000000501858
1001
AcDbBlockRepETag
1070
     1
1071
       26
1005
76E
  0
LINE
  5
76F
330
759
100
AcDbEntity
  8
헤드
100
AcDbLine
 10
-19.03759749577148
 20
8.984661562586552
 30
-0.0000000000491286
 11
-19.03759749577148
 21
11.98465446787304
 31
-0.0000000000501682
1001
AcDbBlockRepETag
1070
     1
1071
       26
1005
76F
  0
LINE
  5
770
330
759
100
AcDbEntity
  8
헤드
100
AcDbLine
 10
-21.53759749577148
 20
8.984661562586552
 30
-0.0000000000475412
 11
-21.53759749577148
 21
12.9846566930064
 31
-0.0000000000489274
1001
AcDbBlockRepETag
1070
     1
1071
       26
1005
770
  0
LINE
  5
771
330
759
100
AcDbEntity
  8
헤드
100
AcDbLine
 10
-14.03759749513119
 20
8.984661562586552
 30
-0.0000000000510586
 11
-14.03759749513119
 21
11.98465446787304
 31
-0.0000000000520983
1001
AcDbBlockRepETag
1070
     1
1071
       26
1005
771
  0
LINE
  5
772
330
759
100
AcDbEntity
  8
헤드
100
AcDbLine
 10
-41.53759749943856
 20
8.98466145338898
 30
-0.0000000000577125
 11
-41.53759749943856
 21
11.98465727965231
 31
-0.0000000000587522
1001
AcDbBlockRepETag
1070
     1
1071
       26
1005
772
  0
LINE
  5
773
330
759
100
AcDbEntity
  8
헤드
100
AcDbLine
 10
-44.03759749943856
 20
8.98466145338898
 30
-0.0000000000561252
 11
-44.03759749943856
 21
12.98465557277086
 31
-0.0000000000575114
1001
AcDbBlockRepETag
1070
     1
1071
       26
1005
773
  0
LINE
  5
774
330
759
100
AcDbEntity
  8
헤드
100
AcDbLine
 10
-46.53759750002063
 20
8.984661453359876
 30
-0.0000000000557825
 11
-46.53759750007885
 21
11.98465727963776
 31
-0.0000000000568221
1001
AcDbBlockRepETag
1070
     1
1071
       26
1005
774
  0
LINE
  5
775
330
759
100
AcDbEntity
  8
헤드
100
AcDbLine
 10
-49.03759750002063
 20
8.984661453359876
 30
-0.0000000000541951
 11
-49.03759750007885
 21
11.98465727963776
 31
-0.0000000000552348
1001
AcDbBlockRepETag
1070
     1
1071
       26
1005
775
  0
LINE
  5
776
330
759
100
AcDbEntity
  8
헤드
100
AcDbLine
 10
-51.53759750066092
 20
8.984661453330772
 30
-0.0000000000538524
 11
-51.53759750066092
 21
12.98465511202812
 31
-0.0000000000552386
1001
AcDbBlockRepETag
1070
     1
1071
       26
1005
776
  0
LINE
  5
777
330
759
100
AcDbEntity
  8
헤드
100
AcDbLine
 10
-65.09009999554836
 20
12.98465449581272
 30
-0.0000000000327699
 11
-8.537597495131192
 21
12.98465738877712
 31
-0.000000000031397
  0
LWPOLYLINE
  5
778
330
759
100
AcDbEntity
  8
헤드
 62
     6
100
AcDbPolyline
 90
        2
 70
     1
 43
0.556875101987373
 10
-21.8160350471735
 20
8.390101180615602
 42
-1.0
 10
-21.25915994559182
 20
8.390101180615602
 42
-1.0
1001
AcDbBlockRepETag
1070
     1
1071
       40
1005
778
  0
CIRCLE
  5
779
330
759
100
AcDbEntity
  8
헤드
 62
     6
100
AcDbCircle
 10
-21.53759749577148
 20
8.390656227595172
 30
-0.0000000000475412
 40
0.5940053349809569
1001
AcDbBlockRepETag
1070
     1
1071
       29
1005
779
  0
LWPOLYLINE
  5
77A
330
759
100
AcDbEntity
  8
헤드
 62
     6
100
AcDbPolyline
 90
        2
 70
     1
 43
0.556875101987373
 10
-41.81603505084058
 20
8.390101071432582
 42
-1.0
 10
-41.2591599492589
 20
8.390101071432582
 42
-1.0
1001
AcDbBlockRepETag
1070
     1
1071
       40
1005
77A
  0
CIRCLE
  5
77B
330
759
100
AcDbEntity
  8
헤드
 62
     6
100
AcDbCircle
 10
-41.53759749943856
 20
8.390656118412152
 30
-0.0000000000577125
 40
0.5940053349809569
1001
AcDbBlockRepETag
1070
     1
1071
       29
1005
77B
  0
LWPOLYLINE
  5
77C
330
759
100
AcDbEntity
  8
헤드
 62
     6
100
AcDbPolyline
 90
        2
 70
     1
 43
0.556875101987373
 10
-44.31603505084058
 20
8.390101071432582
 42
-1.0
 10
-43.7591599492589
 20
8.390101071432582
 42
-1.0
1001
AcDbBlockRepETag
1070
     1
1071
       40
1005
77C
  0
CIRCLE
  5
77D
330
759
100
AcDbEntity
  8
헤드
 62
     6
100
AcDbCircle
 10
-44.03759749943856
 20
8.390656118412152
 30
-0.0000000000561252
 40
0.5940053349809569
1001
AcDbBlockRepETag
1070
     1
1071
       29
1005
77D
  0
LWPOLYLINE
  5
77E
330
759
100
AcDbEntity
  8
헤드
 62
     6
100
AcDbPolyline
 90
        2
 70
     1
 43
0.556875101987373
 10
-46.81603505142265
 20
8.390101071403476
 42
-1.0
 10
-46.25915994989918
 20
8.390101071403476
 42
-1.0
1001
AcDbBlockRepETag
1070
     1
1071
       40
1005
77E
  0
CIRCLE
  5
77F
330
759
100
AcDbEntity
  8
헤드
 62
     6
100
AcDbCircle
 10
-46.53759750002063
 20
8.390656118383049
 30
-0.0000000000557825
 40
0.5940053349809569
1001
AcDbBlockRepETag
1070
     1
1071
       29
1005
77F
  0
LWPOLYLINE
  5
780
330
759
100
AcDbEntity
  8
헤드
 62
     6
100
AcDbPolyline
 90
        2
 70
     1
 43
0.556875101987373
 10
-49.31603505142265
 20
8.390101071403476
 42
-1.0
 10
-48.75915994989918
 20
8.390101071403476
 42
-1.0
1001
AcDbBlockRepETag
1070
     1
1071
       40
1005
780
  0
CIRCLE
  5
781
330
759
100
AcDbEntity
  8
헤드
 62
     6
100
AcDbCircle
 10
-49.03759750002063
 20
8.390656118383049
 30
-0.0000000000541951
 40
0.5940053349809569
1001
AcDbBlockRepETag
1070
     1
1071
       29
1005
781
  0
LWPOLYLINE
  5
782
330
759
100
AcDbEntity
  8
헤드
 62
     6
100
AcDbPolyline
 90
        2
 70
     1
 43
0.556875101987373
 10
-51.81603505206294
 20
8.390101071359822
 42
-1.0
 10
-51.25915995048126
 20
8.390101071359822
 42
-1.0
1001
AcDbBlockRepETag
1070
     1
1071
       40
1005
782
  0
CIRCLE
  5
783
330
759
100
AcDbEntity
  8
헤드
 62
     6
100
AcDbCircle
 10
-51.53759750066092
 20
8.390656118353945
 30
-0.0000000000538524
 40
0.5940053349809569
1001
AcDbBlockRepETag
1070
     1
1071
       29
1005
783
  0
LINE
  5
784
330
759
100
AcDbEntity
  8
헤드
100
AcDbLine
 10
-50.28759752126643
 20
11.98465727963776
 30
-0.0000000000483067
 11
-46.53759750007885
 21
11.98465727963776
 31
-0.0000000000483067
  0
LINE
  5
785
330
759
100
AcDbEntity
  8
헤드
100
AcDbLine
 10
-20.03767703246558
 20
11.98465446787304
 30
-0.0000000000527591
 11
-14.03759749513119
 21
11.98465446787304
 31
-0.0000000000527591
  0
LWPOLYLINE
  5
786
330
759
100
AcDbEntity
  8
헤드
 62
     6
100
AcDbPolyline
 90
        3
 70
     1
 43
0.0
 10
-13.44359216012526
 20
7.95581414240587
 10
-14.03759749513119
 20
8.984661562586552
 10
-14.63160283013712
 20
7.95581414240587
1001
AcDbBlockRepETag
1070
     1
1071
       55
1005
786
  0
CIRCLE
  5
787
330
759
100
AcDbEntity
  8
헤드
 62
     6
100
AcDbCircle
 10
-31.53759755997453
 20
8.390656118397599
 30
-0.0000000000585929
 40
0.5940053349809569
1001
AcDbBlockRepETag
1070
     1
1071
       29
1005
787
  0
LINE
  5
788
330
759
100
AcDbEntity
  8
헤드
100
AcDbLine
 10
-50.28759752126643
 20
12.98465727950679
 30
-0.0000000000596022
 11
-50.28759752126643
 21
11.98465727963776
 31
-0.0000000000596022
  0
LWPOLYLINE
  5
789
330
759
100
AcDbEntity
  8
헤드
 62
     6
100
AcDbPolyline
 90
        2
 70
     1
 43
0.556875101987373
 10
-16.81603504653321
 20
8.393440903644659
 42
-1.0
 10
-16.25915994495153
 20
8.393440903644659
 42
-1.0
1001
AcDbBlockRepETag
1070
     1
1071
       40
1005
789
  0
CIRCLE
  5
78A
330
759
100
AcDbEntity
  8
헤드
 62
     6
100
AcDbCircle
 10
-16.53759749513119
 20
8.393995950638782
 30
-0.0000000000501858
 40
0.5940053349809569
1001
AcDbBlockRepETag
1070
     1
1071
       29
1005
78A
  0
LINE
  5
78B
330
759
100
AcDbEntity
  8
헤드
100
AcDbLine
 10
-24.03759749635355
 20
8.984661562586552
 30
-0.0000000000475236
 11
-24.03759749635355
 21
12.98465655920154
 31
-0.0000000000489098
1001
AcDbBlockRepETag
1070
     1
1071
       26
1005
78B
  0
LINE
  5
78C
330
759
100
AcDbEntity
  8
헤드
100
AcDbLine
 10
-29.03759749699384
 20
8.984661453432636
 30
-0.0000000000631072
 11
-29.03759749699384
 21
11.98465435873368
 31
-0.0000000000641469
1001
AcDbBlockRepETag
1070
     1
1071
       26
1005
78C
  0
LWPOLYLINE
  5
78D
330
759
100
AcDbEntity
  8
헤드
 62
     6
100
AcDbPolyline
 90
        2
 70
     1
 43
0.556875101987373
 10
-24.31603504775558
 20
8.390101180615602
 42
-1.0
 10
-23.7591599461739
 20
8.390101180615602
 42
-1.0
1001
AcDbBlockRepETag
1070
     1
1071
       40
1005
78D
  0
CIRCLE
  5
78E
330
759
100
AcDbEntity
  8
헤드
 62
     6
100
AcDbCircle
 10
-24.03759749635355
 20
8.390656227609722
 30
-0.0000000000475236
 40
0.5940053349809569
1001
AcDbBlockRepETag
1070
     1
1071
       29
1005
78E
  0
LINE
  5
78F
330
759
100
AcDbEntity
  8
헤드
100
AcDbLine
 10
-35.28759751818143
 20
11.98465435873368
 30
-0.0000000000683251
 11
-29.03759749699384
 21
11.98465435873368
 31
-0.0000000000683251
  0
LINE
  5
790
330
759
100
AcDbEntity
  8
헤드
100
AcDbLine
 10
-34.03759749699384
 20
8.984661453403534
 30
-0.0000000000605229
 11
-34.03759749699384
 21
11.98465435873368
 31
-0.0000000000615626
1001
AcDbBlockRepETag
1070
     1
1071
       26
1005
790
  0
LINE
  5
791
330
759
100
AcDbEntity
  8
헤드
100
AcDbLine
 10
-36.53759749757592
 20
8.98466145338898
 30
-0.0000000000601802
 11
-36.53759749757592
 21
12.98465591484273
 31
-0.0000000000615664
1001
AcDbBlockRepETag
1070
     1
1071
       26
1005
791
  0
LINE
  5
792
330
759
100
AcDbEntity
  8
헤드
100
AcDbLine
 10
-39.03759749757592
 20
8.98466145338898
 30
-0.0000000000585929
 11
-39.03759749757592
 21
11.98465727965231
 31
-0.0000000000596325
1001
AcDbBlockRepETag
1070
     1
1071
       26
1005
792
  0
LWPOLYLINE
  5
793
330
759
100
AcDbEntity
  8
헤드
 62
     6
100
AcDbPolyline
 90
        2
 70
     1
 43
0.556875101987373
 10
-19.3160350471735
 20
8.390101180615602
 42
-1.0
 10
-18.75915994559182
 20
8.390101180615602
 42
-1.0
1001
AcDbBlockRepETag
1070
     1
1071
       40
1005
793
  0
CIRCLE
  5
794
330
759
100
AcDbEntity
  8
헤드
 62
     6
100
AcDbCircle
 10
-19.03759749577148
 20
8.390656227595172
 30
-0.0000000000491286
 40
0.5940053349809569
1001
AcDbBlockRepETag
1070
     1
1071
       29
1005
794
  0
LWPOLYLINE
  5
795
330
759
100
AcDbEntity
  8
헤드
 62
     6
100
AcDbPolyline
 90
        3
 70
     1
 43
0.0
 10
-28.44359222502681
 20
7.955814033237402
 10
-29.03759755997453
 20
8.984661453418084
 10
-29.63160289498046
 20
7.955814033237402
1001
AcDbBlockRepETag
1070
     1
1071
       55
1005
795
  0
LWPOLYLINE
  5
796
330
759
100
AcDbEntity
  8
헤드
 62
     6
100
AcDbPolyline
 90
        2
 70
     1
 43
0.556875101987373
 10
-36.81603504897794
 20
8.390101071447134
 42
-1.0
 10
-36.25915994745446
 20
8.390101071447134
 42
-1.0
1001
AcDbBlockRepETag
1070
     1
1071
       40
1005
796
  0
CIRCLE
  5
797
330
759
100
AcDbEntity
  8
헤드
 62
     6
100
AcDbCircle
 10
-36.53759749757592
 20
8.390656118426704
 30
-0.0000000000601802
 40
0.5940053349809569
1001
AcDbBlockRepETag
1070
     1
1071
       29
1005
797
  0
LWPOLYLINE
  5
798
330
759
100
AcDbEntity
  8
헤드
 62
     6
100
AcDbPolyline
 90
        2
 70
     1
 43
0.556875101987373
 10
-39.31603504897794
 20
8.390101071447134
 42
-1.0
 10
-38.75915994745446
 20
8.390101071447134
 42
-1.0
1001
AcDbBlockRepETag
1070
     1
1071
       40
1005
798
  0
CIRCLE
  5
799
330
759
100
AcDbEntity
  8
헤드
 62
     6
100
AcDbCircle
 10
-39.03759749757592
 20
8.390656118426704
 30
-0.0000000000601802
 40
0.5940053349809569
1001
AcDbBlockRepETag
1070
     1
1071
       29
1005
799
  0
LINE
  5
79A
330
759
100
AcDbEntity
  8
헤드
100
AcDbLine
 10
-26.53759749699384
 20
8.984661562586552
 30
-0.0000000000475236
 11
-26.53759749699384
 21
12.98465646799013
 31
-0.0000000000489098
1001
AcDbBlockRepETag
1070
     1
1071
       26
1005
79A
  0
LWPOLYLINE
  5
79B
330
759
100
AcDbEntity
  8
헤드
 62
     6
100
AcDbPolyline
 90
        2
 70
     1
 43
0.556875101987373
 10
-34.31603504839586
 20
8.390101071447134
 42
-1.0
 10
-33.75915994681418
 20
8.390101071447134
 42
-1.0
1001
AcDbBlockRepETag
1070
     1
1071
       40
1005
79B
  0
CIRCLE
  5
79C
330
759
100
AcDbEntity
  8
헤드
 62
     6
100
AcDbCircle
 10
-34.03759749699384
 20
8.390656118426704
 30
-0.0000000000601802
 40
0.5940053349809569
1001
AcDbBlockRepETag
1070
     1
1071
       29
1005
79C
  0
LINE
  5
79D
330
759
100
AcDbEntity
  8
헤드
100
AcDbLine
 10
-20.03767703246558
 20
12.98465738876257
 30
-0.0000000000551525
 11
-20.03767703246558
 21
11.98465446787304
 31
-0.0000000000551525
  0
LWPOLYLINE
  5
79E
330
759
100
AcDbEntity
  8
헤드
 62
     6
100
AcDbPolyline
 90
        2
 70
     1
 43
0.556875101987373
 10
-26.81603504839586
 20
8.390101180615602
 42
-1.0
 10
-26.25915994681418
 20
8.390101180615602
 42
-1.0
1001
AcDbBlockRepETag
1070
     1
1071
       40
1005
79E
  0
CIRCLE
  5
79F
330
759
100
AcDbEntity
  8
헤드
 62
     6
100
AcDbCircle
 10
-26.53759749699384
 20
8.390656227609722
 30
-0.0000000000475236
 40
0.5940053349809569
1001
AcDbBlockRepETag
1070
     1
1071
       29
1005
79F
  0
LINE
  5
7A0
330
759
100
AcDbEntity
  8
헤드
100
AcDbLine
 10
-35.28759751818143
 20
12.98465727953589
 30
-0.0000000000620661
 11
-35.28759751818143
 21
11.98465435873368
 31
-0.0000000000620661
  0
LINE
  5
7A1
330
759
100
AcDbEntity
  8
헤드
100
AcDbLine
 10
-42.78759751940379
 20
11.98465727965231
 30
-0.0000000000596325
 11
-39.03759749757592
 21
11.98465727965231
 31
-0.0000000000596325
  0
LINE
  5
7A2
330
759
100
AcDbEntity
  8
헤드
100
AcDbLine
 10
-42.78759752062614
 20
12.98465727952134
 30
-0.0000000000631196
 11
-42.78759752062614
 21
11.98465727965231
 31
-0.0000000000631196
  0
LINE
  5
7A3
330
759
100
AcDbEntity
  8
헤드
100
AcDbLine
 10
-54.03759748418814
 20
8.984661562513792
 30
-0.000000000070989
 11
-54.03759748418814
 21
12.98465646791737
 31
-0.0000000000723752
1001
AcDbBlockRepETag
1070
     1
1071
       26
1005
7A3
  0
LWPOLYLINE
  5
7A4
330
759
100
AcDbEntity
  8
헤드
 62
     6
100
AcDbPolyline
 90
        2
 70
     1
 43
0.556875101987373
 10
-54.31603503559017
 20
8.390101180557394
 42
-1.0
 10
-53.75915993400849
 20
8.390101180557394
 42
-1.0
1001
AcDbBlockRepETag
1070
     1
1071
       40
1005
7A4
  0
CIRCLE
  5
7A5
330
759
100
AcDbEntity
  8
헤드
 62
     6
100
AcDbCircle
 10
-54.03759748418814
 20
8.390656227536965
 30
-0.000000000070989
 40
0.5940053349809569
1001
AcDbBlockRepETag
1070
     1
1071
       29
1005
7A5
  0
ENDBLK
  5
7A6
330
759
100
AcDbEntity
  8
0
100
AcDbBlockEnd
  0
BLOCK
  5
6AD
330
6A8
100
AcDbEntity
  8
0
100
AcDbBlockBegin
  2
A$C2254
 70
     0
 10
0.0
 20
0.0
 30
0.0
  3
A$C2254
  1

  0
LINE
  5
6AE
330
6A8
100
AcDbEntity
  8
SYM
100
AcDbLine
 10
-42.50000000001818
 20
-30.00000000001819
 30
0.0
 11
-42.50000000001818
 21
30.00000000001818
 31
0.0
1001
AcDbBlockRepETag
1070
     1
1071
        0
1005
6AE
  0
LINE
  5
6AF
330
6A8
100
AcDbEntity
  8
SYM
100
AcDbLine
 10
42.50000000001818
 20
-30.00000000001819
 30
0.0
 11
42.50000000001818
 21
30.00000000001818
 31
0.0
1001
AcDbBlockRepETag
1070
     1
1071
        1
1005
6AF
  0
LINE
  5
6B0
330
6A8
100
AcDbEntity
  8
SYM
100
AcDbLine
 10
-42.50000000001818
 20
25.0
 30
0.0
 11
42.50000000001818
 21
-25.0
 31
0.0
1001
AcDbBlockRepETag
1070
     1
1071
        2
1005
6B0
  0
LINE
  5
6B1
330
6A8
100
AcDbEntity
  8
SYM
100
AcDbLine
 10
42.50000000001818
 20
25.0
 30
0.0
 11
-42.50000000001818
 21
-25.0
 31
0.0
1001
AcDbBlockRepETag
1070
     1
1071
        3
1005
6B1
  0
ENDBLK
  5
6B2
330
6A8
100
AcDbEntity
  8
0
100
AcDbBlockEnd
  0
BLOCK
  5
6CA
330
6C9
100
AcDbEntity
  8
0
100
AcDbBlockBegin
  2
A$C6384
 70
     0
 10
0.0
 20
0.0
 30
0.0
  3
A$C6384
  1

  0
LINE
  5
6CB
330
6C9
100
AcDbEntity
  8
SYM
100
AcDbLine
 10
35.49041913966902
 20
122.0214483453146
 30
0.0
 11
3.088135909556513
 21
89.61916511520213
 31
0.0
  0
CIRCLE
  5
6CC
330
6C9
100
AcDbEntity
  8
SYM
100
AcDbCircle
 10
19.28927752461277
 20
105.8203067302583
 30
0.0
 40
17.62451861376957
  0
LINE
  5
6CD
330
6C9
100
AcDbEntity
  8
SYM
100
AcDbLine
 10
19.28927752461277
 20
3.912346975668696
 30
0.0
 11
19.28927752461277
 21
88.45947607536983
 31
0.0
  0
CIRCLE
  5
6CE
330
6C9
100
AcDbEntity
  8
SYM
100
AcDbCircle
 10
25.06775193188332
 20
40.42092525791486
 30
0.0
 40
5.778474407205747
  0
ENDBLK
  5
6CF
330
6C9
100
AcDbEntity
  8
0
100
AcDbBlockEnd
  0
BLOCK
  5
5CD
330
5CC
100
AcDbEntity
  8
0
100
AcDbBlockBegin
  2
FSK12
 70
     0
 10
0.0
 20
0.0
 30
0.0
  3
FSK12
  1

  0
INSERT
  5
5CE
330
5CC
100
AcDbEntity
  8
SYM
100
AcDbBlockReference
  2
*X18
 10
-238.200967970537
 20
-237.9474891950376
 30
0.0
 41
0.5556600003037602
 42
0.5556600003037602
 43
0.5556600003037602
1001
ACAD
1000
HATCH
1002
{
1070
    19
1000
ANSI31
1040
2.116799999981594
1040
0.0
1002
}
  0
LINE
  5
5E4
330
5CC
100
AcDbEntity
  8
SYM
100
AcDbLine
 10
0.0
 20
5.556599998963065
 30
0.0
 11
0.0
 21
0.0
 31
0.0
  0
LINE
  5
5E5
330
5CC
100
AcDbEntity
  8
SYM
100
AcDbLine
 10
-3.889620002824813
 20
5.556599998963065
 30
0.0
 11
-3.889620002824813
 21
0.0
 31
0.0
1001
ACAD
1000
ASC_BOUNDS
1002
{
1070
    19
1002
}
  0
CIRCLE
  5
5E6
330
5CC
100
AcDbEntity
  8
SYM
100
AcDbCircle
 10
-3.33396000228822
 20
6.251174998818896
 30
0.0
 40
0.6945750004904549
  0
CIRCLE
  5
5E7
330
5CC
100
AcDbEntity
  8
SYM
100
AcDbCircle
 10
-1.944810001412404
 20
6.251174998818896
 30
0.0
 40
0.6945750004904549
  0
LINE
  5
5E8
330
5CC
100
AcDbEntity
  8
SYM
100
AcDbLine
 10
-3.889620002824813
 20
0.0
 30
0.0
 11
0.0
 21
5.556599998963065
 31
0.0
  0
LINE
  5
5E9
330
5CC
100
AcDbEntity
  8
SYM
100
AcDbLine
 10
-3.889620002824813
 20
0.0
 30
0.0
 11
0.0
 21
0.0
 31
0.0
  0
CIRCLE
  5
5EA
330
5CC
100
AcDbEntity
  8
SYM
100
AcDbCircle
 10
-0.5556600003037602
 20
6.251174998818896
 30
0.0
 40
0.6945750004904549
  0
LINE
  5
5EB
330
5CC
100
AcDbEntity
  8
SYM
100
AcDbLine
 10
-3.889620002824813
 20
5.556599998963065
 30
0.0
 11
0.0
 21
5.556599998963065
 31
0.0
1001
ACAD
1000
ASC_BOUNDS
1002
{
1070
    19
1002
}
  0
ENDBLK
  5
5EC
330
5CC
100
AcDbEntity
  8
0
100
AcDbBlockEnd
  0
BLOCK
  5
5D0
330
5CF
100
AcDbEntity
  8
0
100
AcDbBlockBegin
  2
*X18
 70
     1
 10
0.0
 20
0.0
 30
0.0
  3
*X18
  1

  0
LINE
  5
5D1
330
5CF
100
AcDbEntity
  8
0
 62
     0
100
AcDbLine
 10
424.9737795215488
 20
432.9287308098975
 30
0.0
 11
428.6811499879688
 21
436.6361012763174
 31
0.0
  0
LINE
  5
5D2
330
5CF
100
AcDbEntity
  8
0
 62
     0
100
AcDbLine
 10
426.2112163886254
 20
434.6964977628638
 30
0.0
 11
428.6811499879688
 21
437.1664313622074
 31
0.0
  0
LINE
  5
5D3
330
5CF
100
AcDbEntity
  8
0
 62
     0
100
AcDbLine
 10
427.4486532557014
 20
436.4642647158301
 30
0.0
 11
428.6811499879688
 21
437.6967614480973
 31
0.0
  0
LINE
  5
5D4
330
5CF
100
AcDbEntity
  8
0
 62
     0
100
AcDbLine
 10
423.7363426544722
 20
431.1609638569311
 30
0.0
 11
428.6811499879688
 21
436.1057711904273
 31
0.0
  0
LINE
  5
5D5
330
5CF
100
AcDbEntity
  8
0
 62
     0
100
AcDbLine
 10
422.4989057873957
 20
429.3931969039648
 30
0.0
 11
428.6811499879688
 21
435.5754411045376
 31
0.0
  0
LINE
  5
5D6
330
5CF
100
AcDbEntity
  8
0
 62
     0
100
AcDbLine
 10
421.8610133026756
 20
428.2249743333547
 30
0.0
 11
428.6811499879688
 21
435.0451110186476
 31
0.0
  0
LINE
  5
5D7
330
5CF
100
AcDbEntity
  8
0
 62
     0
100
AcDbLine
 10
422.3913433885654
 20
428.2249743333547
 30
0.0
 11
428.6811499879688
 21
434.5147809327578
 31
0.0
  0
LINE
  5
5D8
330
5CF
100
AcDbEntity
  8
0
 62
     0
100
AcDbLine
 10
422.9216734744555
 20
428.2249743333547
 30
0.0
 11
428.6811499879688
 21
433.9844508468678
 31
0.0
  0
LINE
  5
5D9
330
5CF
100
AcDbEntity
  8
0
 62
     0
100
AcDbLine
 10
423.4520035603455
 20
428.2249743333547
 30
0.0
 11
428.6811499879688
 21
433.454120760978
 31
0.0
  0
LINE
  5
5DA
330
5CF
100
AcDbEntity
  8
0
 62
     0
100
AcDbLine
 10
423.9823336462351
 20
428.2249743333547
 30
0.0
 11
428.6811499879688
 21
432.9237906750881
 31
0.0
  0
LINE
  5
5DB
330
5CF
100
AcDbEntity
  8
0
 62
     0
100
AcDbLine
 10
424.5126637321253
 20
428.2249743333547
 30
0.0
 11
428.6811499879688
 21
432.3934605891981
 31
0.0
  0
LINE
  5
5DC
330
5CF
100
AcDbEntity
  8
0
 62
     0
100
AcDbLine
 10
425.0429938180151
 20
428.2249743333547
 30
0.0
 11
428.6811499879688
 21
431.8631305033084
 31
0.0
  0
LINE
  5
5DD
330
5CF
100
AcDbEntity
  8
0
 62
     0
100
AcDbLine
 10
425.573323903905
 20
428.2249743333547
 30
0.0
 11
428.6811499879688
 21
431.3328004174183
 31
0.0
  0
LINE
  5
5DE
330
5CF
100
AcDbEntity
  8
0
 62
     0
100
AcDbLine
 10
426.1036539897951
 20
428.2249743333547
 30
0.0
 11
428.6811499879688
 21
430.8024703315282
 31
0.0
  0
LINE
  5
5DF
330
5CF
100
AcDbEntity
  8
0
 62
     0
100
AcDbLine
 10
426.6339840756849
 20
428.2249743333547
 30
0.0
 11
428.6811499879688
 21
430.2721402456385
 31
0.0
  0
LINE
  5
5E0
330
5CF
100
AcDbEntity
  8
0
 62
     0
100
AcDbLine
 10
427.1643141615746
 20
428.2249743333547
 30
0.0
 11
428.6811499879688
 21
429.7418101597486
 31
0.0
  0
LINE
  5
5E1
330
5CF
100
AcDbEntity
  8
0
 62
     0
100
AcDbLine
 10
427.6946442474645
 20
428.2249743333547
 30
0.0
 11
428.6811499879688
 21
429.2114800738587
 31
0.0
  0
LINE
  5
5E2
330
5CF
100
AcDbEntity
  8
0
 62
     0
100
AcDbLine
 10
428.2249743333547
 20
428.2249743333547
 30
0.0
 11
428.6811499879688
 21
428.6811499879688
 31
0.0
  0
ENDBLK
  5
5E3
330
5CF
100
AcDbEntity
  8
0
100
AcDbBlockEnd
  0
BLOCK
  5
69E
330
69B
100
AcDbEntity
  8
0
100
AcDbBlockBegin
  2
zw$4DED
 70
     0
 10
0.0
 20
0.0
 30
0.0
  3
zw$4DED
  1

  0
LINE
  5
69F
330
69B
100
AcDbEntity
  8
SYM
100
AcDbLine
 10
-35.72365049028304
 20
2.411628262518205
 30
0.0
 11
-35.72365049028304
 21
3.557677003365823
 31
0.0
  0
LINE
  5
6A0
330
69B
100
AcDbEntity
  8
SYM
100
AcDbLine
 10
-34.10008164367173
 20
3.462172940722665
 30
0.0
 11
-35.72365049028304
 21
2.507132325525162
 31
0.0
  0
LINE
  5
6A1
330
69B
100
AcDbEntity
  8
SYM
100
AcDbLine
 10
-35.72365049028304
 20
3.462172940722665
 30
0.0
 11
-34.10008164367173
 21
2.507132325525162
 31
0.0
  0
LINE
  5
6A2
330
69B
100
AcDbEntity
  8
SYM
100
AcDbLine
 10
-34.10008164367173
 20
2.411628262518205
 30
0.0
 11
-34.10008164367173
 21
3.557677003365823
 31
0.0
  0
LINE
  5
6A3
330
69B
100
AcDbEntity
  8
SYM
 62
     1
100
AcDbLine
 10
-34.9118660731474
 20
4.273957465426065
 30
0.0
 11
-34.10008164367173
 21
3.462172940722665
 31
0.0
  0
LINE
  5
6A4
330
69B
100
AcDbEntity
  8
SYM
 62
     1
100
AcDbLine
 10
-34.9118660731474
 20
2.984652633327641
 30
0.0
 11
-34.9118660731474
 21
4.728556799193028
 31
0.0
  0
LINE
  5
6A5
330
69B
100
AcDbEntity
  8
SYM
 62
     1
100
AcDbLine
 10
-34.9118660731474
 20
4.273957465426065
 30
0.0
 11
-35.72365049028304
 21
3.462172940722665
 31
0.0
  0
LINE
  5
6A6
330
69B
100
AcDbEntity
  8
SYM
 62
     1
100
AcDbLine
 10
-35.36646534776082
 20
4.273957465426065
 30
0.0
 11
-34.45726678933715
 21
4.273957465426065
 31
0.0
  0
INSERT
  5
6A7
330
69B
100
AcDbEntity
  8
SYM
100
AcDbBlockReference
  2
A$C2254
 10
-25.31791353546838
 20
5.465642073904745
 30
0.0
 41
0.0191008090687526
 42
0.0191008090542007
 43
0.019100809055947
  0
SOLID
  5
6B4
330
69B
100
AcDbEntity
  8
SYM
100
AcDbTrace
 10
-22.27806449023773
 20
6.993707060610176
 30
0.0
 11
-23.55935016967123
 21
4.774454885482554
 31
0.0
 12
-20.99677882291144
 22
4.774454885482554
 32
0.0
 13
-20.99677882291144
 23
4.774454885482554
 33
0.0
  0
ELLIPSE
  5
6B5
330
69B
100
AcDbEntity
  8
SYM
100
AcDbEllipse
 10
-22.27806449023773
 20
5.512717411009361
 30
0.0
 11
1.528064783161885
 21
0.0001264331662446
 31
0.0
210
0.0
220
0.0
230
1.0
 40
0.9999999966619503
 41
-0.0000827407108464
 42
6.283102566468737
  0
LINE
  5
6B6
330
69B
100
AcDbEntity
  8
PIPE
100
AcDbLine
 10
-26.12969799822896
 20
5.465642073904745
 30
0.0
 11
-39.30198753636796
 21
5.465642073904745
 31
0.0
  0
LINE
  5
6B7
330
69B
100
AcDbEntity
  8
PIPE
100
AcDbLine
 10
-23.80612928845221
 20
5.465642073904745
 30
0.0
 11
-24.50612915004604
 21
5.465642073904745
 31
0.0
  0
LINE
  5
6B8
330
69B
100
AcDbEntity
  8
PIPE
100
AcDbLine
 10
-22.27793805702821
 20
3.984652632934738
 30
0.0
 11
-22.27793805702821
 21
2.984652632934738
 31
0.0
  0
LINE
  5
6B9
330
69B
100
AcDbEntity
  8
PIPE
100
AcDbLine
 10
-22.27793805702821
 20
2.984652632934738
 30
0.0
 11
-34.10008164367173
 21
2.984652632934738
 31
0.0
  0
LINE
  5
6BA
330
69B
100
AcDbEntity
  8
PIPE
100
AcDbLine
 10
-35.72365049028304
 20
2.984652632934738
 30
0.0
 11
-38.30198753636796
 21
2.984652632934738
 31
0.0
  0
LINE
  5
6BB
330
69B
100
AcDbEntity
  8
PIPE
100
AcDbLine
 10
-40.30198753636796
 20
2.984652632934738
 30
0.0
 11
-41.30198753636796
 21
2.984652632934738
 31
0.0
  0
LINE
  5
6BC
330
69B
100
AcDbEntity
  8
PIPE
100
AcDbLine
 10
-42.30198753636796
 20
14.98465261589444
 30
0.0
 11
-42.30198754253797
 21
0.0
 31
0.0
  0
LINE
  5
6BD
330
69B
100
AcDbEntity
  8
PIPE
100
AcDbLine
 10
-39.30198753636796
 20
14.98465261589444
 30
0.0
 11
-39.30198754253797
 21
0.0
 31
0.0
  0
LINE
  5
6BE
330
69B
100
AcDbEntity
  8
PIPE
100
AcDbLine
 10
-42.30198753636796
 20
6.965642073904745
 30
0.0
 11
-45.30198749818374
 21
6.965642073904745
 31
0.0
  0
LINE
  5
6BF
330
69B
100
AcDbEntity
  8
PIPE
  6
Continuous
 62
     4
 48
2.0
100
AcDbLine
 10
-22.27819092338905
 20
7.040782189069433
 30
0.0
 11
-22.27819092338905
 21
13.98465261589445
 31
0.0
  0
LINE
  5
6C0
330
69B
100
AcDbEntity
  8
PIPE11
  6
Continuous
 62
     6
100
AcDbLine
 10
-27.75496352376649
 20
6.465642073904745
 30
0.0
 11
-28.62318211689126
 21
6.465642073904745
 31
0.0
  0
LINE
  5
6C2
330
69B
100
AcDbEntity
  8
PIPE11
  6
Continuous
 62
     6
100
AcDbLine
 10
-27.75496352376649
 20
7.69561841446557
 30
0.0
 11
-28.62318211689126
 21
7.69561841446557
 31
0.0
  0
LINE
  5
6C3
330
69B
100
AcDbEntity
  8
PIPE11
  6
Continuous
 62
     6
100
AcDbLine
 10
-28.44105406629387
 20
7.69561841446557
 30
0.0
 11
-28.44105406629387
 21
6.465642073904745
 31
0.0
  0
LINE
  5
6C4
330
69B
100
AcDbEntity
  8
PIPE11
  6
Continuous
 62
     6
100
AcDbLine
 10
-27.93709157436388
 20
7.69561841446557
 30
0.0
 11
-27.93709157436388
 21
6.465642073904745
 31
0.0
  0
LINE
  5
6C5
330
69B
100
AcDbEntity
  8
PIPE
  6
Continuous
 62
     4
 48
2.0
100
AcDbLine
 10
-22.27819092338905
 20
13.98465261589445
 30
0.0
 11
0.0000000589061528
 21
13.98465261589445
 31
0.0
  0
LINE
  5
6C6
330
69B
100
AcDbEntity
  8
PIPE11
  6
Continuous
 62
     3
100
AcDbLine
 10
-28.18907282029977
 20
6.465642073904745
 30
0.0
 11
-28.18907282029977
 21
5.465642073904745
 31
0.0
  0
LINE
  5
6C7
330
69B
100
AcDbEntity
  8
PIPE11
  6
Continuous
 62
     3
100
AcDbLine
 10
-28.18907282029977
 20
14.48465261589445
 30
0.0
 11
-28.18907282029977
 21
7.69561841446557
 31
0.0
  0
INSERT
  5
6C8
330
69B
100
AcDbEntity
  8
PIPE11
  6
Continuous
 62
     3
100
AcDbBlockReference
  2
A$C6384
 10
-28.65995099779684
 20
8.639005541495862
 30
0.0
 41
-0.0144703098476541
 42
0.0144703098476541
 43
0.0144703098476541
  0
LINE
  5
6D0
330
69B
100
AcDbEntity
  8
PIPE11
  6
Continuous
 62
     3
100
AcDbLine
 10
-28.93907282029977
 20
8.69561841446557
 30
0.0
 11
-28.18907282029977
 21
8.69561841446557
 31
0.0
  0
INSERT
  5
6D1
330
69B
100
AcDbEntity
  8
SYM
100
AcDbBlockReference
  2
FSK12
 10
-45.30198745639062
 20
2.472845641430466
 30
0.0
 41
1.099999960026468
 42
1.099999960070124
 43
1.099999960070124
  0
LWPOLYLINE
  5
6D2
330
69B
100
AcDbEntity
  8
0
100
AcDbPolyline
 90
        4
 70
     1
 43
0.0
 10
-70.90987425757339
 20
14.98465261589444
 10
0.0000000555883162
 20
14.98465261589444
 10
0.0
 20
0.0
 10
-70.90987431316171
 20
0.0
  0
LINE
  5
6D3
330
69B
100
AcDbEntity
  8
PIPE
  6
Continuous
 62
     4
 48
2.0
100
AcDbLine
 10
-40.30198753636796
 20
12.98465001768954
 30
0.0
 11
-41.30198753636796
 21
12.98465001768954
 31
0.0
  0
LINE
  5
6D4
330
69B
100
AcDbEntity
  8
PIPE
  6
Continuous
 62
     4
 48
2.0
100
AcDbLine
 10
-43.30198753636795
 20
12.98465001768954
 30
0.0
 11
-70.90987426499281
 21
12.98465001768954
 31
0.0
  0
LINE
  5
6D5
330
69B
100
AcDbEntity
  8
PIPE
  6
Continuous
 62
     4
 48
2.0
100
AcDbLine
 10
-38.30198753636796
 20
12.98465001768954
 30
0.0
 11
-22.27819092338905
 21
12.98465001768954
 31
0.0
  0
LINE
  5
6D6
330
69B
100
AcDbEntity
  8
PIPE11
  6
Continuous
 62
     3
100
AcDbLine
 10
-28.18907282029977
 20
14.48465261589445
 30
0.0
 11
-20.18907282029977
 21
14.48465261589445
 31
0.0
  0
LINE
  5
6D7
330
69B
100
AcDbEntity
  8
PIPE11
  6
Continuous
 62
     3
100
AcDbLine
 10
-20.18907282029977
 20
14.48465261589445
 30
0.0
 11
-20.18907282029977
 21
13.98465261589445
 31
0.0
  0
ENDBLK
  5
6D8
330
69B
100
AcDbEntity
  8
0
100
AcDbBlockEnd
  0
BLOCK
  5
6EE
330
6ED
100
AcDbEntity
  8
0
100
AcDbBlockBegin
  2
FSK3
 70
     0
 10
0.0
 20
0.0
 30
0.0
  3
FSK3
  1

  0
INSERT
  5
6EF
330
6ED
100
AcDbEntity
  8
SYM
100
AcDbBlockReference
  2
*X21
 10
-226.6612420065794
 20
-227.008537302725
 30
0.0
 41
0.5556600003037602
 42
0.5556600003037602
 43
0.5556600003037602
1001
ACAD
1000
HATCH
1002
{
1070
    19
1000
ANSI31
1040
3.0
1040
1.570796326794896
1002
}
  0
CIRCLE
  5
709
330
6ED
100
AcDbEntity
  8
SYM
100
AcDbCircle
 10
-1.944810001179575
 20
2.778299999423325
 30
0.0
 40
0.6945750004868168
  0
LINE
  5
70A
330
6ED
100
AcDbEntity
  8
SYM
100
AcDbLine
 10
0.0
 20
5.556599998963065
 30
0.0
 11
0.0
 21
0.0
 31
0.0
1001
ACAD
1000
ASC_BOUNDS
1002
{
1070
    19
1002
}
  0
LINE
  5
70B
330
6ED
100
AcDbEntity
  8
SYM
100
AcDbLine
 10
-3.889620002591982
 20
5.556599998963065
 30
0.0
 11
-3.889620002591982
 21
0.0
 31
0.0
1001
ACAD
1000
ASC_BOUNDS
1002
{
1070
    19
1002
}
  0
LINE
  5
70C
330
6ED
100
AcDbEntity
  8
SYM
100
AcDbLine
 10
-3.889620002591982
 20
0.0
 30
0.0
 11
0.0
 21
5.556599998963065
 31
0.0
  0
LINE
  5
70D
330
6ED
100
AcDbEntity
  8
SYM
100
AcDbLine
 10
-3.889620002591982
 20
0.0
 30
0.0
 11
0.0
 21
0.0
 31
0.0
1001
ACAD
1000
ASC_BOUNDS
1002
{
1070
    19
1002
}
  0
LINE
  5
70E
330
6ED
100
AcDbEntity
  8
SYM
100
AcDbLine
 10
-3.889620002591982
 20
5.556599998963065
 30
0.0
 11
0.0
 21
5.556599998963065
 31
0.0
1001
ACAD
1000
ASC_BOUNDS
1002
{
1070
    19
1002
}
  0
ENDBLK
  5
70F
330
6ED
100
AcDbEntity
  8
0
100
AcDbBlockEnd
  0
BLOCK
  5
6F1
330
6F0
100
AcDbEntity
  8
0
100
AcDbBlockBegin
  2
*X21
 70
     1
 10
0.0
 20
0.0
 30
0.0
  3
*X21
  1

  0
LINE
  5
6F2
330
6F0
100
AcDbEntity
  8
0
 62
     0
100
AcDbLine
 10
407.8705846733686
 20
418.4771863911668
 30
0.0
 11
407.9135475793858
 21
418.520149297184
 31
0.0
  0
LINE
  5
6F3
330
6F0
100
AcDbEntity
  8
0
 62
     0
100
AcDbLine
 10
406.6331478062923
 20
416.7094194382007
 30
0.0
 11
407.9135475793858
 21
417.9898192112941
 31
0.0
  0
LINE
  5
6F4
330
6F0
100
AcDbEntity
  8
0
 62
     0
100
AcDbLine
 10
405.3957109392157
 20
414.9416524852342
 30
0.0
 11
407.9135475793858
 21
417.4594891254042
 31
0.0
  0
LINE
  5
6F5
330
6F0
100
AcDbEntity
  8
0
 62
     0
100
AcDbLine
 10
405.3504382254089
 20
414.3660496855373
 30
0.0
 11
407.9135475793858
 21
416.9291590395141
 31
0.0
  0
LINE
  5
6F6
330
6F0
100
AcDbEntity
  8
0
 62
     0
100
AcDbLine
 10
402.920837205063
 20
411.4061185793016
 30
0.0
 11
403.9094387144117
 21
412.3947200886503
 31
0.0
  0
LINE
  5
6F7
330
6F0
100
AcDbEntity
  8
0
 62
     0
100
AcDbLine
 10
405.5573894619266
 20
414.0426708361651
 30
0.0
 11
407.9135475793858
 21
416.3988289536243
 31
0.0
  0
LINE
  5
6F8
330
6F0
100
AcDbEntity
  8
0
 62
     0
100
AcDbLine
 10
401.6834003379866
 20
409.6383516263353
 30
0.0
 11
404.3360173728738
 21
412.2909686612226
 31
0.0
  0
LINE
  5
6F9
330
6F0
100
AcDbEntity
  8
0
 62
     0
100
AcDbLine
 10
405.6611408893543
 20
413.6160921777028
 30
0.0
 11
407.9135475793858
 21
415.8684988677341
 31
0.0
  0
LINE
  5
6FA
330
6F0
100
AcDbEntity
  8
0
 62
     0
100
AcDbLine
 10
401.1139407687323
 20
408.5385619711912
 30
0.0
 11
405.0220506689623
 21
412.4466718714211
 31
0.0
  0
LINE
  5
6FB
330
6F0
100
AcDbEntity
  8
0
 62
     0
100
AcDbLine
 10
405.5054376791556
 20
412.9300588816144
 30
0.0
 11
407.9135475793858
 21
415.3381687818445
 31
0.0
  0
LINE
  5
6FC
330
6F0
100
AcDbEntity
  8
0
 62
     0
100
AcDbLine
 10
401.6442708546223
 20
408.5385619711912
 30
0.0
 11
407.9135475793858
 21
414.8078386959546
 31
0.0
  0
LINE
  5
6FD
330
6F0
100
AcDbEntity
  8
0
 62
     0
100
AcDbLine
 10
402.1746009405121
 20
408.5385619711912
 30
0.0
 11
407.9135475793858
 21
414.2775086100646
 31
0.0
  0
LINE
  5
6FE
330
6F0
100
AcDbEntity
  8
0
 62
     0
100
AcDbLine
 10
402.7049310264021
 20
408.5385619711912
 30
0.0
 11
407.9135475793858
 21
413.7471785241746
 31
0.0
  0
LINE
  5
6FF
330
6F0
100
AcDbEntity
  8
0
 62
     0
100
AcDbLine
 10
403.235261112292
 20
408.5385619711912
 30
0.0
 11
407.9135475793858
 21
413.2168484382849
 31
0.0
  0
LINE
  5
700
330
6F0
100
AcDbEntity
  8
0
 62
     0
100
AcDbLine
 10
403.7655911981818
 20
408.5385619711912
 30
0.0
 11
407.9135475793858
 21
412.6865183523947
 31
0.0
  0
LINE
  5
701
330
6F0
100
AcDbEntity
  8
0
 62
     0
100
AcDbLine
 10
404.2959212840719
 20
408.5385619711912
 30
0.0
 11
407.9135475793858
 21
412.1561882665051
 31
0.0
  0
LINE
  5
702
330
6F0
100
AcDbEntity
  8
0
 62
     0
100
AcDbLine
 10
404.8262513699617
 20
408.5385619711912
 30
0.0
 11
407.9135475793858
 21
411.6258581806151
 31
0.0
  0
LINE
  5
703
330
6F0
100
AcDbEntity
  8
0
 62
     0
100
AcDbLine
 10
405.3565814558515
 20
408.5385619711912
 30
0.0
 11
407.9135475793858
 21
411.095528094725
 31
0.0
  0
LINE
  5
704
330
6F0
100
AcDbEntity
  8
0
 62
     0
100
AcDbLine
 10
405.8869115417413
 20
408.5385619711912
 30
0.0
 11
407.9135475793858
 21
410.5651980088352
 31
0.0
  0
LINE
  5
705
330
6F0
100
AcDbEntity
  8
0
 62
     0
100
AcDbLine
 10
406.4172416276315
 20
408.5385619711912
 30
0.0
 11
407.9135475793858
 21
410.0348679229454
 31
0.0
  0
LINE
  5
706
330
6F0
100
AcDbEntity
  8
0
 62
     0
100
AcDbLine
 10
406.9475717135214
 20
408.5385619711912
 30
0.0
 11
407.9135475793858
 21
409.5045378370555
 31
0.0
  0
LINE
  5
707
330
6F0
100
AcDbEntity
  8
0
 62
     0
100
AcDbLine
 10
407.4779017994114
 20
408.5385619711912
 30
0.0
 11
407.9135475793858
 21
408.9742077511655
 31
0.0
  0
ENDBLK
  5
708
330
6F0
100
AcDbEntity
  8
0
100
AcDbBlockEnd
  0
BLOCK
  5
72F
330
72C
100
AcDbEntity
  8
0
100
AcDbBlockBegin
  2
zw$D288
 70
     0
 10
0.0
 20
0.0
 30
0.0
  3
zw$D288
  1

  0
INSERT
  5
730
330
72C
100
AcDbEntity
  8
SYM
100
AcDbBlockReference
  2
W.H.C
 10
-42.30198687617667
 20
15.39503944317402
 30
0.0000000000000471
 41
1.319999948096925
 42
1.319999948140579
 43
1.319999948147855
  0
LINE
  5
731
330
72C
100
AcDbEntity
  8
SYM
100
AcDbLine
 10
-35.72364983009175
 20
2.411628262518205
 30
0.0
 11
-35.72364983009175
 21
3.557677003351273
 31
0.0
  0
LINE
  5
732
330
72C
100
AcDbEntity
  8
SYM
100
AcDbLine
 10
-34.10008098348044
 20
3.462172940722665
 30
0.0
 11
-35.72364983009175
 21
2.507132325525162
 31
0.0
  0
LINE
  5
733
330
72C
100
AcDbEntity
  8
SYM
100
AcDbLine
 10
-35.72364983009175
 20
3.462172940722665
 30
0.0
 11
-34.10008098348044
 21
2.507132325525162
 31
0.0
  0
LINE
  5
734
330
72C
100
AcDbEntity
  8
SYM
100
AcDbLine
 10
-34.10008098348044
 20
2.411628262518205
 30
0.0
 11
-34.10008098348044
 21
3.557677003351273
 31
0.0
  0
LINE
  5
735
330
72C
100
AcDbEntity
  8
SYM
 62
     1
100
AcDbLine
 10
-34.9118654129561
 20
4.273957465411513
 30
0.0
 11
-34.10008098348044
 21
3.462172940722665
 31
0.0
  0
LINE
  5
736
330
72C
100
AcDbEntity
  8
SYM
 62
     1
100
AcDbLine
 10
-34.9118654129561
 20
2.984652633327641
 30
0.0
 11
-34.9118654129561
 21
4.728556799178476
 31
0.0
  0
LINE
  5
737
330
72C
100
AcDbEntity
  8
SYM
 62
     1
100
AcDbLine
 10
-34.9118654129561
 20
4.273957465411513
 30
0.0
 11
-35.72364983009175
 21
3.462172940722665
 31
0.0
  0
LINE
  5
738
330
72C
100
AcDbEntity
  8
SYM
 62
     1
100
AcDbLine
 10
-35.36646468756953
 20
4.273957465411513
 30
0.0
 11
-34.45726612914587
 21
4.273957465411513
 31
0.0
  0
INSERT
  5
739
330
72C
100
AcDbEntity
  8
SYM
100
AcDbBlockReference
  2
A$C2254
 10
-25.31791287527708
 20
5.465642073890193
 30
0.0
 41
0.0191008090687526
 42
0.0191008090542007
 43
0.019100809055947
  0
SOLID
  5
73A
330
72C
100
AcDbEntity
  8
SYM
100
AcDbTrace
 10
-22.27806383004645
 20
6.993707060610176
 30
0.0
 11
-23.55934950947994
 21
4.774454885482554
 31
0.0
 12
-20.99677816272015
 22
4.774454885482554
 32
0.0
 13
-20.99677816272015
 23
4.774454885482554
 33
0.0
  0
ELLIPSE
  5
73B
330
72C
100
AcDbEntity
  8
SYM
100
AcDbEllipse
 10
-22.27806383004645
 20
5.51271741099481
 30
0.0
 11
1.528064783161885
 21
0.0001264331662446
 31
0.0
210
0.0
220
0.0
230
1.0
 40
0.9999999966619503
 41
-0.0000827407108464
 42
6.283102566468737
  0
LINE
  5
73C
330
72C
100
AcDbEntity
  8
PIPE
100
AcDbLine
 10
-26.12969733803766
 20
5.465642073890193
 30
0.0
 11
-39.30198687617667
 21
5.465642073890193
 31
0.0
  0
LINE
  5
73D
330
72C
100
AcDbEntity
  8
PIPE
100
AcDbLine
 10
-23.80612862826092
 20
5.465642073890193
 30
0.0
 11
-24.50612848985475
 21
5.465642073890193
 31
0.0
  0
INSERT
  5
73E
330
72C
100
AcDbEntity
  8
SYM
100
AcDbBlockReference
  2
FSK3
 10
-48.30198683799244
 20
2.484652632934739
 30
0.0
 41
1.099999960026468
 42
1.099999960070124
 43
1.099999960068378
  0
LINE
  5
73F
330
72C
100
AcDbEntity
  8
PIPE
100
AcDbLine
 10
-22.27793739683693
 20
3.984652632934738
 30
0.0
 11
-22.27793739683693
 21
2.984652632934738
 31
0.0
  0
LINE
  5
740
330
72C
100
AcDbEntity
  8
PIPE
100
AcDbLine
 10
-22.27793739683693
 20
2.984652632934738
 30
0.0
 11
-34.10008098348044
 21
2.984652632934738
 31
0.0
  0
LINE
  5
741
330
72C
100
AcDbEntity
  8
PIPE
100
AcDbLine
 10
-35.72364983009175
 20
2.984652632934738
 30
0.0
 11
-38.30198687617667
 21
2.984652632934738
 31
0.0
  0
LINE
  5
742
330
72C
100
AcDbEntity
  8
PIPE
100
AcDbLine
 10
-40.30198687617667
 20
2.984652632934738
 30
0.0
 11
-42.30198687617667
 21
2.984652632934738
 31
0.0
  0
LINE
  5
743
330
72C
100
AcDbEntity
  8
PIPE
100
AcDbLine
 10
-42.30198687617667
 20
5.465642073890193
 30
0.0
 11
-48.30198683799244
 21
5.465642073890193
 31
0.0
  0
LINE
  5
744
330
72C
100
AcDbEntity
  8
PIPE
100
AcDbLine
 10
-42.30198687617667
 20
14.98465261589444
 30
0.0
 11
-42.30198687617667
 21
0.0
 31
0.0
  0
LINE
  5
745
330
72C
100
AcDbEntity
  8
PIPE
100
AcDbLine
 10
-39.30198687617667
 20
5.465642073890193
 30
0.0
 11
-39.30198687617667
 21
0.0
 31
0.0
  0
LINE
  5
746
330
72C
100
AcDbEntity
  8
PIPE
100
AcDbLine
 10
-42.30198687617667
 20
6.965642073890193
 30
0.0
 11
-48.30198683799244
 21
6.965642073890193
 31
0.0
  0
LINE
  5
747
330
72C
100
AcDbEntity
  8
PIPE
  6
Continuous
 62
     4
 48
2.0
100
AcDbLine
 10
-22.27819026319776
 20
7.04078218905488
 30
0.0
 11
-22.27819026319776
 21
13.98465261589445
 31
0.0
  0
LINE
  5
748
330
72C
100
AcDbEntity
  8
PIPE
  6
Continuous
 62
     4
 48
2.0
100
AcDbLine
 10
-22.27819026319776
 20
12.98465261589444
 30
0.0
 11
-41.30198687617665
 21
12.98465261589444
 31
0.0
  0
LINE
  5
749
330
72C
100
AcDbEntity
  8
PIPE
  6
Continuous
 62
     4
 48
2.0
100
AcDbLine
 10
-43.30198687617667
 20
12.98465261589444
 30
0.0
 11
-70.90987426496576
 21
12.98465261589444
 31
0.0
  0
LINE
  5
74A
330
72C
100
AcDbEntity
  8
PIPE11
  6
Continuous
 62
     6
100
AcDbLine
 10
-27.754962863517
 20
6.465642073890193
 30
0.0
 11
-28.62318145669997
 21
6.465642073890193
 31
0.0
  0
LINE
  5
74B
330
72C
100
AcDbEntity
  8
PIPE11
  6
Continuous
 62
     6
100
AcDbLine
 10
-27.754962863517
 20
7.69561841446557
 30
0.0
 11
-28.62318145669997
 21
7.69561841446557
 31
0.0
  0
LINE
  5
74C
330
72C
100
AcDbEntity
  8
PIPE11
  6
Continuous
 62
     6
100
AcDbLine
 10
-28.44105340610258
 20
7.69561841446557
 30
0.0
 11
-28.44105340610258
 21
6.465642073890193
 31
0.0
  0
LINE
  5
74D
330
72C
100
AcDbEntity
  8
PIPE11
  6
Continuous
 62
     6
100
AcDbLine
 10
-27.93709091417259
 20
7.69561841446557
 30
0.0
 11
-27.93709091417259
 21
6.465642073890193
 31
0.0
  0
LINE
  5
74E
330
72C
100
AcDbEntity
  8
PIPE11
  6
Continuous
 62
     3
100
AcDbLine
 10
-28.18907216010848
 20
6.465642073890193
 30
0.0
 11
-28.18907216010848
 21
5.465642073890193
 31
0.0
  0
LINE
  5
74F
330
72C
100
AcDbEntity
  8
PIPE11
  6
Continuous
 62
     3
100
AcDbLine
 10
-28.18907216010848
 20
14.48465261589445
 30
0.0
 11
-28.18907216010848
 21
7.69561841446557
 31
0.0
  0
INSERT
  5
750
330
72C
100
AcDbEntity
  8
PIPE11
  6
Continuous
 62
     3
100
AcDbBlockReference
  2
A$C6384
 10
-28.65995033760555
 20
8.639005541495862
 30
0.0
 41
-0.0144703098476541
 42
0.0144703098476541
 43
0.0144703098476541
  0
LINE
  5
751
330
72C
100
AcDbEntity
  8
PIPE11
  6
Continuous
 62
     3
100
AcDbLine
 10
-28.93907216010848
 20
8.69561841446557
 30
0.0
 11
-28.18907216010848
 21
8.69561841446557
 31
0.0
  0
LINE
  5
752
330
72C
100
AcDbEntity
  8
PIPE
  6
Continuous
 62
     4
 48
2.0
100
AcDbLine
 10
-22.27819026319776
 20
13.98465261589445
 30
0.0
 11
0.0000000518630259
 21
13.98465261589445
 31
0.0
  0
INSERT
  5
753
330
72C
100
AcDbEntity
  8
BRACE_4방향
100
AcDbBlockReference
  2
A$C00AB62C4
 10
-42.22071712801699
 20
9.520329514940382
 30
0.0000000000025568
 41
0.4999999803591471
 42
0.4999999803591471
 43
0.4999999803591471
  0
LWPOLYLINE
  5
754
330
72C
100
AcDbEntity
  8
0
100
AcDbPolyline
 90
        4
 70
     1
 43
0.0
 10
-70.90987425757339
 20
14.98465261589444
 10
0.0000000555883162
 20
14.98465261589444
 10
0.0
 20
0.0
 10
-70.90987431316171
 20
0.0
  0
LINE
  5
755
330
72C
100
AcDbEntity
  8
PIPE11
  6
Continuous
 62
     3
100
AcDbLine
 10
-20.18907216010848
 20
13.98465261589445
 30
0.0
 11
-20.18907216010848
 21
14.48465261589445
 31
0.0
  0
LINE
  5
756
330
72C
100
AcDbEntity
  8
PIPE11
  6
Continuous
 62
     3
100
AcDbLine
 10
-20.18907216010848
 20
14.48465261589445
 30
0.0
 11
-28.18907216010848
 21
14.48465261589445
 31
0.0
  0
ENDBLK
  5
757
330
72C
100
AcDbEntity
  8
0
100
AcDbBlockEnd
  0
BLOCK
  5
6DE
330
6DB
100
AcDbEntity
  8
0
100
AcDbBlockBegin
  2
zw$E6AF
 70
     0
 10
0.0
 20
0.0
 30
0.0
  3
zw$E6AF
  1

  0
LINE
  5
6DF
330
6DB
100
AcDbEntity
  8
SYM
100
AcDbLine
 10
-35.72364983009175
 20
2.411628262518205
 30
0.0
 11
-35.72364983009175
 21
3.557677003351273
 31
0.0
  0
LINE
  5
6E0
330
6DB
100
AcDbEntity
  8
SYM
100
AcDbLine
 10
-34.10008098348044
 20
3.462172940722665
 30
0.0
 11
-35.72364983009175
 21
2.507132325525162
 31
0.0
  0
LINE
  5
6E1
330
6DB
100
AcDbEntity
  8
SYM
100
AcDbLine
 10
-35.72364983009175
 20
3.462172940722665
 30
0.0
 11
-34.10008098348044
 21
2.507132325525162
 31
0.0
  0
LINE
  5
6E2
330
6DB
100
AcDbEntity
  8
SYM
100
AcDbLine
 10
-34.10008098348044
 20
2.411628262518205
 30
0.0
 11
-34.10008098348044
 21
3.557677003351273
 31
0.0
  0
LINE
  5
6E3
330
6DB
100
AcDbEntity
  8
SYM
 62
     1
100
AcDbLine
 10
-34.9118654129561
 20
4.273957465411513
 30
0.0
 11
-34.10008098348044
 21
3.462172940722665
 31
0.0
  0
LINE
  5
6E4
330
6DB
100
AcDbEntity
  8
SYM
 62
     1
100
AcDbLine
 10
-34.9118654129561
 20
2.984652633327641
 30
0.0
 11
-34.9118654129561
 21
4.728556799178476
 31
0.0
  0
LINE
  5
6E5
330
6DB
100
AcDbEntity
  8
SYM
 62
     1
100
AcDbLine
 10
-34.9118654129561
 20
4.273957465411513
 30
0.0
 11
-35.72364983009175
 21
3.462172940722665
 31
0.0
  0
LINE
  5
6E6
330
6DB
100
AcDbEntity
  8
SYM
 62
     1
100
AcDbLine
 10
-35.36646468756953
 20
4.273957465411513
 30
0.0
 11
-34.45726612914587
 21
4.273957465411513
 31
0.0
  0
INSERT
  5
6E7
330
6DB
100
AcDbEntity
  8
SYM
100
AcDbBlockReference
  2
A$C2254
 10
-25.31791287527708
 20
5.465642073890193
 30
0.0
 41
0.0191008090687526
 42
0.0191008090542007
 43
0.019100809055947
  0
SOLID
  5
6E8
330
6DB
100
AcDbEntity
  8
SYM
100
AcDbTrace
 10
-22.27806383004645
 20
6.993707060610176
 30
0.0
 11
-23.55934950947994
 21
4.774454885482554
 31
0.0
 12
-20.99677816272015
 22
4.774454885482554
 32
0.0
 13
-20.99677816272015
 23
4.774454885482554
 33
0.0
  0
ELLIPSE
  5
6E9
330
6DB
100
AcDbEntity
  8
SYM
100
AcDbEllipse
 10
-22.27806383004645
 20
5.51271741099481
 30
0.0
 11
1.528064783161885
 21
0.0001264331662446
 31
0.0
210
0.0
220
0.0
230
1.0
 40
0.9999999966619503
 41
-0.0000827407108464
 42
6.283102566468737
  0
LINE
  5
6EA
330
6DB
100
AcDbEntity
  8
PIPE
100
AcDbLine
 10
-26.12969733803766
 20
5.465642073890193
 30
0.0
 11
-39.30198687617667
 21
5.465642073890193
 31
0.0
  0
LINE
  5
6EB
330
6DB
100
AcDbEntity
  8
PIPE
100
AcDbLine
 10
-23.80612862826092
 20
5.465642073890193
 30
0.0
 11
-24.50612848985475
 21
5.465642073890193
 31
0.0
  0
INSERT
  5
6EC
330
6DB
100
AcDbEntity
  8
SYM
100
AcDbBlockReference
  2
FSK3
 10
-48.30198683799244
 20
2.484652632934739
 30
0.0
 41
1.099999960026468
 42
1.099999960070124
 43
1.099999960068378
  0
LINE
  5
710
330
6DB
100
AcDbEntity
  8
PIPE
100
AcDbLine
 10
-22.27793739683693
 20
3.984652632934738
 30
0.0
 11
-22.27793739683693
 21
2.984652632934738
 31
0.0
  0
LINE
  5
711
330
6DB
100
AcDbEntity
  8
PIPE
100
AcDbLine
 10
-22.27793739683693
 20
2.984652632934738
 30
0.0
 11
-34.10008098348044
 21
2.984652632934738
 31
0.0
  0
LINE
  5
712
330
6DB
100
AcDbEntity
  8
PIPE
100
AcDbLine
 10
-35.72364983009175
 20
2.984652632934738
 30
0.0
 11
-38.30198687617667
 21
2.984652632934738
 31
0.0
  0
LINE
  5
713
330
6DB
100
AcDbEntity
  8
PIPE
100
AcDbLine
 10
-40.30198687617667
 20
2.984652632934738
 30
0.0
 11
-42.30198687617667
 21
2.984652632934738
 31
0.0
  0
LINE
  5
714
330
6DB
100
AcDbEntity
  8
PIPE
  6
Continuous
 62
     4
 48
2.0
100
AcDbLine
 10
-40.30198687617667
 20
12.98465261589444
 30
0.0
 11
-41.30198687617665
 21
12.98465261589444
 31
0.0
  0
LINE
  5
715
330
6DB
100
AcDbEntity
  8
PIPE
  6
Continuous
 62
     4
 48
2.0
100
AcDbLine
 10
-43.30198687617667
 20
12.98465261589444
 30
0.0
 11
-70.90987425757339
 21
12.98465261589444
 31
0.0
  0
LINE
  5
716
330
6DB
100
AcDbEntity
  8
PIPE
100
AcDbLine
 10
-42.30198687617667
 20
5.465642073890193
 30
0.0
 11
-48.30198683799244
 21
5.465642073890193
 31
0.0
  0
LINE
  5
717
330
6DB
100
AcDbEntity
  8
PIPE
100
AcDbLine
 10
-42.30198687617667
 20
14.98465261589444
 30
0.0
 11
-42.30198687617667
 21
0.0
 31
0.0
  0
LINE
  5
718
330
6DB
100
AcDbEntity
  8
PIPE
100
AcDbLine
 10
-39.30198687617667
 20
14.98465261589444
 30
0.0
 11
-39.30198687617667
 21
0.0
 31
0.0
  0
LINE
  5
719
330
6DB
100
AcDbEntity
  8
PIPE
100
AcDbLine
 10
-42.30198687617667
 20
6.965642073890193
 30
0.0
 11
-48.30198683799244
 21
6.965642073890193
 31
0.0
  0
LINE
  5
71A
330
6DB
100
AcDbEntity
  8
PIPE
  6
Continuous
 62
     4
 48
2.0
100
AcDbLine
 10
-22.27819026319776
 20
7.04078218905488
 30
0.0
 11
-22.27819026319776
 21
13.98465261589445
 31
0.0
  0
LINE
  5
71B
330
6DB
100
AcDbEntity
  8
PIPE
  6
Continuous
 62
     4
 48
2.0
100
AcDbLine
 10
-22.27819026319776
 20
12.98465261589444
 30
0.0
 11
-38.30198687617667
 21
12.98465261589444
 31
0.0
  0
LINE
  5
71C
330
6DB
100
AcDbEntity
  8
PIPE11
  6
Continuous
 62
     6
100
AcDbLine
 10
-27.754962863517
 20
6.465642073890193
 30
0.0
 11
-28.62318145669997
 21
6.465642073890193
 31
0.0
  0
LINE
  5
71D
330
6DB
100
AcDbEntity
  8
PIPE11
  6
Continuous
 62
     6
100
AcDbLine
 10
-27.754962863517
 20
7.69561841446557
 30
0.0
 11
-28.62318145669997
 21
7.69561841446557
 31
0.0
  0
LINE
  5
71E
330
6DB
100
AcDbEntity
  8
PIPE11
  6
Continuous
 62
     6
100
AcDbLine
 10
-28.44105340610258
 20
7.69561841446557
 30
0.0
 11
-28.44105340610258
 21
6.465642073890193
 31
0.0
  0
LINE
  5
71F
330
6DB
100
AcDbEntity
  8
PIPE11
  6
Continuous
 62
     6
100
AcDbLine
 10
-27.93709091417259
 20
7.69561841446557
 30
0.0
 11
-27.93709091417259
 21
6.465642073890193
 31
0.0
  0
LINE
  5
720
330
6DB
100
AcDbEntity
  8
PIPE
  6
Continuous
 62
     4
 48
2.0
100
AcDbLine
 10
-22.27819026319776
 20
13.98465261589445
 30
0.0
 11
0.0000000518630259
 21
13.98465261589445
 31
0.0
  0
LINE
  5
721
330
6DB
100
AcDbEntity
  8
PIPE11
  6
Continuous
 62
     3
100
AcDbLine
 10
-28.18907216010848
 20
6.465642073890193
 30
0.0
 11
-28.18907216010848
 21
5.465642073890193
 31
0.0
  0
LINE
  5
722
330
6DB
100
AcDbEntity
  8
PIPE11
  6
Continuous
 62
     3
100
AcDbLine
 10
-28.18907216010848
 20
14.48465261589445
 30
0.0
 11
-28.18907216010848
 21
7.69561841446557
 31
0.0
  0
INSERT
  5
723
330
6DB
100
AcDbEntity
  8
PIPE11
  6
Continuous
 62
     3
100
AcDbBlockReference
  2
A$C6384
 10
-28.65995033760555
 20
8.639005541495862
 30
0.0
 41
-0.0144703098476541
 42
0.0144703098476541
 43
0.0144703098476541
  0
LINE
  5
724
330
6DB
100
AcDbEntity
  8
PIPE11
  6
Continuous
 62
     3
100
AcDbLine
 10
-28.93907216010848
 20
8.69561841446557
 30
0.0
 11
-28.18907216010848
 21
8.69561841446557
 31
0.0
  0
LWPOLYLINE
  5
725
330
6DB
100
AcDbEntity
  8
0
100
AcDbPolyline
 90
        4
 70
     1
 43
0.0
 10
-70.90987425757339
 20
14.98465261589444
 10
0.0000000555883162
 20
14.98465261589444
 10
0.0
 20
0.0
 10
-70.90987431316171
 20
0.0
  0
LINE
  5
726
330
6DB
100
AcDbEntity
  8
PIPE11
  6
Continuous
 62
     3
100
AcDbLine
 10
-20.18907216010848
 20
13.98465261589445
 30
0.0
 11
-20.18907216010848
 21
14.48465261589445
 31
0.0
  0
LINE
  5
727
330
6DB
100
AcDbEntity
  8
PIPE11
  6
Continuous
 62
     3
100
AcDbLine
 10
-20.18907216010848
 20
14.48465261589445
 30
0.0
 11
-28.18907216010848
 21
14.48465261589445
 31
0.0
  0
ENDBLK
  5
728
330
6DB
100
AcDbEntity
  8
0
100
AcDbBlockEnd
  0
BLOCK
  5
672
330
66F
100
AcDbEntity
  8
0
100
AcDbBlockBegin
  2
하향식피난구
 70
     0
 10
0.0
 20
0.0
 30
0.0
  3
하향식피난구
  1

  0
LWPOLYLINE
  5
673
330
66F
100
AcDbEntity
  8
defpoint
100
AcDbPolyline
 90
        4
 70
     1
 43
0.0
 10
5.280991646347273
 20
5.280992490061038
 10
0.0
 20
5.280992490061038
 10
0.0
 20
0.0
 10
5.280991646347273
 20
0.0
  0
TEXT
  5
674
330
66F
100
AcDbEntity
  8
TEXT
  6
Continuous
100
AcDbText
 10
0.5563710040768251
 20
1.059085181001103
 30
0.0
 40
2.999999882154881
  1
하
  7
1
 72
     4
 11
2.640495752602332
 21
2.640496245067821
 31
0.0
100
AcDbText
  0
ELLIPSE
  5
675
330
66F
100
AcDbEntity
  8
TEXT
 62
     1
100
AcDbEllipse
 10
2.640495752602332
 20
2.640496245030532
 30
0.0
 11
0.0005279578577291
 21
2.640496245030509
 31
0.0
210
0.0
220
0.0
230
-1.0
 40
0.9999998669622909
 41
4.712189033965032
 42
10.99537434114462
  0
ENDBLK
  5
676
330
66F
100
AcDbEntity
  8
0
100
AcDbBlockEnd
  0
BLOCK
  5
5F1
330
5F0
100
AcDbEntity
  8
0
100
AcDbBlockBegin
  2
ABC소화기
 70
     0
 10
0.0
 20
0.0
 30
0.0
  3
ABC소화기
  1

  0
LWPOLYLINE
  5
5F2
330
5F0
100
AcDbEntity
  8
defpoint
100
AcDbPolyline
 90
        4
 70
     1
 43
0.0
 10
-0.0000000000001137
 20
5.281016779851596
 10
-5.280991646347387
 20
5.281016779851596
 10
-5.280991646347387
 20
0.0000242897905594
 10
-0.0000000000001137
 20
0.0000242897905594
  0
TEXT
  5
5F3
330
5F0
100
AcDbEntity
  8
TEXT
  6
Continuous
100
AcDbText
 10
-4.72462064227059
 20
1.181226155275579
 30
-0.0000000000058591
 40
2.999999882154881
  1
소
  7
1
 72
     4
 11
-2.640495893745081
 21
2.640520534858381
 31
-0.0000000000058591
100
AcDbText
  0
ELLIPSE
  5
5F4
330
5F0
100
AcDbEntity
  8
TEXT
 62
     1
100
AcDbEllipse
 10
-2.640495893745081
 20
2.640520534821091
 30
-0.0000000000058591
 11
0.0005279578577291
 21
2.640496245030509
 31
0.0
210
0.0
220
0.0
230
-1.0
 40
0.9999998669622909
 41
4.712189033965032
 42
10.99537434114462
  0
ENDBLK
  5
5F5
330
5F0
100
AcDbEntity
  8
0
100
AcDbBlockEnd
  0
BLOCK
  5
666
330
665
100
AcDbEntity
  8
0
100
AcDbBlockBegin
  2
주방자동소화기
 70
     0
 10
0.0
 20
0.0
 30
0.0
  3
주방자동소화기
  1

  0
LWPOLYLINE
  5
667
330
665
100
AcDbEntity
  8
defpoint
100
AcDbPolyline
 90
        4
 70
     1
 43
0.0
 10
0.0
 20
5.280992490061038
 10
-5.280991646347273
 20
5.280992490061038
 10
-5.280991646347273
 20
0.0
 10
0.0
 20
0.0
  0
TEXT
  5
668
330
665
100
AcDbEntity
  8
TEXT
  6
Continuous
100
AcDbText
 10
-4.724620642270476
 20
1.059085181001103
 30
0.0000000000001421
 40
2.999999882154881
  1
자
  7
1
 72
     4
 11
-2.640495893744969
 21
2.640496245067821
 31
0.0000000000001421
100
AcDbText
  0
ELLIPSE
  5
669
330
665
100
AcDbEntity
  8
TEXT
 62
     1
100
AcDbEllipse
 10
-2.640495893744969
 20
2.640496245030532
 30
0.0000000000001421
 11
0.0005279578577291
 21
2.640496245030509
 31
0.0
210
0.0
220
0.0
230
-1.0
 40
0.9999998669622909
 41
4.712189033965032
 42
10.99537434114462
  0
ENDBLK
  5
66A
330
665
100
AcDbEntity
  8
0
100
AcDbBlockEnd
  0
BLOCK
  5
64B
330
64A
100
AcDbEntity
  8
SYM
100
AcDbBlockBegin
  2
zw$F3AF
 70
     0
 10
0.0
 20
0.0
 30
0.0
  3
zw$F3AF
  1

  0
LINE
  5
64C
330
64A
100
AcDbEntity
  8
SYM
100
AcDbLine
 10
0.6604319959878922
 20
0.9356120005249975
 30
0.0
 11
-0.6604320034384728
 21
0.9356120005249975
 31
0.0
  0
CIRCLE
  5
64D
330
64A
100
AcDbEntity
  8
SYM
100
AcDbCircle
 10
0.0
 20
0.0
 30
0.0
 40
0.4308627960054733
  0
LINE
  5
64E
330
64A
100
AcDbEntity
  8
SYM
100
AcDbLine
 10
0.6604319959878922
 20
-0.9356119995936753
 30
0.0
 11
-0.6604320034384728
 21
-0.9356119995936753
 31
0.0
  0
LINE
  5
64F
330
64A
100
AcDbEntity
  8
SYM
100
AcDbLine
 10
-1.164436720311639
 20
0.0
 30
0.0
 11
-1.164436720311639
 21
-0.3852519998326897
 31
0.0
  0
LINE
  5
650
330
64A
100
AcDbEntity
  8
SYM
100
AcDbLine
 10
0.0
 20
0.0
 30
0.0
 11
-1.164436720311639
 21
0.0
 31
0.0
  0
LINE
  5
651
330
64A
100
AcDbEntity
  8
SYM
100
AcDbLine
 10
-0.5503600016236307
 20
-0.9356119995936753
 30
0.0
 11
0.5503599941730501
 21
0.9356120005249975
 31
0.0
  0
LINE
  5
652
330
64A
100
AcDbEntity
  8
SYM
100
AcDbLine
 10
-0.5503600016236307
 20
0.9356120005249975
 30
0.0
 11
0.5503599941730501
 21
-0.9356119995936753
 31
0.0
  0
ENDBLK
  5
653
330
64A
100
AcDbEntity
  8
SYM
100
AcDbBlockEnd
  0
BLOCK
  5
643
330
642
100
AcDbEntity
  8
SYM
100
AcDbBlockBegin
  2
zw$1A81
 70
     0
 10
0.0
 20
0.0
 30
0.0
  3
zw$1A81
  1

  0
LINE
  5
644
330
642
100
AcDbEntity
  8
SYM
100
AcDbLine
 10
-0.7496999986469746
 20
-0.5291999992914498
 30
0.0
 11
-0.7496999986469746
 21
0.5291999992914498
 31
0.0
  0
LINE
  5
645
330
642
100
AcDbEntity
  8
SYM
100
AcDbLine
 10
0.7496999986469746
 20
-0.5291999992914498
 30
0.0
 11
0.7496999986469746
 21
0.5291999992914498
 31
0.0
  0
LINE
  5
646
330
642
100
AcDbEntity
  8
SYM
100
AcDbLine
 10
-0.7496999986469746
 20
0.4409999991767111
 30
0.0
 11
0.7496999986469746
 21
-0.4409999991767111
 31
0.0
  0
LINE
  5
647
330
642
100
AcDbEntity
  8
SYM
100
AcDbLine
 10
0.7496999986469746
 20
0.4409999991767111
 30
0.0
 11
-0.7496999986469746
 21
-0.4409999991767111
 31
0.0
  0
ENDBLK
  5
648
330
642
100
AcDbEntity
  8
SYM
100
AcDbBlockEnd
  0
BLOCK
  5
63A
330
639
100
AcDbEntity
  8
SYM
100
AcDbBlockBegin
  2
zw$57B4
 70
     0
 10
0.0
 20
0.0
 30
0.0
  3
zw$57B4
  1

  0
LINE
  5
63B
330
639
100
AcDbEntity
  8
SYM
100
AcDbLine
 10
0.7496999986469746
 20
0.4409999996423723
 30
0.0
 11
-0.7496999986469746
 21
-0.4409999996423723
 31
0.0
  0
LINE
  5
63C
330
639
100
AcDbEntity
  8
SYM
100
AcDbLine
 10
-0.7306145988404751
 20
0.6173999998718501
 30
0.0
 11
0.7735277749598028
 21
0.6173999998718501
 31
0.0
  0
LINE
  5
63D
330
639
100
AcDbEntity
  8
SYM
100
AcDbLine
 10
0.7496999986469746
 20
-0.5291999997571111
 30
0.0
 11
0.7496999986469746
 21
0.5291999997571111
 31
0.0
  0
LINE
  5
63E
330
639
100
AcDbEntity
  8
SYM
100
AcDbLine
 10
0.7735277749598028
 20
0.6173999998718501
 30
0.0
 11
0.4660272337496282
 21
0.679504125379026
 31
0.0
  0
LINE
  5
63F
330
639
100
AcDbEntity
  8
SYM
100
AcDbLine
 10
-0.7496999986469746
 20
-0.5291999997571111
 30
0.0
 11
-0.7496999986469746
 21
0.5291999997571111
 31
0.0
  0
ENDBLK
  5
640
330
639
100
AcDbEntity
  8
SYM
100
AcDbBlockEnd
  0
BLOCK
  5
626
330
625
100
AcDbEntity
  8
PIPE
100
AcDbBlockBegin
  2
zw$2D4E
 70
     0
 10
0.0
 20
0.0
 30
0.0
  3
zw$2D4E
  1

  0
LINE
  5
627
330
625
100
AcDbEntity
  8
SYM
100
AcDbLine
 10
112.4549997970462
 20
66.14999994641403
 30
0.0
 11
-112.4549997970462
 21
-66.14999994641403
 31
0.0
  0
LINE
  5
628
330
625
100
AcDbEntity
  8
SYM
100
AcDbLine
 10
-109.5921898260712
 20
92.60999998071929
 30
0.0
 11
116.0291662439704
 21
92.60999998071929
 31
0.0
  0
LINE
  5
629
330
625
100
AcDbEntity
  8
SYM
100
AcDbLine
 10
112.4549997970462
 20
-79.37999996356666
 30
0.0
 11
112.4549997970462
 21
79.37999996350845
 31
0.0
  0
LINE
  5
62A
330
625
100
AcDbEntity
  8
SYM
100
AcDbLine
 10
116.0291662439704
 20
92.60999998071929
 30
0.0
 11
69.90408506337553
 21
101.9256188067957
 31
0.0
  0
LINE
  5
62B
330
625
100
AcDbEntity
  8
SYM
100
AcDbLine
 10
-112.4549997970462
 20
-79.37999996356666
 30
0.0
 11
-112.4549997970462
 21
79.37999996350845
 31
0.0
  0
ENDBLK
  5
62C
330
625
100
AcDbEntity
  8
PIPE
100
AcDbBlockEnd
  0
BLOCK
  5
61C
330
61B
100
AcDbEntity
  8
PIPE
100
AcDbBlockBegin
  2
zw$128A
 70
     0
 10
0.0
 20
0.0
 30
0.0
  3
zw$128A
  1

  0
LINE
  5
61D
330
61B
100
AcDbEntity
  8
SYM
100
AcDbLine
 10
-112.4549997965805
 20
-79.37999989371745
 30
0.0
 11
-112.4549997965805
 21
79.37999989377567
 31
0.0
  0
LINE
  5
61E
330
61B
100
AcDbEntity
  8
SYM
100
AcDbLine
 10
112.4549997965805
 20
-79.37999989371745
 30
0.0
 11
112.4549997965805
 21
79.37999989377567
 31
0.0
  0
LINE
  5
61F
330
61B
100
AcDbEntity
  8
SYM
100
AcDbLine
 10
-112.4549997965805
 20
66.14999987656482
 30
0.0
 11
112.4549997965805
 21
-66.14999987656482
 31
0.0
  0
LINE
  5
620
330
61B
100
AcDbEntity
  8
SYM
100
AcDbLine
 10
112.4549997965805
 20
66.14999987656482
 30
0.0
 11
-112.4549997965805
 21
-66.14999987656482
 31
0.0
  0
ENDBLK
  5
621
330
61B
100
AcDbEntity
  8
PIPE
100
AcDbBlockEnd
  0
BLOCK
  5
60D
330
60C
100
AcDbEntity
  8
급탕
100
AcDbBlockBegin
  2
zw$5186
 70
     0
 10
0.0
 20
0.0
 30
0.0
  3
zw$5186
  1

  0
LINE
  5
60E
330
60C
100
AcDbEntity
  8
SYM
100
AcDbLine
 10
79.38000230444595
 20
112.4549997837748
 30
0.0
 11
-79.38000230398029
 21
112.4549997837748
 31
0.0
  0
LINE
  5
60F
330
60C
100
AcDbEntity
  8
SYM
100
AcDbLine
 10
79.38000230444595
 20
-112.4549997837748
 30
0.0
 11
-79.38000230398029
 21
-112.4549997837748
 31
0.0
  0
LINE
  5
610
330
60C
100
AcDbEntity
  8
SYM
100
AcDbLine
 10
-66.15000155614689
 20
112.4549997837748
 30
0.0
 11
-66.15000155614689
 21
-112.4549997837748
 31
0.0
  0
LINE
  5
611
330
60C
100
AcDbEntity
  8
SYM
100
AcDbLine
 10
66.15000155614689
 20
112.4549997837748
 30
0.0
 11
66.15000155614689
 21
-112.4549997837748
 31
0.0
  0
ENDBLK
  5
612
330
60C
100
AcDbEntity
  8
급탕
100
AcDbBlockEnd
  0
BLOCK
  5
19F
330
19C
100
AcDbEntity
  8
0
100
AcDbBlockBegin
  2
SF30T
 70
     0
 10
0.0
 20
0.0
 30
0.0
  3
SF30T
  1

  0
LINE
  5
1A0
330
19C
100
AcDbEntity
  8
0
  6
Continuous
 62
     6
100
AcDbLine
 10
1.5
 20
-0.75
 30
0.0
 11
1.5
 21
0.75
 31
0.0
1001
AcDbBlockRepETag
1070
     1
1071
        3
1005
1A0
  0
ARC
  5
1A1
330
19C
100
AcDbEntity
  8
0
  6
Continuous
 62
     6
100
AcDbCircle
 10
0.0
 20
0.0
 30
0.0
 40
0.9
100
AcDbArc
 50
46.23825730732042
 51
313.7617426926795
1001
AcDbBlockRepETag
1070
     1
1071
        4
1005
1A1
  0
LINE
  5
1A2
330
19C
100
AcDbEntity
  8
0
  6
Continuous
 62
     6
100
AcDbLine
 10
-0.75
 20
-1.5
 30
0.0
 11
0.75
 21
-1.5
 31
0.0
1001
AcDbBlockRepETag
1070
     1
1071
        5
1005
1A2
  0
LINE
  5
1A3
330
19C
100
AcDbEntity
  8
0
  6
Continuous
 62
     0
100
AcDbLine
 10
0.0
 20
-0.900000000001455
 30
0.0
 11
0.0
 21
-1.5
 31
0.0
1001
AcDbBlockRepETag
1070
     1
1071
        6
1005
1A3
  0
LINE
  5
1A4
330
19C
100
AcDbEntity
  8
0
  6
Continuous
 62
     6
100
AcDbLine
 10
-0.75
 20
1.5
 30
0.0
 11
0.75
 21
1.5
 31
0.0
1001
AcDbBlockRepETag
1070
     1
1071
        7
1005
1A4
  0
LINE
  5
1A5
330
19C
100
AcDbEntity
  8
0
  6
Continuous
 62
     0
100
AcDbLine
 10
0.0
 20
0.0
 30
0.0
 11
1.5
 21
0.0
 31
0.0
1001
AcDbBlockRepETag
1070
     1
1071
        8
1005
1A5
  0
LINE
  5
1A6
330
19C
100
AcDbEntity
  8
0
  6
Continuous
 62
     0
100
AcDbLine
 10
0.0
 20
0.900000000001455
 30
0.0
 11
0.0
 21
1.5
 31
0.0
1001
AcDbBlockRepETag
1070
     1
1071
        9
1005
1A6
  0
LINE
  5
1A7
330
19C
100
AcDbEntity
  8
defpoint
  6
ByBlock
100
AcDbLine
 10
-0.0145560204148623
 20
0.0003365116720914
 30
0.0
 11
0.014228018905726
 21
0.0003365116720914
 31
0.0
  0
LINE
  5
1A9
330
19C
100
AcDbEntity
  8
defpoint
  6
ByBlock
100
AcDbLine
 10
0.0
 20
-0.0129447742194742
 30
0.0
 11
0.0
 21
0.0129447742194742
 31
0.0
  0
WIPEOUT
  5
1AA
330
19C
100
AcDbEntity
  8
defpoint
160
               236
310
EC000000080000000C000000100000000F0000000C00000016000000000000C00C00000012000000FF7F00000C00000017000000FFFFFFFF1000000018000000000000000000F03F10000000190000000000000000000000100000001A00000000000000000000008400000006000000050000002834B759F596BFBFC6CCCC
310
CCCCCCEC3F00000000000000002834B759F596BFBFFECCCCCCCCCCECBF00000000000000002034B759F596BF3FFECCCCCCCCCCECBF00000000000000002034B759F596BF3FC6CCCCCCCCCCEC3F00000000000000002834B759F596BFBFC6CCCCCCCCCCEC3F0000000000000000
100
AcDbWipeout
 90
        0
 10
-0.1233971923858951
 20
-0.9000000000000055
 30
0.0
 11
1.800000000000004
 21
0.0
 31
0.0
 12
0.0
 22
1.800000000000004
 32
0.0
 13
1.0
 23
1.0
340
0
 70
     7
280
     1
281
    50
282
    50
283
     0
360
0
 71
     2
 91
        5
 14
-0.5
 24
-0.5
 14
-0.5
 24
0.5
 14
-0.362892008460117
 24
0.5
 14
-0.362892008460117
 24
-0.5
 14
-0.5
 24
-0.5
290
     0
  0
ENDBLK
  5
1AB
330
19C
100
AcDbEntity
  8
0
100
AcDbBlockEnd
  0
BLOCK
  5
339
330
338
100
AcDbEntity
  8
0
100
AcDbBlockBegin
  2
A$505042415955
 70
     0
 10
0.0
 20
0.0
 30
0.0
  3
A$505042415955
  1

  0
CIRCLE
  5
33A
330
338
100
AcDbEntity
  8
DIM
  6
HID
 62
     6
 48
2.0
100
AcDbCircle
 10
0.0
 20
0.0
 30
0.0
 40
40.10989440285577
  0
TEXT
  5
33B
330
338
100
AcDbEntity
  8
FONT
100
AcDbText
 10
-50.90728889518785
 20
-18.10515631692645
 30
0.0
 40
2.999999999999083
  1
Ø20 AUTO DRIP VALVE
 50
359.9999991538605
 41
0.8
  7
돋움
 72
     2
 11
-14.168075847267
 21
-16.60515685948871
 31
0.0
100
AcDbText
 73
     2
  0
LWPOLYLINE
  5
33D
330
338
100
AcDbEntity
  8
DIM
100
AcDbPolyline
 90
        3
 70
     0
 10
-6.625658402295356
 20
-16.6051568594878
 40
0.0
 41
0.8749999999997331
 10
-9.250658402407113
 20
-16.60515685958421
 40
0.0
 41
0.0
 10
-9.250658402407113
 20
-16.60515685958421
 40
0.0
 41
0.0
  0
LINE
  5
33E
330
338
100
AcDbEntity
  8
DIM
100
AcDbLine
 10
-14.168075847267
 20
-16.60515685948871
 30
0.0000000002553271
 11
-6.625658402295356
 21
-16.60515685948871
 31
0.0000000002553271
  0
TEXT
  5
33F
330
338
100
AcDbEntity
  8
FONT
100
AcDbText
 10
-51.2996793011292
 20
22.29027685876664
 30
0.0
 40
2.999999999999083
  1
연결송수구(쌍구형)
 50
359.9999991538605
 41
0.8
  7
돋움
 72
     2
 11
-22.12193165347742
 21
23.7902764278715
 31
0.0
100
AcDbText
 73
     2
  0
LWPOLYLINE
  5
340
330
338
100
AcDbEntity
  8
DIM
100
AcDbPolyline
 90
        3
 70
     0
 10
-13.50134544491288
 20
23.79027642828123
 40
0.0
 41
0.8749999999997333
 10
-16.12634544484456
 20
23.79027642828351
 40
0.0
 41
0.0
 10
-16.12634544484456
 20
23.79027642828351
 40
0.0
 41
0.0
  0
LINE
  5
341
330
338
100
AcDbEntity
  8
DIM
100
AcDbLine
 10
-22.12193165347742
 20
23.7902764278715
 30
0.0000000002553271
 11
-13.50134544467698
 21
23.7902764278715
 31
0.0000000002553271
  0
LINE
  5
342
330
338
100
AcDbEntity
  8
DIM
100
AcDbLine
 10
-5.292385772830583
 20
10.57484271366525
 30
0.0000000000004461
 11
-20.68076551203853
 21
1.69035752830814
 31
-0.0000000000014206
  0
TEXT
  5
343
330
338
100
AcDbEntity
  8
FONT
100
AcDbText
 10
-29.68676586929389
 20
5.157923576520826
 30
0.0
 40
2.999999999999083
  1
100
 50
329.9999991512499
  7
돋움
 72
     2
 11
-22.62312344199665
 21
2.811778402527124
 31
0.0
100
AcDbText
 73
     2
  0
LINE
  5
344
330
338
100
AcDbEntity
  8
DIM
100
AcDbLine
 10
-22.19846947695442
 20
2.566604321450768
 30
0.0000000002553271
 11
-20.68076551203853
 21
1.69035752830814
 31
0.0000000002553271
  0
TEXT
  5
345
330
338
100
AcDbEntity
  8
FONT
100
AcDbText
 10
-2.776406520088474
 20
-33.00296684168014
 30
0.0
 40
2.999999999999083
  1
H&SP(저)
 50
30.00000084875012
  7
돋움
 72
     4
 11
4.530722486727881
 21
-27.05684324948629
 31
0.0
100
AcDbText
  0
LINE
  5
346
330
338
100
AcDbEntity
  8
PIPE
  6
Continuous
100
AcDbLine
 10
-4.450174687954586
 20
-32.17515986123158
 30
0.0
 11
-13.89298226885353
 21
-37.62696735966871
 31
0.0
  0
LINE
  5
347
330
338
100
AcDbEntity
  8
PIPE
  6
Continuous
100
AcDbLine
 10
39.53240073528889
 20
-6.781808100556418
 30
0.0
 11
13.22127065991083
 21
-21.97254613311384
 31
0.0
  0
LINE
  5
348
330
338
100
AcDbEntity
  8
PIPE
100
AcDbLine
 10
26.95907954762026
 20
2.538549201527529
 30
0.0
 11
4.951982755396443
 21
15.98777474743178
 31
0.0
  0
LINE
  5
349
330
338
100
AcDbEntity
  8
PIPE
100
AcDbLine
 10
26.95907954762026
 20
-14.04101847327297
 30
0.0
 11
26.95907954762026
 21
2.538549201527529
 31
0.0
  0
LINE
  5
34A
330
338
100
AcDbEntity
  8
PIPE
  6
Continuous
100
AcDbLine
 10
4.951982755396443
 20
-8.710865661474143
 30
0.0
 11
-5.292385772830583
 21
-2.796276734196908
 31
0.0
  0
LINE
  5
34B
330
338
100
AcDbEntity
  8
DIM
 62
     6
100
AcDbLine
 10
2.993888605568486
 20
-0.5886767394586059
 30
0.0
 11
2.675208916194605
 21
-0.4046869352214344
 31
0.0
  0
LINE
  5
34C
330
338
100
AcDbEntity
  8
DIM
 62
     6
100
AcDbLine
 10
2.675208916194605
 20
-0.4046869352214344
 30
0.0
 11
3.001861933105828
 21
0.8298529936123486
 31
0.0
  0
LINE
  5
34D
330
338
100
AcDbEntity
  8
DIM
 62
     6
100
AcDbLine
 10
3.001861933105828
 20
-2.696550480995255
 30
0.0
 11
3.001861933105828
 21
0.8298529936123486
 31
0.0
  0
LINE
  5
34E
330
338
100
AcDbEntity
  8
DIM
 62
     6
100
AcDbLine
 10
6.285854326513797
 20
5.191394656920464
 30
0.0
 11
3.618111184074108
 21
6.731616877961413
 31
0.0
  0
LINE
  5
34F
330
338
100
AcDbEntity
  8
DIM
 62
     6
100
AcDbLine
 10
6.285854326513797
 20
1.664991182287394
 30
0.0
 11
3.618111184074108
 21
3.205213404271943
 31
0.0
  0
LINE
  5
350
330
338
100
AcDbEntity
  8
DIM
 62
     6
100
AcDbLine
 10
6.285854326513797
 20
-1.066160898630187
 30
0.0
 11
3.618111184074108
 21
0.4740613224107621
 31
0.0
  0
LINE
  5
351
330
338
100
AcDbEntity
  8
DIM
 62
     6
100
AcDbLine
 10
3.618111184074108
 20
6.731616877961413
 30
0.0
 11
6.285854326513797
 21
1.664991182287394
 31
0.0
  0
LINE
  5
352
330
338
100
AcDbEntity
  8
DIM
 62
     6
100
AcDbLine
 10
3.618111184074108
 20
3.205213404271943
 30
0.0
 11
6.285854326513797
 21
5.191394656920464
 31
0.0
  0
LINE
  5
353
330
338
100
AcDbEntity
  8
DIM
 62
     6
100
AcDbLine
 10
6.285854326513797
 20
-4.592564373262574
 30
0.0
 11
3.618111184074108
 21
-3.052342151278025
 31
0.0
  0
LINE
  5
354
330
338
100
AcDbEntity
  8
DIM
 62
     6
100
AcDbLine
 10
3.618111184074108
 20
0.4740613224107621
 30
0.0
 11
6.285854326513797
 21
-4.592564373262574
 31
0.0
  0
LINE
  5
355
330
338
100
AcDbEntity
  8
DIM
 62
     6
100
AcDbLine
 10
6.327221938796242
 20
5.184825952175514
 30
0.0
 11
6.008542249434866
 21
5.368815756413597
 31
0.0
  0
LINE
  5
356
330
338
100
AcDbEntity
  8
PIPE
  6
Continuous
100
AcDbLine
 10
4.951982755396443
 20
-8.710865661474143
 30
0.0
 11
4.951982755197717
 21
-3.82245326225825
 31
0.0
  0
LINE
  5
357
330
338
100
AcDbEntity
  8
PIPE
  6
Continuous
100
AcDbLine
 10
4.951982755197717
 20
5.961505766980963
 30
0.0
 11
4.951982755197717
 21
15.98777474743178
 31
0.0
  0
LINE
  5
358
330
338
100
AcDbEntity
  8
PIPE
  6
Continuous
100
AcDbLine
 10
4.951982755197717
 20
-0.2960497885696895
 30
0.0
 11
4.951982755197717
 21
2.435102293292401
 31
0.0
  0
LINE
  5
359
330
338
100
AcDbEntity
  8
PIPE
100
AcDbLine
 10
-5.292385772830583
 20
20.70589675289284
 30
0.0
 11
-11.05513396051162
 21
24.03302097041706
 31
0.0
  0
LINE
  5
35A
330
338
100
AcDbEntity
  8
PIPE
100
AcDbLine
 10
-5.292385772830583
 20
-18.19962207878029
 30
0.0
 11
-5.292385772830583
 21
-21.41581185067025
 31
0.0
  0
LINE
  5
35B
330
338
100
AcDbEntity
  8
DIM
 62
     6
100
AcDbLine
 10
-4.636269517302593
 20
-15.62043097520359
 30
0.0
 11
-4.636269517302593
 21
-18.57843097576892
 31
0.0
  0
LINE
  5
35C
330
338
100
AcDbEntity
  8
DIM
 62
     6
100
AcDbLine
 10
-4.30895682897801
 20
-15.80940504463501
 30
0.0
 11
-6.275814716677016
 21
-14.67383911365823
 31
0.0
  0
LINE
  5
35D
330
338
100
AcDbEntity
  8
DIM
 62
     6
100
AcDbLine
 10
-4.30895682897801
 20
-18.76740504425675
 30
0.0
 11
-6.275814716677016
 21
-17.63183911327996
 31
0.0
  0
LINE
  5
35E
330
338
100
AcDbEntity
  8
SYM
100
AcDbLine
 10
-13.44367171592148
 20
25.29296077789604
 30
0.0
 11
-12.31507376726483
 21
26.42155872659532
 31
0.0
  0
LINE
  5
35F
330
338
100
AcDbEntity
  8
SYM
100
AcDbLine
 10
-12.21266210452722
 20
25.19054911473631
 30
0.0
 11
-12.87937274184457
 21
25.85725975224614
 31
0.0
  0
LINE
  5
360
330
338
100
AcDbEntity
  8
SYM
100
AcDbLine
 10
-13.44367171592148
 20
22.77308116388121
 30
0.0
 11
-12.31507376726483
 21
21.64448321518102
 31
0.0
  0
LINE
  5
361
330
338
100
AcDbEntity
  8
SYM
100
AcDbLine
 10
-12.21266210452722
 20
22.87549282704095
 30
0.0
 11
-12.87937274184457
 21
22.20878218953112
 31
0.0
  0
ARC
  5
362
330
338
100
AcDbEntity
  8
SYM
100
AcDbCircle
 10
-11.05513396051162
 20
24.03302097041706
 30
0.0
 40
1.636991999999499
100
AcDbArc
 50
90.0
 51
270.0
  0
LINE
  5
363
330
338
100
AcDbEntity
  8
SYM
100
AcDbLine
 10
-11.05513396051162
 20
26.03015121074259
 30
0.0
 11
-11.05513396051162
 21
22.03589073103467
 31
0.0
  0
LINE
  5
364
330
338
100
AcDbEntity
  8
PIPE
  6
Continuous
100
AcDbLine
 10
-5.292385772830583
 20
-15.24162207913377
 30
0.0
 11
-5.292385772830583
 21
20.70589675289284
 31
0.0
  0
LINE
  5
365
330
338
100
AcDbEntity
  8
DIM
 62
     6
100
AcDbLine
 10
-5.990682705806078
 20
-14.83846015666472
 30
0.0
 11
-5.990682705806078
 21
-17.79646015631147
 31
0.0
  0
INSERT
  5
366
330
338
100
AcDbEntity
  8
DIM
100
AcDbBlockReference
  2
DOUBLE
 10
-5.292385772830583
 20
10.57484271366525
 30
0.0000000000004461
 41
-1.080000000074174
 42
1.080000000074174
 43
1.079999999999669
  0
ENDBLK
  5
36E
330
338
100
AcDbEntity
  8
0
100
AcDbBlockEnd
  0
BLOCK
  5
2C6
330
2C5
100
AcDbEntity
  8
0
100
AcDbBlockBegin
  2
*U35
 70
     1
 10
0.0
 20
0.0
 30
0.0
  3
*U35
  1

  0
INSERT
  5
2C7
330
2C5
100
AcDbEntity
  8
SYM
100
AcDbBlockReference
  2
A$CB372
 10
-2.272626835750997
 20
-3.307741858992756
 30
0.0
 41
0.6294964039843764
 42
0.6294964039843764
 43
0.6294964039843764
  0
ENDBLK
  5
2D1
330
2C5
100
AcDbEntity
  8
0
100
AcDbBlockEnd
  0
BLOCK
  5
1C3
330
1C2
100
AcDbEntity
  8
지시선
100
AcDbBlockBegin
  2
zw$7853
 70
     0
 10
0.0
 20
0.0
 30
0.0
  3
zw$7853
  1

  0
LWPOLYLINE
  5
1C5
330
1C2
100
AcDbEntity
  8
PIPE
 62
     4
100
AcDbPolyline
 90
        9
 70
     0
 43
0.0
 10
1270.304430570104
 20
6897.063889862678
 42
-0.1391171026084596
 10
1274.113415914355
 20
6910.48879522737
 42
-0.1070932276833461
 10
1286.587163342512
 20
6923.448516026024
 42
-0.0801612376881183
 10
1303.788259588182
 20
6931.361252147123
 42
-0.0678964128439247
 10
1325.897157813189
 20
6934.377386010251
 42
-0.0678964128439329
 10
1348.006056000828
 20
6931.361252147123
 42
-0.0801612376881479
 10
1365.207152246614
 20
6923.448516026024
 42
-0.1070932276833397
 10
1377.680899749277
 20
6910.48879522737
 42
-0.1391171026084477
 10
1381.489885002374
 20
6897.063889862678
 42
-0.1391171026084596
  0
LWPOLYLINE
  5
1C6
330
1C2
100
AcDbEntity
  8
PIPE
 62
     4
100
AcDbPolyline
 90
       16
 70
     1
 43
0.0
 10
1270.304430570104
 20
6897.063889862678
 42
-0.1381495153295644
 10
1266.484650319791
 20
6883.502935108118
 42
-0.1070557491968308
 10
1254.021697661257
 20
6870.453691278759
 42
-0.0805991976217846
 10
1236.807052493095
 20
6862.470488733612
 42
-0.0684502216888676
 10
1214.711703149019
 20
6859.431386121285
 42
-0.068450221688896
 10
1192.616353916703
 20
6862.470488733612
 42
-0.0805991976218056
 10
1175.401708752848
 20
6870.453691278759
 42
-0.1070557491968185
 10
1162.9387562474
 20
6883.502935108118
 42
-0.1381495153295629
 10
1159.118975996971
 20
6897.063889862678
 42
-0.1381495153295614
 10
1162.9387562474
 20
6910.624844575796
 42
-0.1070557491967994
 10
1175.401708752848
 20
6923.674088413392
 42
-0.0805991976218318
 10
1192.616353916703
 20
6931.657290950301
 42
-0.0684502216889032
 10
1214.711703149019
 20
6934.696393562539
 42
-0.0684502216888925
 10
1236.807052493095
 20
6931.657290950301
 42
-0.080599197621798
 10
1254.021697661257
 20
6923.674088413392
 42
-0.1070557491968117
 10
1266.484650319791
 20
6910.624844575796
 42
-0.1381495153295629
  0
INSERT
  5
1C7
330
1C2
100
AcDbEntity
  8
DIM
 62
     1
100
AcDbBlockReference
  2
A9
 10
1335.89919000864
 20
5809.436985770735
 30
0.0
 41
-0.413636366526286
 42
0.413636366526286
 43
0.4136363636363667
1001
AEC_XDATA_BOUND_SPACE
1070
   100
1070
     1
  0
TEXT
  5
1CD
330
1C2
100
AcDbEntity
  8
TEXT
 62
     3
100
AcDbText
 10
1693.298456743359
 20
5711.379019215588
 30
0.0
 40
250.0
  1
입상관(STS관)
  7
돋움
100
AcDbText
  0
LINE
  5
1CE
330
1C2
100
AcDbEntity
  8
DIM
 62
     1
100
AcDbLine
 10
1637.190921658534
 20
5809.436985770735
 30
0.0
 11
1335.89919000864
 21
5809.436985770735
 31
0.0
  0
LINE
  5
1CF
330
1C2
100
AcDbEntity
  8
DIM
 62
     1
100
AcDbLine
 10
598.1282289162045
 20
5257.536669699533
 30
0.0
 11
303.3131014887477
 21
5257.536669699533
 31
0.0
  0
LINE
  5
1D0
330
1C2
100
AcDbEntity
  8
PIPE
 62
     4
100
AcDbLine
 10
1159.118975996971
 20
5166.903542912564
 30
0.0
 11
1381.489885002374
 21
5041.903542920831
 31
0.0
  0
ARC
  5
1D1
330
1C2
100
AcDbEntity
  8
PIPE
 62
     4
100
AcDbCircle
 10
1075.785642663715
 20
4897.273721689852
 30
0.0
 40
83.33333333333333
100
AcDbArc
 50
300.0000000075065
 51
0.0
  0
ARC
  5
1D2
330
1C2
100
AcDbEntity
  8
DIM
  6
CENTER
 62
     1
100
AcDbCircle
 10
1103.637763903476
 20
4881.193292028271
 30
0.0
 40
166.6666666666667
100
AcDbArc
 50
300.0000000075065
 51
0.0
  0
TEXT
  5
1D4
330
1C2
100
AcDbEntity
  8
TEXT
 62
     3
100
AcDbText
 10
-713.8140954301925
 20
5136.757547163142
 30
0.0
 40
250.0
  1
STS관 
  7
돋움
100
AcDbText
  0
INSERT
  5
1D5
330
1C2
100
AcDbEntity
  8
DIM
 62
     1
100
AcDbBlockReference
  2
A9
 10
802.8887392539763
 20
4665.98131722369
 30
0.0
 41
0.2895454493662348
 42
0.2895454731252458
 43
0.2895454493662348
 50
29.23249898225979
1001
AEC_XDATA_BOUND_SPACE
1070
   100
1070
     1
  0
LINE
  5
1D6
330
1C2
100
AcDbEntity
  8
DIM
 62
     1
100
AcDbLine
 10
802.8887392539763
 20
4665.98131722369
 30
0.0
 11
598.1282289162045
 21
5257.536669699533
 31
0.0
  0
ARC
  5
1D7
330
1C2
100
AcDbEntity
  8
PIPE
 62
     4
100
AcDbCircle
 10
1131.489885002374
 20
4857.843147684995
 30
0.0
 40
250.0
100
AcDbArc
 50
300.0000000075065
 51
0.0
  0
LINE
  5
1D8
330
1C2
100
AcDbEntity
  8
PIPE
 62
     4
100
AcDbLine
 10
1009.319553756155
 20
4498.632939427975
 30
0.0
 11
894.9862203085794
 21
4696.664081740542
 31
0.0
  0
TEXT
  5
1D9
330
1C2
100
AcDbEntity
  8
TEXT
 62
     3
100
AcDbText
 10
396.6736729899421
 20
3010.912277353986
 30
0.0
 40
250.0
  1
Ø65(60su)이상 : 절연 플랜지
  7
돋움
100
AcDbText
  0
TEXT
  5
1DA
330
1C2
100
AcDbEntity
  8
TEXT
 62
     3
100
AcDbText
 10
880.1453719123967
 20
3360.149428235077
 30
0.0
 40
250.0
  1
NOTE
  7
돋움
100
AcDbText
  0
TEXT
  5
1DB
330
1C2
100
AcDbEntity
  8
TEXT
 62
     3
100
AcDbText
 10
692.3240716755389
 20
3302.114749106929
 30
0.0
 40
250.0
  1
*
  7
돋움
100
AcDbText
  0
LINE
  5
1DC
330
1C2
100
AcDbEntity
  8
PIPE
 62
     4
100
AcDbLine
 10
-239.4744547579903
 20
4086.937057139061
 30
0.0
 11
-282.1551853334531
 21
4062.295325890067
 31
0.0
  0
LINE
  5
1DD
330
1C2
100
AcDbEntity
  8
PIPE
 62
     4
100
AcDbLine
 10
-193.1317521755118
 20
4113.693028973123
 30
0.0
 11
-235.8124827509746
 21
4089.051297682686
 31
0.0
  0
LINE
  5
1DE
330
1C2
100
AcDbEntity
  8
PIPE
 62
     4
100
AcDbLine
 10
-216.4671470720787
 20
4054.966180865828
 30
0.0
 11
-220.1291190956254
 21
4052.851940322084
 31
0.0
  0
LINE
  5
1DF
330
1C2
100
AcDbEntity
  8
PIPE
 62
     4
100
AcDbLine
 10
-44.58606025821064
 20
3851.965998232248
 30
0.0
 11
-87.44617458432912
 21
3827.640328410431
 31
0.0
  0
LINE
  5
1E0
330
1C2
100
AcDbEntity
  8
PIPE
 62
     4
100
AcDbLine
 10
-91.01845467661041
 20
3825.368057136599
 30
0.0
 11
-133.8785690027289
 21
3801.042387356227
 31
0.0
  0
TEXT
  5
1E1
330
1C2
100
AcDbEntity
  8
TEXT
 62
     3
100
AcDbText
 10
-3153.371757948307
 20
5813.490223941916
 30
0.0
 40
250.0
  1
강관 
  7
돋움
100
AcDbText
  0
LINE
  5
1E2
330
1C2
100
AcDbEntity
  8
PIPE
 62
     4
100
AcDbLine
 10
-103.5941460852045
 20
3856.091915256344
 30
0.0
 11
-107.2561180922203
 21
3853.977674712602
 31
0.0
  0
LINE
  5
1E3
330
1C2
100
AcDbEntity
  8
SYM
100
AcDbLine
 10
-1988.423007751466
 20
5069.336445549998
 30
0.0
 11
-109.9521465143189
 21
4218.460716550413
 31
0.0
  0
LINE
  5
1E4
330
1C2
100
AcDbEntity
  8
SYM
 62
     4
100
AcDbLine
 10
-193.1317521755118
 20
4113.693028973123
 30
0.0
 11
-44.58606025821064
 21
3851.965998232248
 31
0.0
  0
LINE
  5
1E5
330
1C2
100
AcDbEntity
  8
PIPE
 62
     4
100
AcDbLine
 10
-262.8098496918101
 20
4028.210209073208
 30
0.0
 11
-1264.001228089095
 21
3450.172097205999
 31
0.0
  0
LINE
  5
1E6
330
1C2
100
AcDbEntity
  8
SYM
 62
     4
100
AcDbLine
 10
-239.4744547579903
 20
4086.937057139061
 30
0.0
 11
-91.01845467661041
 21
3825.368057136599
 31
0.0
  0
LINE
  5
1E7
330
1C2
100
AcDbEntity
  8
SYM
 62
     4
100
AcDbLine
 10
-235.8124827509746
 20
4089.051297682686
 30
0.0
 11
-87.35648266971111
 21
3827.482297680342
 31
0.0
  0
LINE
  5
1E8
330
1C2
100
AcDbEntity
  8
SYM
 62
     4
100
AcDbLine
 10
-282.1551853334531
 20
4062.295325890067
 30
0.0
 11
-133.8785690027289
 21
3801.042387356227
 31
0.0
  0
LINE
  5
1E9
330
1C2
100
AcDbEntity
  8
PIPE
 62
     4
100
AcDbLine
 10
1256.489885081071
 20
4641.336796742253
 30
0.0
 11
-60.91341552627273
 21
3880.733646513603
 31
0.0
  0
LINE
  5
1EA
330
1C2
100
AcDbEntity
  8
PIPE
 62
     4
100
AcDbLine
 10
1117.452309330343
 20
4825.104938053264
 30
0.0
 11
-173.7864165131468
 21
4079.607912156149
 31
0.0
  0
ARC
  5
1EB
330
1C2
100
AcDbEntity
  8
PIPE
 62
     4
100
AcDbCircle
 10
-1041.630319009186
 20
3122.066388580366
 30
0.0
 40
166.6666666666667
100
AcDbArc
 50
120.0000000075064
 51
180.0
  0
LINE
  5
1EC
330
1C2
100
AcDbEntity
  8
DIM
  6
CENTER
 62
     1
100
AcDbLine
 10
1270.304430570104
 20
7037.900355809107
 30
0.0
 11
1270.304430570104
 21
4881.193292028271
 31
0.0
  0
ARC
  5
1ED
330
1C2
100
AcDbEntity
  8
DIM
  6
CENTER
 62
     1
100
AcDbCircle
 10
-1069.482440186781
 20
3145.416532923642
 30
0.0
 40
250.0
100
AcDbArc
 50
120.0000000075064
 51
180.0
  0
LINE
  5
1EE
330
1C2
100
AcDbEntity
  8
PIPE
 62
     4
100
AcDbLine
 10
-918.6971757436404
 20
3385.491961624794
 30
0.0
 11
-1033.030509170494
 21
3583.52310393739
 31
0.0
  0
ARC
  5
1EF
330
1C2
100
AcDbEntity
  8
PIPE
 62
     4
100
AcDbCircle
 10
-1097.334561422467
 20
3161.496962585225
 30
0.0
 40
333.3333333333334
100
AcDbArc
 50
120.0000000075064
 51
180.0
  0
LINE
  5
1F0
330
1C2
100
AcDbEntity
  8
DIM
  6
CENTER
 62
     1
100
AcDbLine
 10
1186.971097236848
 20
4736.855724722031
 30
0.0
 11
-1194.482440108084
 21
3361.922883866413
 31
0.0
  0
CIRCLE
  5
1F1
330
1C2
100
AcDbEntity
  8
SYM
  6
HIDDEN
100
AcDbCircle
 10
-164.4416986778378
 20
3956.617183258
 30
0.0
 40
263.5450902591856
  0
LINE
  5
1F3
330
1C2
100
AcDbEntity
  8
PIPE
 62
     4
100
AcDbLine
 10
-974.7021735914747
 20
2033.276950331114
 30
0.0
 11
-974.7021735914747
 21
1797.779832659347
 31
0.0
  0
LINE
  5
1F4
330
1C2
100
AcDbEntity
  8
PIPE
 62
     4
100
AcDbLine
 10
-149.9368486676831
 20
3829.33594342228
 30
0.0
 11
-1124.963652342558
 21
3266.403955886635
 31
0.0
  0
LINE
  5
1F5
330
1C2
100
AcDbEntity
  8
SYM
100
AcDbLine
 10
-363.0625109249959
 20
5880.331159270369
 30
0.0
 11
-426.2063295062398
 21
3945.978564457677
 31
0.0
  0
CIRCLE
  5
1F6
330
1C2
100
AcDbEntity
  8
SYM
  6
HIDDEN
100
AcDbCircle
 10
-1456.356618590653
 20
6044.572092993243
 30
0.0
 40
1113.011645766096
  0
LINE
  5
1F7
330
1C2
100
AcDbEntity
  8
PIPE
 62
     4
100
AcDbLine
 10
1159.118975996971
 20
6897.063889862678
 30
0.0
 11
1159.118975996971
 21
4897.273721689852
 31
0.0
  0
LWPOLYLINE
  5
1F8
330
1C2
100
AcDbEntity
  8
PIPE
 62
     4
100
AcDbPolyline
 90
        9
 70
     0
 43
0.0
 10
2769.776673987508
 20
802.3964313035831
 42
0.1331386387847242
 10
2784.592084744014
 20
802.4397084314259
 42
0.1067467695749074
 10
2800.87759640906
 20
810.9249476623372
 42
0.082881286844211
 10
2813.434826483368
 20
825.4638297308119
 42
0.0714235791670588
 10
2822.191011897405
 20
845.9224642431363
 42
0.0714235791670319
 10
2824.83725015074
 20
868.0182542270047
 42
0.0828812868441906
 10
2821.231810997007
 20
886.8879104354709
 42
0.1067467695749373
 10
2811.37076375389
 20
902.3790990179403
 42
0.1331386387847291
 10
2798.561880228459
 20
909.8242834986884
 42
0.1331386387847364
  0
LWPOLYLINE
  5
1F9
330
1C2
100
AcDbEntity
  8
PIPE
 62
     4
100
AcDbPolyline
 90
       16
 70
     1
 43
0.0
 10
2798.561880228459
 20
909.8242834986884
 42
0.1276779755838313
 10
2814.225435724831
 20
909.7018296302993
 42
0.1061811869986553
 10
2831.038160659373
 20
917.9842737762955
 42
0.0853886822602186
 10
2844.051284057437
 20
932.492429128848
 42
0.074880796415285
 10
2852.921268223902
 20
952.8291418434818
 42
0.0748807964152827
 10
2855.407992998836
 20
974.8762436822872
 42
0.0853886822602106
 10
2851.392375305295
 20
993.9472365410763
 42
0.1061811869986725
 10
2840.973350318848
 20
1009.526406041346
 42
0.1276779755838317
 10
2827.347086415626
 20
1017.25213564423
 42
0.127677975583811
 10
2811.683530919254
 20
1017.374589512619
 42
0.1061811869986761
 10
2794.870805910206
 20
1009.092145383241
 42
0.0853886822602065
 10
2781.857682507951
 20
994.5839900141583
 42
0.0748807964152816
 10
2772.987698341487
 20
974.247277299437
 42
0.0748807964152661
 10
2770.500973645249
 20
952.2001754441587
 42
0.0853886822602267
 10
2774.51659133879
 20
933.1291826018423
 42
0.1061811869986726
 10
2784.935616250732
 20
917.5500130602447
 42
0.1276779755838317
  0
LINE
  5
1FA
330
1C2
100
AcDbEntity
  8
PIPE
 62
     4
100
AcDbLine
 10
1381.489885002374
 20
6897.063889862678
 30
0.0
 11
1381.489885002374
 21
4857.843147684995
 31
0.0
  0
INSERT
  5
1FB
330
1C2
100
AcDbEntity
  8
DIM
 62
     1
100
AcDbBlockReference
  2
A9
 10
-107.8338766879169
 20
1688.590679428162
 30
0.0
 41
0.2895453944802284
 42
0.2895454731252458
 43
0.2895454545454583
 50
180.0
1001
AEC_XDATA_BOUND_SPACE
1070
   100
1070
     1
  0
TEXT
  5
1FC
330
1C2
100
AcDbEntity
  8
TEXT
 62
     3
100
AcDbText
 10
396.6736729899421
 20
2646.414600481454
 30
0.0
 40
250.0
  1
Ø50(50su)이하 : 절연 유니온
  7
돋움
100
AcDbText
  0
LINE
  5
1FD
330
1C2
100
AcDbEntity
  8
DIM
 62
     1
100
AcDbLine
 10
-300.9202513340861
 20
1205.317786032537
 30
0.0
 11
-108.0887036852073
 21
1205.317786032537
 31
0.0
  0
LWPOLYLINE
  5
1FE
330
1C2
100
AcDbEntity
  8
PIPE
 62
     4
100
AcDbPolyline
 90
        9
 70
     0
 43
0.0
 10
-3119.550300604664
 20
2495.577663037344
 42
0.1391171026084596
 10
-3133.507622422301
 20
2495.373027957045
 42
0.1070932276833461
 10
-3149.258732754272
 20
2486.676030071161
 42
0.0801612376881183
 10
-3161.357305943966
 20
2472.104815777712
 42
0.0678964128439247
 10
-3169.995360092842
 20
2451.523963530723
 42
0.0678964128439329
 10
-3172.805011930526
 20
2429.381395589881
 42
0.0801612376881479
 10
-3169.61294742499
 20
2410.713067289762
 42
0.1070932276833397
 10
-3160.320584678673
 20
2395.305690992042
 42
0.1391171026084477
 10
-3148.335506845616
 20
2388.149810891919
 42
0.1391171026084596
  0
LINE
  5
1FF
330
1C2
100
AcDbEntity
  8
DIM
 62
     1
100
AcDbLine
 10
-107.8338766879169
 20
1688.590679428162
 30
0.0
 11
-108.0887036852073
 21
1205.317786032537
 31
0.0
  0
LWPOLYLINE
  5
200
330
1C2
100
AcDbEntity
  8
PIPE
 62
     4
100
AcDbPolyline
 90
       16
 70
     1
 43
0.0
 10
-3119.550300604664
 20
2495.577663037344
 42
0.1381495153295644
 10
-3105.458732499741
 20
2495.757505888614
 42
0.1070557491968308
 10
-3089.623919336242
 20
2504.420896771713
 42
0.0805991976217846
 10
-3077.45375360048
 20
2518.986958748661
 42
0.0684502216888676
 10
-3068.797014690936
 20
2539.548773528717
 42
0.068450221688896
 10
-3066.013063167455
 20
2561.684196942224
 42
0.0805991976218056
 10
-3069.269704843522
 20
2580.383859544876
 42
0.1070557491968185
 10
-3078.651359925629
 20
2595.803982709709
 42
0.1381495153295629
 10
-3090.765094421805
 20
2603.005515232566
 42
0.1381495153295614
 10
-3104.856662410777
 20
2602.825672339968
 42
0.1070557491967994
 10
-3120.691475594999
 20
2594.162281498197
 42
0.0805991976218318
 10
-3132.86164143018
 20
2579.596219479921
 42
0.0684502216889032
 10
-3141.518380335532
 20
2559.034404741309
 42
0.0684502216888925
 10
-3144.302331842482
 20
2536.898981327686
 42
0.080599197621798
 10
-3141.045690104366
 20
2518.199318725034
 42
0.1070557491968117
 10
-3131.66403510503
 20
2502.779195560201
 42
0.1381495153295629
  0
LINE
  5
201
330
1C2
100
AcDbEntity
  8
PIPE
 62
     4
100
AcDbLine
 10
-1430.667894755723
 20
2889.13061490812
 30
0.0
 11
-1208.296985675813
 21
2829.546509363427
 31
0.0
  0
LINE
  5
202
330
1C2
100
AcDbEntity
  8
PIPE
 62
     4
100
AcDbLine
 10
-3090.765094421805
 20
2603.005515232566
 30
0.0
 11
-1430.667894755723
 21
2158.183811202529
 31
0.0
  0
LINE
  5
203
330
1C2
100
AcDbEntity
  8
PIPE
 62
     4
100
AcDbLine
 10
-1430.667894755723
 20
2425.844981036149
 30
0.0
 11
-1208.296985675813
 21
2366.260875532899
 31
0.0
  0
LINE
  5
204
330
1C2
100
AcDbEntity
  8
PIPE
 62
     4
100
AcDbLine
 10
-1664.262706918758
 20
2220.775352496072
 30
0.0
 11
-1664.262706918758
 21
1990.493702635053
 31
0.0
  0
TEXT
  5
205
330
1C2
100
AcDbEntity
  8
TEXT
 62
     3
100
AcDbText
 10
-2949.450964609627
 20
1117.389984771173
 30
0.0
 40
250.0
  1
PIT 횡주관(강관)
  7
돋움
100
AcDbText
  0
LINE
  5
206
330
1C2
100
AcDbEntity
  8
PIPE
 62
     4
100
AcDbLine
 10
-1208.296985675813
 20
2098.599705699249
 30
0.0
 11
2827.347086415626
 21
1017.25213564423
 31
0.0
  0
LINE
  5
207
330
1C2
100
AcDbEntity
  8
DIM
  6
CENTER
 62
     1
100
AcDbLine
 10
-3148.335506845616
 20
2503.290635814134
 30
0.0
 11
2905.958782244125
 21
881.0473703127936
 31
0.0
  0
LINE
  5
208
330
1C2
100
AcDbEntity
  8
PIPE
 62
     4
100
AcDbLine
 10
-3148.335506845616
 20
2388.149810891919
 30
0.0
 11
2769.776673987508
 21
802.3964313035831
 31
0.0
  0
LINE
  5
209
330
1C2
100
AcDbEntity
  8
PIPE
 62
     4
100
AcDbLine
 10
-1430.667894755723
 20
2158.183811202529
 30
0.0
 11
-1430.667894755723
 21
3161.496962585225
 31
0.0
  0
LINE
  5
20A
330
1C2
100
AcDbEntity
  8
PIPE
 62
     4
100
AcDbLine
 10
-1208.296985675813
 20
2098.599705699249
 30
0.0
 11
-1208.296985675813
 21
3122.066388580366
 31
0.0
  0
LINE
  5
20B
330
1C2
100
AcDbEntity
  8
DIM
  6
CENTER
 62
     1
100
AcDbLine
 10
-1319.482440186781
 20
2013.250933549367
 30
0.0
 11
-1319.482440186781
 21
3145.416532923642
 31
0.0
  0
ELLIPSE
  5
20C
330
1C2
100
AcDbEntity
  8
DIM
 62
     1
100
AcDbEllipse
 10
0.0
 20
3827.669999999983
 30
0.0
 11
-4770.149999999999
 21
0.0
 31
0.0
210
0.0
220
0.0
230
1.0
 40
0.8024213075060529
 41
0.0
 42
6.283185307179584
  0
LINE
  5
20D
330
1C2
100
AcDbEntity
  8
PIPE
 62
     4
100
AcDbLine
 10
-804.5550322656053
 20
6087.909055769327
 30
0.0
 11
-1517.46772976371
 21
6087.909055769327
 31
0.0
  0
LINE
  5
20E
330
1C2
100
AcDbEntity
  8
PIPE
 62
     4
100
AcDbLine
 10
-804.5550322656053
 20
5828.545170421275
 30
0.0
 11
-1361.442495174706
 21
5828.545170421275
 31
0.0
  0
LINE
  5
20F
330
1C2
100
AcDbEntity
  8
PIPE
 62
     4
100
AcDbLine
 10
-804.5550322656053
 20
5828.545170421275
 30
0.0
 11
-1517.46772976371
 21
5828.545170421275
 31
0.0
  0
LINE
  5
210
330
1C2
100
AcDbEntity
  8
DIM
  6
CENTER
100
AcDbLine
 10
-2422.607509261929
 20
5952.728544642393
 30
0.0
 11
-738.4146685153246
 21
5952.728544642393
 31
0.0
  0
TEXT
  5
211
330
1C2
100
AcDbEntity
  8
TEXT
 62
     3
100
AcDbText
 10
-6131.034149846179
 20
5137.51029059742
 30
0.0
 40
250.0
  1
절연플랜지 또는 절연유니온
  7
돋움
100
AcDbText
  0
LINE
  5
212
330
1C2
100
AcDbEntity
  8
PIPE
 62
     4
100
AcDbLine
 10
-1528.428388933302
 20
5795.387964516762
 30
0.0
 11
-1528.428388933302
 21
5707.993800262484
 31
0.0
  0
ARC
  5
213
330
1C2
100
AcDbEntity
  8
PIPE
 62
     4
100
AcDbCircle
 10
-2358.89442468679
 20
5891.607078002476
 30
0.0
 40
77.49051195977052
100
AcDbArc
 50
122.8455713358141
 51
239.0595766388594
  0
ARC
  5
214
330
1C2
100
AcDbEntity
  8
PIPE
 62
     4
100
AcDbCircle
 10
-2438.231594082318
 20
5891.607078002476
 30
0.0
 40
77.49051195977052
100
AcDbArc
 50
300.9404233611406
 51
57.15442866418591
  0
LINE
  5
215
330
1C2
100
AcDbEntity
  8
PIPE
  6
Continuous
 62
     4
100
AcDbLine
 10
-1755.024894587695
 20
6084.507166895433
 30
0.0
 11
-1755.024894587695
 21
5825.143281539145
 31
0.0
  0
LINE
  5
216
330
1C2
100
AcDbEntity
  8
PIPE
  6
HIDDEN
 62
     4
100
AcDbLine
 10
-1546.635838846327
 20
6084.507166895433
 30
0.0
 11
-1546.635838846327
 21
5825.143281539145
 31
0.0
  0
LINE
  5
217
330
1C2
100
AcDbEntity
  8
PIPE
  6
HIDDEN
 62
     4
100
AcDbLine
 10
-1517.46772976371
 20
6087.909055769327
 30
0.0
 11
-1517.46772976371
 21
5828.545170421275
 31
0.0
  0
LINE
  5
218
330
1C2
100
AcDbEntity
  8
PIPE
  6
HIDDEN
 62
     4
100
AcDbLine
 10
-1702.661073340219
 20
6082.88915367084
 30
0.0
 11
-1702.661073340219
 21
5821.06351178873
 31
0.0
  0
LINE
  5
219
330
1C2
100
AcDbEntity
  8
PIPE
  6
HIDDEN
 62
     4
100
AcDbLine
 10
-1924.051255509256
 20
6101.847792287532
 30
0.0
 11
-1924.051255509256
 21
5809.011939113203
 31
0.0
  0
LINE
  5
21A
330
1C2
100
AcDbEntity
  8
PIPE
  6
Continuous
 62
     4
100
AcDbLine
 10
-1707.850958104711
 20
5795.387964516762
 30
0.0
 11
-1517.46772976371
 21
5795.387964516762
 31
0.0
  0
LINE
  5
21B
330
1C2
100
AcDbEntity
  8
PIPE
 62
     4
100
AcDbLine
 10
-1702.661073340219
 20
5722.242156055146
 30
0.0
 11
-1729.198644264601
 21
5722.242156055146
 31
0.0
  0
LINE
  5
21C
330
1C2
100
AcDbEntity
  8
PIPE
 62
     4
100
AcDbLine
 10
-1334.904924345435
 20
5722.242156055146
 30
0.0
 11
-1361.442495174706
 21
5722.242156055146
 31
0.0
  0
LINE
  5
21D
330
1C2
100
AcDbEntity
  8
PIPE
 62
     4
100
AcDbLine
 10
-1517.46772976371
 20
5707.993800262484
 30
0.0
 11
-1546.635838846327
 21
5707.993800262484
 31
0.0
  0
LINE
  5
21E
330
1C2
100
AcDbEntity
  8
PIPE
 62
     4
100
AcDbLine
 10
-1531.86156976968
 20
5795.387964516762
 30
0.0
 11
-1531.86156976968
 21
5707.993800262484
 31
0.0
  0
LINE
  5
21F
330
1C2
100
AcDbEntity
  8
PIPE
 62
     4
100
AcDbLine
 10
-1524.780634169699
 20
5795.387964516762
 30
0.0
 11
-1524.780634169699
 21
5707.993800262484
 31
0.0
  0
LINE
  5
220
330
1C2
100
AcDbEntity
  8
PIPE
 62
     4
100
AcDbLine
 10
-1521.562027181964
 20
5795.387964516762
 30
0.0
 11
-1521.562027181964
 21
5707.993800262484
 31
0.0
  0
LINE
  5
221
330
1C2
100
AcDbEntity
  8
PIPE
 62
     4
100
AcDbLine
 10
-1517.914272418362
 20
5795.387964516762
 30
0.0
 11
-1517.914272418362
 21
5707.993800262484
 31
0.0
  0
LINE
  5
222
330
1C2
100
AcDbEntity
  8
PIPE
 62
     4
100
AcDbLine
 10
-1702.661073340219
 20
5573.610919576458
 30
0.0
 11
-1546.635838846327
 21
5573.610919576458
 31
0.0
  0
LINE
  5
223
330
1C2
100
AcDbEntity
  8
PIPE
  6
HIDDEN
 62
     4
100
AcDbLine
 10
-1702.661073340219
 20
5701.899890571716
 30
0.0
 11
-1361.442495174706
 21
5701.899890571716
 31
0.0
  0
LINE
  5
224
330
1C2
100
AcDbEntity
  8
PIPE
  6
HIDDEN
 62
     4
100
AcDbLine
 10
-1702.661073340219
 20
5646.234005353413
 30
0.0
 11
-1361.442495174706
 21
5646.234005353413
 31
0.0
  0
LINE
  5
225
330
1C2
100
AcDbEntity
  8
PIPE
 62
     4
100
AcDbLine
 10
-1729.198644264601
 20
5625.891739828571
 30
0.0
 11
-1729.198644264601
 21
5674.066947941843
 31
0.0
  0
LINE
  5
226
330
1C2
100
AcDbEntity
  8
PIPE
 62
     4
100
AcDbLine
 10
-1702.661073340219
 20
5625.891739828571
 30
0.0
 11
-1729.198644264601
 21
5625.891739828571
 31
0.0
  0
LINE
  5
227
330
1C2
100
AcDbEntity
  8
PIPE
 62
     4
100
AcDbLine
 10
-1334.904924345435
 20
5722.242156055146
 30
0.0
 11
-1334.904924345435
 21
5674.066947941843
 31
0.0
  0
LINE
  5
228
330
1C2
100
AcDbEntity
  8
PIPE
 62
     4
100
AcDbLine
 10
-1702.661073340219
 20
5646.234005353413
 30
0.0
 11
-1729.198644264601
 21
5646.234005353413
 31
0.0
  0
LINE
  5
229
330
1C2
100
AcDbEntity
  8
PIPE
 62
     4
100
AcDbLine
 10
-1546.635838846327
 20
5804.49424638835
 30
0.0
 11
-1546.635838846327
 21
5573.610919576458
 31
0.0
  0
LWPOLYLINE
  5
22A
330
1C2
100
AcDbEntity
  8
DIM
100
AcDbPolyline
 90
        2
 70
     1
 43
6.356957974137931
 10
-1426.109906596364
 20
5553.520223253144
 42
-1.0
 10
-1419.752948586247
 20
5553.520223253144
 42
-1.0
  0
LINE
  5
22B
330
1C2
100
AcDbEntity
  8
PIPE
 62
     4
100
AcDbLine
 10
-1702.661073340219
 20
5701.899890571716
 30
0.0
 11
-1729.198644264601
 21
5701.899890571716
 31
0.0
  0
LINE
  5
22C
330
1C2
100
AcDbEntity
  8
DIM
100
AcDbLine
 10
-1677.753198734252
 20
5256.586828376981
 30
0.0
 11
-1422.651611926616
 21
5256.586828376981
 31
0.0
  0
LINE
  5
22D
330
1C2
100
AcDbEntity
  8
PIPE
 62
     4
100
AcDbLine
 10
-1334.904924345435
 20
5625.891739828571
 30
0.0
 11
-1334.904924345435
 21
5674.066947941843
 31
0.0
  0
LINE
  5
22E
330
1C2
100
AcDbEntity
  8
PIPE
 62
     4
100
AcDbLine
 10
-1309.303553849459
 20
5646.234005353413
 30
0.0
 11
-1361.442495174706
 21
5646.234005353413
 31
0.0
  0
LINE
  5
22F
330
1C2
100
AcDbEntity
  8
PIPE
 62
     4
100
AcDbLine
 10
-1334.904924345435
 20
5625.891739828571
 30
0.0
 11
-1361.442495174706
 21
5625.891739828571
 31
0.0
  0
LINE
  5
230
330
1C2
100
AcDbEntity
  8
DIM
100
AcDbLine
 10
-1422.651611926616
 20
5555.343924838467
 30
0.0
 11
-1422.651611926616
 21
5256.586828376981
 31
0.0
  0
LINE
  5
231
330
1C2
100
AcDbEntity
  8
PIPE
 62
     4
100
AcDbLine
 10
-1309.303553849459
 20
5701.899890571716
 30
0.0
 11
-1361.442495174706
 21
5701.899890571716
 31
0.0
  0
LINE
  5
232
330
1C2
100
AcDbEntity
  8
PIPE
 62
     4
100
AcDbLine
 10
-1361.442495174706
 20
5577.012808475061
 30
0.0
 11
-1517.46772976371
 21
5577.012808475061
 31
0.0
  0
LINE
  5
233
330
1C2
100
AcDbEntity
  8
PIPE
 62
     4
100
AcDbLine
 10
-1309.303553849459
 20
5701.899890571716
 30
0.0
 11
-1309.303553849459
 21
5671.117770459823
 31
0.0
  0
LINE
  5
234
330
1C2
100
AcDbEntity
  8
PIPE
 62
     4
100
AcDbLine
 10
-1309.303553849459
 20
5646.234005353413
 30
0.0
 11
-1309.303553849459
 21
5671.117770459823
 31
0.0
  0
LINE
  5
235
330
1C2
100
AcDbEntity
  8
PIPE
 62
     4
100
AcDbLine
 10
-1729.198644264601
 20
5722.242156055146
 30
0.0
 11
-1729.198644264601
 21
5674.066947941843
 31
0.0
  0
LINE
  5
236
330
1C2
100
AcDbEntity
  8
PIPE
 62
     4
100
AcDbLine
 10
-1702.661073340219
 20
5802.716025009635
 30
0.0
 11
-1702.661073340219
 21
5573.610919576458
 31
0.0
  0
LINE
  5
237
330
1C2
100
AcDbEntity
  8
PIPE
 62
     4
100
AcDbLine
 10
-1361.442495174706
 20
5828.545170421275
 30
0.0
 11
-1361.442495174706
 21
5577.012808475061
 31
0.0
  0
LINE
  5
238
330
1C2
100
AcDbEntity
  8
PIPE
 62
     4
100
AcDbLine
 10
-1517.46772976371
 20
5828.545170421275
 30
0.0
 11
-1517.46772976371
 21
5577.012808475061
 31
0.0
  0
LINE
  5
239
330
1C2
100
AcDbEntity
  8
DIM
100
AcDbLine
 10
-1769.568905250751
 20
5809.011939113203
 30
0.0
 11
-1924.051255509256
 21
5809.011939113203
 31
0.0
  0
LINE
  5
23A
330
1C2
100
AcDbEntity
  8
PIPE
 62
     4
100
AcDbLine
 10
-2398.73590060405
 20
5825.143281539145
 30
0.0
 11
-1926.010539171519
 21
5825.143281539145
 31
0.0
  0
LINE
  5
23B
330
1C2
100
AcDbEntity
  8
PIPE
  6
HIDDEN
 62
     4
100
AcDbLine
 10
-1924.051255509256
 20
5823.507536288671
 30
0.0
 11
-1924.051255509256
 21
5822.063210320048
 31
0.0
  0
LINE
  5
23C
330
1C2
100
AcDbEntity
  8
PIPE
 62
     4
100
AcDbLine
 10
-2398.73590060405
 20
5825.143281539145
 30
0.0
 11
-1755.024894587695
 21
5825.143281539145
 31
0.0
  0
LINE
  5
23D
330
1C2
100
AcDbEntity
  8
DIM
100
AcDbLine
 10
-1924.987551772618
 20
5816.500365902844
 30
0.0
 11
-1755.903391362051
 21
5816.500365902844
 31
0.0
  0
LINE
  5
23E
330
1C2
100
AcDbEntity
  8
DIM
100
AcDbLine
 10
-1924.987551772618
 20
5820.056886154576
 30
0.0
 11
-1755.903391362051
 21
5820.056886154576
 31
0.0
  0
LINE
  5
23F
330
1C2
100
AcDbEntity
  8
DIM
100
AcDbLine
 10
-1924.987551772618
 20
5813.098477020743
 30
0.0
 11
-1755.903391362051
 21
5813.098477020743
 31
0.0
  0
ARC
  5
240
330
1C2
100
AcDbEntity
  8
PIPE
 62
     4
100
AcDbCircle
 10
-1757.868987487279
 20
5715.407541380904
 30
0.0
 40
94.33276925153824
100
AcDbArc
 50
57.97902880747826
 51
97.12463549815586
  0
LINE
  5
241
330
1C2
100
AcDbEntity
  8
DIM
  6
CENTER
100
AcDbLine
 10
-1746.088470001123
 20
5674.066947941843
 30
0.0
 11
-1290.365998322726
 21
5674.066947941843
 31
0.0
  0
LINE
  5
242
330
1C2
100
AcDbEntity
  8
PIPE
  6
Continuous
 62
     4
100
AcDbLine
 10
-1707.850958104711
 20
6115.471766884001
 30
0.0
 11
-1517.46772976371
 21
6115.471766884001
 31
0.0
  0
LINE
  5
243
330
1C2
100
AcDbEntity
  8
PIPE
 62
     4
100
AcDbLine
 10
-1702.661073340219
 20
6322.787515905075
 30
0.0
 11
-1546.635838846327
 21
6322.787515905075
 31
0.0
  0
LINE
  5
244
330
1C2
100
AcDbEntity
  8
PIPE
  6
HIDDEN
 62
     4
100
AcDbLine
 10
-1702.661073340219
 20
6208.079978603287
 30
0.0
 11
-1361.442495174706
 21
6208.079978603287
 31
0.0
  0
LINE
  5
245
330
1C2
100
AcDbEntity
  8
PIPE
  6
HIDDEN
 62
     4
100
AcDbLine
 10
-1702.661073340219
 20
6263.745863805088
 30
0.0
 11
-1361.442495174706
 21
6263.745863805088
 31
0.0
  0
LINE
  5
246
330
1C2
100
AcDbEntity
  8
PIPE
 62
     4
100
AcDbLine
 10
-1702.661073340219
 20
6322.787515905075
 30
0.0
 11
-1702.661073340219
 21
6109.869567887566
 31
0.0
  0
LINE
  5
247
330
1C2
100
AcDbEntity
  8
PIPE
 62
     4
100
AcDbLine
 10
-1729.198644264601
 20
6187.737713078532
 30
0.0
 11
-1729.198644264601
 21
6235.912921191833
 31
0.0
  0
LINE
  5
248
330
1C2
100
AcDbEntity
  8
PIPE
 62
     4
100
AcDbLine
 10
-1702.661073340219
 20
6187.737713078532
 30
0.0
 11
-1729.198644264601
 21
6187.737713078532
 31
0.0
  0
LINE
  5
249
330
1C2
100
AcDbEntity
  8
PIPE
 62
     4
100
AcDbLine
 10
-1729.198644264601
 20
6284.088129305018
 30
0.0
 11
-1729.198644264601
 21
6235.912921191833
 31
0.0
  0
LINE
  5
24A
330
1C2
100
AcDbEntity
  8
PIPE
 62
     4
100
AcDbLine
 10
-1702.661073340219
 20
6208.079978603287
 30
0.0
 11
-1729.198644264601
 21
6208.079978603287
 31
0.0
  0
LINE
  5
24B
330
1C2
100
AcDbEntity
  8
PIPE
 62
     4
100
AcDbLine
 10
-1702.661073340219
 20
6284.088129305018
 30
0.0
 11
-1729.198644264601
 21
6284.088129305018
 31
0.0
  0
LINE
  5
24C
330
1C2
100
AcDbEntity
  8
PIPE
 62
     4
100
AcDbLine
 10
-1702.661073340219
 20
6263.745863805088
 30
0.0
 11
-1729.198644264601
 21
6263.745863805088
 31
0.0
  0
LINE
  5
24D
330
1C2
100
AcDbEntity
  8
PIPE
 62
     4
100
AcDbLine
 10
-1334.904924345435
 20
6187.737713078532
 30
0.0
 11
-1334.904924345435
 21
6235.912921191833
 31
0.0
  0
LINE
  5
24E
330
1C2
100
AcDbEntity
  8
PIPE
 62
     4
100
AcDbLine
 10
-1546.635838846327
 20
6322.787515905075
 30
0.0
 11
-1546.635838846327
 21
6105.492407624783
 31
0.0
  0
LINE
  5
24F
330
1C2
100
AcDbEntity
  8
PIPE
 62
     4
100
AcDbLine
 10
-1531.86156976968
 20
6198.375745071157
 30
0.0
 11
-1531.86156976968
 21
6115.471766884001
 31
0.0
  0
LINE
  5
250
330
1C2
100
AcDbEntity
  8
PIPE
 62
     4
100
AcDbLine
 10
-1528.428388933302
 20
6198.375745071157
 30
0.0
 11
-1528.428388933302
 21
6115.471766884001
 31
0.0
  0
LINE
  5
251
330
1C2
100
AcDbEntity
  8
PIPE
 62
     4
100
AcDbLine
 10
-1524.780634169699
 20
6198.375745071157
 30
0.0
 11
-1524.780634169699
 21
6115.471766884001
 31
0.0
  0
LINE
  5
252
330
1C2
100
AcDbEntity
  8
PIPE
 62
     4
100
AcDbLine
 10
-1521.562027181964
 20
6198.375745071157
 30
0.0
 11
-1521.562027181964
 21
6115.471766884001
 31
0.0
  0
LINE
  5
253
330
1C2
100
AcDbEntity
  8
PIPE
 62
     4
100
AcDbLine
 10
-1517.914272418362
 20
6198.375745071157
 30
0.0
 11
-1517.914272418362
 21
6115.471766884001
 31
0.0
  0
LINE
  5
254
330
1C2
100
AcDbEntity
  8
PIPE
 62
     4
100
AcDbLine
 10
-1334.904924345435
 20
6187.737713078532
 30
0.0
 11
-1361.442495174706
 21
6187.737713078532
 31
0.0
  0
LINE
  5
255
330
1C2
100
AcDbEntity
  8
PIPE
 62
     4
100
AcDbLine
 10
-1334.904924345435
 20
6284.088129305018
 30
0.0
 11
-1334.904924345435
 21
6235.912921191833
 31
0.0
  0
LINE
  5
256
330
1C2
100
AcDbEntity
  8
PIPE
 62
     4
100
AcDbLine
 10
-1309.303553849459
 20
6208.079978603287
 30
0.0
 11
-1361.442495174706
 21
6208.079978603287
 31
0.0
  0
LINE
  5
257
330
1C2
100
AcDbEntity
  8
PIPE
 62
     4
100
AcDbLine
 10
-1309.303553849459
 20
6263.745863805088
 30
0.0
 11
-1361.442495174706
 21
6263.745863805088
 31
0.0
  0
LINE
  5
258
330
1C2
100
AcDbEntity
  8
PIPE
 62
     4
100
AcDbLine
 10
-1334.904924345435
 20
6284.088129305018
 30
0.0
 11
-1361.442495174706
 21
6284.088129305018
 31
0.0
  0
LINE
  5
259
330
1C2
100
AcDbEntity
  8
PIPE
 62
     4
100
AcDbLine
 10
-1546.635838846327
 20
6198.375745071157
 30
0.0
 11
-1517.46772976371
 21
6198.375745071157
 31
0.0
  0
LINE
  5
25A
330
1C2
100
AcDbEntity
  8
PIPE
 62
     4
100
AcDbLine
 10
-1361.442495174706
 20
6326.189404845123
 30
0.0
 11
-1517.46772976371
 21
6326.189404845123
 31
0.0
  0
LINE
  5
25B
330
1C2
100
AcDbEntity
  8
PIPE
 62
     4
100
AcDbLine
 10
-1309.303553849459
 20
6208.079978603287
 30
0.0
 11
-1309.303553849459
 21
6232.963743709697
 31
0.0
  0
LINE
  5
25C
330
1C2
100
AcDbEntity
  8
PIPE
 62
     4
100
AcDbLine
 10
-1309.303553849459
 20
6263.745863805088
 30
0.0
 11
-1309.303553849459
 21
6232.963743709697
 31
0.0
  0
LINE
  5
25D
330
1C2
100
AcDbEntity
  8
PIPE
 62
     4
100
AcDbLine
 10
-1361.442495174706
 20
6326.189404845123
 30
0.0
 11
-1361.442495174706
 21
6087.909055769327
 31
0.0
  0
LINE
  5
25E
330
1C2
100
AcDbEntity
  8
PIPE
 62
     4
100
AcDbLine
 10
-1517.46772976371
 20
6326.189404845123
 30
0.0
 11
-1517.46772976371
 21
6087.909055769327
 31
0.0
  0
LINE
  5
25F
330
1C2
100
AcDbEntity
  8
DIM
100
AcDbLine
 10
-1769.568905250751
 20
6101.847792287532
 30
0.0
 11
-1924.051255509256
 21
6101.847792287532
 31
0.0
  0
LINE
  5
260
330
1C2
100
AcDbEntity
  8
DIM
100
AcDbLine
 10
-1924.987551772618
 20
6099.011776748461
 30
0.0
 11
-1755.903391362051
 21
6099.011776748461
 31
0.0
  0
LINE
  5
261
330
1C2
100
AcDbEntity
  8
DIM
100
AcDbLine
 10
-1924.987551772618
 20
6093.754312076344
 30
0.0
 11
-1755.903391362051
 21
6093.754312076344
 31
0.0
  0
LINE
  5
262
330
1C2
100
AcDbEntity
  8
DIM
100
AcDbLine
 10
-1924.987551772618
 20
6090.352423152886
 30
0.0
 11
-1755.903391362051
 21
6090.352423152886
 31
0.0
  0
LINE
  5
263
330
1C2
100
AcDbEntity
  8
PIPE
  6
HIDDEN
 62
     4
100
AcDbLine
 10
-1924.051255509256
 20
6088.277622290625
 30
0.0
 11
-1924.051255509256
 21
6086.205545244798
 31
0.0
  0
LINE
  5
264
330
1C2
100
AcDbEntity
  8
PIPE
 62
     4
100
AcDbLine
 10
-2398.73590060405
 20
6084.507166895433
 30
0.0
 11
-1755.024894587695
 21
6084.507166895433
 31
0.0
  0
LINE
  5
265
330
1C2
100
AcDbEntity
  8
DIM
  6
CENTER
100
AcDbLine
 10
-1746.088470001123
 20
6235.912921191833
 30
0.0
 11
-1299.939618172706
 21
6235.912921191833
 31
0.0
  0
LINE
  5
266
330
1C2
100
AcDbEntity
  8
DIM
  6
CENTER
100
AcDbLine
 10
-1746.088470001123
 20
6235.912921191833
 30
0.0
 11
-1293.89559900586
 21
6235.912921191833
 31
0.0
  0
ARC
  5
267
330
1C2
100
AcDbEntity
  8
PIPE
 62
     4
100
AcDbCircle
 10
-1757.868987487279
 20
6195.452190053038
 30
0.0
 40
94.33276925153824
100
AcDbArc
 50
262.8753645018441
 51
302.0209711925217
  0
ARC
  5
268
330
1C2
100
AcDbEntity
  8
PIPE
 62
     4
100
AcDbCircle
 10
-2356.706860512495
 20
6019.404638263746
 30
0.0
 40
77.49051195977052
100
AcDbArc
 50
122.8455713358141
 51
239.0595766388594
  0
ARC
  5
269
330
1C2
100
AcDbEntity
  8
PIPE
 62
     4
100
AcDbCircle
 10
-844.3965081828647
 20
5895.008966917667
 30
0.0
 40
77.49051195977052
100
AcDbArc
 50
300.9404233611406
 51
57.15442866418591
  0
ARC
  5
26A
330
1C2
100
AcDbEntity
  8
PIPE
 62
     4
100
AcDbCircle
 10
-765.0593387458939
 20
5895.008966917667
 30
0.0
 40
77.49051195977052
100
AcDbArc
 50
122.8455713358141
 51
239.0595766388594
  0
ARC
  5
26B
330
1C2
100
AcDbEntity
  8
PIPE
 62
     4
100
AcDbCircle
 10
-846.5840723365545
 20
6022.806527187293
 30
0.0
 40
77.49051195977052
100
AcDbArc
 50
300.9404233611406
 51
57.15442866418591
  0
ARC
  5
26C
330
1C2
100
AcDbEntity
  8
DIM
100
AcDbCircle
 10
-217.3693135048961
 20
6844.62736366011
 30
0.0
 40
102.9115764116262
100
AcDbArc
 50
300.9404233611406
 51
57.15442866418591
  0
ARC
  5
26D
330
1C2
100
AcDbEntity
  8
DIM
  6
HIDDEN
100
AcDbCircle
 10
61.83017916569951
 20
5669.583724864497
 30
0.0
 40
1127.241959242007
100
AcDbArc
 50
41.85151118937195
 51
100.3854223417113
  0
ARC
  5
26E
330
1C2
100
AcDbEntity
  8
DIM
100
AcDbCircle
 10
-105.9604108249768
 20
6672.954505205038
 30
0.0
 40
102.9189907401705
100
AcDbArc
 50
120.792180347237
 51
237.0015997144455
  0
LINE
  5
26F
330
1C2
100
AcDbEntity
  8
PIPE
100
AcDbLine
 10
946.4385375836863
 20
6462.449185793464
 30
0.0
 11
980.3948452282925
 21
6438.672723235271
 31
0.0
  0
LINE
  5
270
330
1C2
100
AcDbEntity
  8
PIPE
100
AcDbLine
 10
805.0677755764919
 20
6396.526916816714
 30
0.0
 11
839.0240832254058
 21
6372.75045428332
 31
0.0
  0
LINE
  5
271
330
1C2
100
AcDbEntity
  8
PIPE
100
AcDbLine
 10
911.1229757344116
 20
6445.98126882798
 30
0.0
 11
945.0792833417654
 21
6422.204806244931
 31
0.0
  0
LWPOLYLINE
  5
272
330
1C2
100
AcDbEntity
  8
PIPE
100
AcDbPolyline
 90
        2
 70
     0
 43
8.4375
 10
920.1634595915678
 20
6458.465617741021
 10
968.2965254950104
 20
6424.762482075078
  0
LINE
  5
273
330
1C2
100
AcDbEntity
  8
PIPE
100
AcDbLine
 10
816.9595000024417
 20
6489.63499233441
 30
0.0
 11
1088.884806065936
 21
6299.230843214377
 31
0.0
  0
LINE
  5
274
330
1C2
100
AcDbEntity
  8
PIPE
100
AcDbLine
 10
764.6174298931144
 20
6449.986892652086
 30
0.0
 11
1036.542735840776
 21
6259.582743523702
 31
0.0
  0
ELLIPSE
  5
275
330
1C2
100
AcDbEntity
  8
PIPE
100
AcDbEllipse
 10
1297.774719248293
 20
6086.156625510834
 30
0.0
 11
-257.101487860851
 21
180.0243998847894
 31
0.0
210
0.0
220
0.0
230
-1.0
 40
0.4900858527332587
 41
0.3637474400065171
 42
6.232623126618222
  0
LINE
  5
276
330
1C2
100
AcDbEntity
  8
PIPE
100
AcDbLine
 10
822.0459294030442
 20
6384.638685554151
 30
0.0
 11
980.9264256641037
 21
6458.725877672319
 31
0.0
  0
TEXT
  5
277
330
1C2
100
AcDbEntity
  8
TEXT
 62
     3
100
AcDbText
 10
1741.295520837186
 20
6342.249391885183
 30
0.0
 40
250.0
  1
접지용 밴드
  7
돋움
100
AcDbText
  0
TEXT
  5
278
330
1C2
100
AcDbEntity
  8
TEXT
 62
     3
100
AcDbText
 10
-424.8420476788886
 20
6974.724917721323
 30
0.0
 40
250.0
  1
(전기공사)
  7
돋움
100
AcDbText
  0
LINE
  5
279
330
1C2
100
AcDbEntity
  8
DIM
 62
     1
100
AcDbLine
 10
1137.187974258442
 20
6330.463019952062
 30
0.0
 11
1769.248781899689
 21
6437.083033665898
 31
0.0
  0
TEXT
  5
27A
330
1C2
100
AcDbEntity
  8
TEXT
 62
     3
100
AcDbText
 10
-683.1846799245103
 20
5829.536342342559
 30
0.0
 40
250.0
  1
STS관 
  7
돋움
100
AcDbText
  0
ENDBLK
  5
27B
330
1C2
100
AcDbEntity
  8
지시선
100
AcDbBlockEnd
  0
BLOCK
  5
1CA
330
1C9
100
AcDbEntity
  8
0
100
AcDbBlockBegin
  2
A9
 70
     0
 10
0.0
 20
0.0
 30
0.0
  3
A9
  1

  0
CIRCLE
  5
1CB
330
1C9
100
AcDbEntity
  8
0
100
AcDbCircle
 10
0.0
 20
0.0
 30
0.0
 40
35.0
  0
ENDBLK
  5
1CC
330
1C9
100
AcDbEntity
  8
0
100
AcDbBlockEnd
  0
BLOCK
  5
66
330
63
100
AcDbEntity
  8
0
100
AcDbBlockBegin
  2
FORM(소방)
 70
     0
 10
0.0
 20
0.0
 30
0.0
  3
FORM(소방)
  1
..\1.도면\FORM(소방).dwg
  0
INSERT
  5
67
330
63
100
AcDbEntity
  8
0
100
AcDbBlockReference
  2
FORM-고양창릉
 10
-0.0000000002100933
 20
0.0
 30
0.0
1001
AEC_XDATA_BOUND_SPACE
1070
   100
1070
     1
  0
REGION
  5
111
330
63
100
AcDbEntity
  8
G-DOOR
  6
Continuous
 62
     8
100
AcDbModelerGeometry
290
     1
  2
{4D0BAA72-54BC-0F4C-BB7E-ACFE50D01B1C}
  0
REGION
  5
114
330
63
100
AcDbEntity
  8
G-DOOR
  6
Continuous
 62
     8
100
AcDbModelerGeometry
290
     1
  2
{FA48A9B0-BB30-F54B-9DF8-92565D1806F2}
  0
REGION
  5
115
330
63
100
AcDbEntity
  8
G-DOOR
  6
Continuous
 62
     8
100
AcDbModelerGeometry
290
     1
  2
{21084E90-1438-B34E-B0CA-92F18C10CCB0}
  0
REGION
  5
116
330
63
100
AcDbEntity
  8
G-DOOR
  6
Continuous
 62
     8
100
AcDbModelerGeometry
290
     1
  2
{A2F0702C-F9BA-C94C-B273-37B0B70DFAD9}
  0
REGION
  5
117
330
63
100
AcDbEntity
  8
G-DOOR
  6
ByBlock
100
AcDbModelerGeometry
290
     1
  2
{6B091B25-9198-3F4F-A93B-AEE66565A544}
  0
REGION
  5
118
330
63
100
AcDbEntity
  8
G-DOOR
  6
ByBlock
100
AcDbModelerGeometry
290
     1
  2
{546CE805-80CA-4D03-90F2-A01F8EBA8015}
  0
REGION
  5
119
330
63
100
AcDbEntity
  8
G-DOOR
  6
Continuous
 62
     8
100
AcDbModelerGeometry
290
     1
  2
{B1C45681-EDD1-41E1-A308-F5994CD77D44}
  0
REGION
  5
11A
330
63
100
AcDbEntity
  8
G-DOOR
  6
Continuous
 62
     8
100
AcDbModelerGeometry
290
     1
  2
{184B21A1-0378-4F5E-922F-9CB0B44CDD92}
  0
REGION
  5
11B
330
63
100
AcDbEntity
  8
G-DOOR
  6
Continuous
 62
     8
100
AcDbModelerGeometry
290
     1
  2
{91230AC5-ACBF-4614-8BDC-31FC890CC2D5}
  0
REGION
  5
11C
330
63
100
AcDbEntity
  8
G-DOOR
  6
Continuous
 62
     8
100
AcDbModelerGeometry
290
     1
  2
{D00DBD45-B350-454F-938B-618623F1190D}
  0
REGION
  5
11D
330
63
100
AcDbEntity
  8
G-DOOR
  6
ByBlock
100
AcDbModelerGeometry
290
     1
  2
{22003A2E-54FD-4548-9FF1-87F1F859C663}
  0
REGION
  5
11E
330
63
100
AcDbEntity
  8
G-DOOR
  6
Continuous
 62
     8
100
AcDbModelerGeometry
290
     1
  2
{A043510E-91EF-4B54-BA22-D86DAE259AE9}
  0
REGION
  5
11F
330
63
100
AcDbEntity
  8
G-DOOR
  6
Continuous
 62
     8
100
AcDbModelerGeometry
290
     1
  2
{ABFF4396-C37E-49E1-8766-BEE4F6B135D2}
  0
REGION
  5
120
330
63
100
AcDbEntity
  8
G-DOOR
  6
Continuous
 62
     8
100
AcDbModelerGeometry
290
     1
  2
{BA551B0F-E0E9-4B03-938F-040A57E9865B}
  0
REGION
  5
121
330
63
100
AcDbEntity
  8
G-DOOR
  6
Continuous
 62
     8
100
AcDbModelerGeometry
290
     1
  2
{686F54D0-A949-47E3-BC42-745E24611063}
  0
REGION
  5
122
330
63
100
AcDbEntity
  8
G-DOOR
  6
ByBlock
100
AcDbModelerGeometry
290
     1
  2
{104AEE52-DAE8-4D43-87DA-003EE0682193}
  0
REGION
  5
123
330
63
100
AcDbEntity
  8
G-DOOR
  6
Continuous
 62
     8
100
AcDbModelerGeometry
290
     1
  2
{9CA72BC6-D18E-4833-83D4-F8437F7A4108}
  0
REGION
  5
124
330
63
100
AcDbEntity
  8
G-DOOR
  6
Continuous
 62
     8
100
AcDbModelerGeometry
290
     1
  2
{9DD1231C-F563-4E8D-9CB8-FB9D6D5DD703}
  0
REGION
  5
125
330
63
100
AcDbEntity
  8
G-DOOR
  6
Continuous
 62
     8
100
AcDbModelerGeometry
290
     1
  2
{04CFDCBB-F71D-459C-9089-E6DF5D61AD9F}
  0
REGION
  5
126
330
63
100
AcDbEntity
  8
G-DOOR
  6
Continuous
 62
     8
100
AcDbModelerGeometry
290
     1
  2
{7B67A78C-3CD3-4648-AE1F-657239300B0E}
  0
REGION
  5
127
330
63
100
AcDbEntity
  8
G-DOOR
  6
ByBlock
100
AcDbModelerGeometry
290
     1
  2
{B356A5B3-B689-4FF3-9E7D-ACF491F918C8}
  0
REGION
  5
128
330
63
100
AcDbEntity
  8
G-DOOR
  6
Continuous
 62
     8
100
AcDbModelerGeometry
290
     1
  2
{7A77D27D-0FAD-4401-9E1B-145A14617B8A}
  0
REGION
  5
129
330
63
100
AcDbEntity
  8
G-DOOR
  6
Continuous
 62
     8
100
AcDbModelerGeometry
290
     1
  2
{F5F786FD-89E8-4244-BEA3-FCFCBA4AAC7C}
  0
REGION
  5
12A
330
63
100
AcDbEntity
  8
G-DOOR
  6
Continuous
 62
     8
100
AcDbModelerGeometry
290
     1
  2
{CF9E82B3-AF7F-4401-84A3-78458233B403}
  0
REGION
  5
12B
330
63
100
AcDbEntity
  8
G-DOOR
  6
Continuous
 62
     8
100
AcDbModelerGeometry
290
     1
  2
{36E01A87-0291-490D-8E99-EBF78C4C30EF}
  0
REGION
  5
12C
330
63
100
AcDbEntity
  8
G-DOOR
  6
ByBlock
100
AcDbModelerGeometry
290
     1
  2
{51A3767F-47F0-489F-A74C-059935874D41}
  0
REGION
  5
12D
330
63
100
AcDbEntity
  8
G-DOOR
  6
Continuous
 62
     8
100
AcDbModelerGeometry
290
     1
  2
{12C03B39-4227-4042-8DAE-C3F47887E214}
  0
REGION
  5
12E
330
63
100
AcDbEntity
  8
G-DOOR
  6
Continuous
 62
     8
100
AcDbModelerGeometry
290
     1
  2
{844E7A19-04EE-4BA7-A455-A7F23B174552}
  0
REGION
  5
12F
330
63
100
AcDbEntity
  8
G-DOOR
  6
Continuous
 62
     8
100
AcDbModelerGeometry
290
     1
  2
{32E2F569-F2F4-40DF-9B88-18953DF77EF6}
  0
REGION
  5
130
330
63
100
AcDbEntity
  8
G-DOOR
  6
Continuous
 62
     8
100
AcDbModelerGeometry
290
     1
  2
{BE551F3C-B784-44AC-ACFC-A4446B856C04}
  0
REGION
  5
131
330
63
100
AcDbEntity
  8
G-DOOR
  6
ByBlock
100
AcDbModelerGeometry
290
     1
  2
{6763E4C7-73B8-497C-8EDC-AF62523A6152}
  0
REGION
  5
132
330
63
100
AcDbEntity
  8
G-DOOR
  6
Continuous
 62
     8
100
AcDbModelerGeometry
290
     1
  2
{BB16904E-1531-4151-BA75-B77FEB5757F9}
  0
REGION
  5
133
330
63
100
AcDbEntity
  8
G-DOOR
  6
Continuous
 62
     8
100
AcDbModelerGeometry
290
     1
  2
{329E54BA-AEF0-4769-8065-065A4C9DF50A}
  0
REGION
  5
134
330
63
100
AcDbEntity
  8
G-DOOR
  6
Continuous
 62
     8
100
AcDbModelerGeometry
290
     1
  2
{26596F7D-3F19-4D2B-9658-62CE2BC4066F}
  0
REGION
  5
135
330
63
100
AcDbEntity
  8
G-DOOR
  6
Continuous
 62
     8
100
AcDbModelerGeometry
290
     1
  2
{B88ADD50-7AAC-482F-B228-4AB9201D4FC6}
  0
REGION
  5
136
330
63
100
AcDbEntity
  8
G-DOOR
  6
ByBlock
100
AcDbModelerGeometry
290
     1
  2
{5B546762-E9F8-45A1-97E6-8D029C783BB9}
  0
REGION
  5
137
330
63
100
AcDbEntity
  8
G-DOOR
  6
Continuous
 62
     8
100
AcDbModelerGeometry
290
     1
  2
{507B95E6-A428-4AA6-B66E-D4104C32DF79}
  0
REGION
  5
138
330
63
100
AcDbEntity
  8
G-DOOR
  6
Continuous
 62
     8
100
AcDbModelerGeometry
290
     1
  2
{3EE8BBDE-0E92-4865-A0EB-825D879C3E49}
  0
REGION
  5
139
330
63
100
AcDbEntity
  8
G-DOOR
  6
Continuous
 62
     8
100
AcDbModelerGeometry
290
     1
  2
{71D5D017-B8C1-4129-BD1D-24783FDED3DB}
  0
REGION
  5
13A
330
63
100
AcDbEntity
  8
G-DOOR
  6
Continuous
 62
     8
100
AcDbModelerGeometry
290
     1
  2
{1585052D-09AC-4303-876C-E2269F3B1033}
  0
REGION
  5
13B
330
63
100
AcDbEntity
  8
G-DOOR
  6
ByBlock
100
AcDbModelerGeometry
290
     1
  2
{C70964FE-058A-42E0-B594-F635D4F96D1F}
  0
REGION
  5
13C
330
63
100
AcDbEntity
  8
G-DOOR
  6
Continuous
 62
     8
100
AcDbModelerGeometry
290
     1
  2
{51DCD509-B604-4D74-A430-52D2CCFB4D25}
  0
REGION
  5
13D
330
63
100
AcDbEntity
  8
G-DOOR
  6
Continuous
 62
     8
100
AcDbModelerGeometry
290
     1
  2
{8F69DD43-E24D-4D57-8EA8-B20599A7D8F4}
  0
REGION
  5
13E
330
63
100
AcDbEntity
  8
G-DOOR
  6
Continuous
 62
     8
100
AcDbModelerGeometry
290
     1
  2
{1DEE477E-B40F-4D63-BA5C-DD38E18763EF}
  0
REGION
  5
13F
330
63
100
AcDbEntity
  8
G-DOOR
  6
Continuous
 62
     8
100
AcDbModelerGeometry
290
     1
  2
{28B456DE-DFF8-4482-8EFC-3D2B92C16D23}
  0
REGION
  5
140
330
63
100
AcDbEntity
  8
G-DOOR
  6
ByBlock
100
AcDbModelerGeometry
290
     1
  2
{2402F51B-9DB7-4C40-A670-1E4F8CD4DFB9}
  0
REGION
  5
141
330
63
100
AcDbEntity
  8
G-DOOR
  6
Continuous
 62
     8
100
AcDbModelerGeometry
290
     1
  2
{DB6B2DAF-A0AD-4D50-BE39-B5F84B5E94DE}
  0
REGION
  5
142
330
63
100
AcDbEntity
  8
G-DOOR
  6
Continuous
 62
     8
100
AcDbModelerGeometry
290
     1
  2
{E6199840-C157-4DA7-8DE8-0099A5186744}
  0
REGION
  5
143
330
63
100
AcDbEntity
  8
G-DOOR
  6
Continuous
 62
     8
100
AcDbModelerGeometry
290
     1
  2
{5C6FD156-9CAC-4B40-B0A3-EE0B93E7A4BA}
  0
REGION
  5
144
330
63
100
AcDbEntity
  8
G-DOOR
  6
Continuous
 62
     8
100
AcDbModelerGeometry
290
     1
  2
{3B80BF95-2A27-46AA-B14E-25687A1A3F3B}
  0
REGION
  5
145
330
63
100
AcDbEntity
  8
G-DOOR
  6
ByBlock
100
AcDbModelerGeometry
290
     1
  2
{D72A32C3-7A90-4368-9E97-50A1D607E1E2}
  0
REGION
  5
146
330
63
100
AcDbEntity
  8
G-DOOR
  6
Continuous
 62
     8
100
AcDbModelerGeometry
290
     1
  2
{B556C7DF-76B0-4D8E-A870-798F1220A89B}
  0
REGION
  5
147
330
63
100
AcDbEntity
  8
G-DOOR
  6
Continuous
 62
     8
100
AcDbModelerGeometry
290
     1
  2
{E297800E-6C7D-45CA-AFBE-5C2D6B735C22}
  0
REGION
  5
148
330
63
100
AcDbEntity
  8
G-DOOR
  6
Continuous
 62
     8
100
AcDbModelerGeometry
290
     1
  2
{92CB5150-49C3-403B-AF74-67C42C7C083B}
  0
REGION
  5
149
330
63
100
AcDbEntity
  8
G-DOOR
  6
Continuous
 62
     8
100
AcDbModelerGeometry
290
     1
  2
{0DC9AADB-68AD-4D3B-BBBF-4159E6009B9C}
  0
REGION
  5
14A
330
63
100
AcDbEntity
  8
G-DOOR
  6
ByBlock
100
AcDbModelerGeometry
290
     1
  2
{87AAAC63-2443-4550-94A5-9BC080D85EFE}
  0
REGION
  5
14B
330
63
100
AcDbEntity
  8
G-DOOR
  6
Continuous
 62
     8
100
AcDbModelerGeometry
290
     1
  2
{DEE9A3F7-22BC-4BCC-8F3D-666D5F62D9FD}
  0
REGION
  5
14C
330
63
100
AcDbEntity
  8
G-DOOR
  6
Continuous
 62
     8
100
AcDbModelerGeometry
290
     1
  2
{FA3DD97C-0CEF-4190-AFEB-172298ADB69E}
  0
REGION
  5
14D
330
63
100
AcDbEntity
  8
G-DOOR
  6
Continuous
 62
     8
100
AcDbModelerGeometry
290
     1
  2
{7AD7EF1A-50CA-4C1F-8E6F-BEF3C1AA2F0D}
  0
REGION
  5
14E
330
63
100
AcDbEntity
  8
G-DOOR
  6
Continuous
 62
     8
100
AcDbModelerGeometry
290
     1
  2
{6D3E94D4-A544-4EC4-993F-7BAD0A7C24CC}
  0
TEXT
  5
14F
330
63
100
AcDbEntity
  8
0
  6
Continuous
 62
     3
100
AcDbText
 10
766.3636874434378
 20
164.839330836758
 30
0.0
 40
2.7
  1
(주)삼진탑테크엔지니어링
  7
돋움
 11
766.3636874434378
 21
166.189330836758
 31
0.0
100
AcDbText
 73
     2
  0
TEXT
  5
151
330
63
100
AcDbEntity
  8
0
  6
Continuous
 62
     3
100
AcDbText
 10
766.3636874434378
 20
158.839330836758
 30
0.0
 40
2.7
  1
책임 기술사   서 병 택
  7
돋움
 11
766.3636874434378
 21
160.189330836758
 31
0.0
100
AcDbText
 73
     2
  0
TEXT
  5
152
330
63
100
AcDbEntity
  8
0
  6
Continuous
 62
     3
100
AcDbText
 10
766.3636874434378
 20
170.839330836758
 30
0.0
 40
2.7
  1
소방  FIRE EQUIPMENT
  7
돋움
 11
766.3636874434378
 21
172.189330836758
 31
0.0
100
AcDbText
 73
     2
  0
TEXT
  5
153
330
63
100
AcDbEntity
  8
0
  6
Continuous
 62
     3
100
AcDbText
 10
766.3636874434378
 20
152.839330836758
 30
0.0
 40
2.7
  1
등록번호 : 95145100025J
  7
돋움
 11
766.3636874434378
 21
154.189330836758
 31
0.0
100
AcDbText
 73
     2
  0
ENDBLK
  5
154
330
63
100
AcDbEntity
  8
0
100
AcDbBlockEnd
  0
BLOCK
  5
6B
330
68
100
AcDbEntity
  8
0
100
AcDbBlockBegin
  2
FORM-고양창릉
 70
     0
 10
0.0
 20
0.0
 30
0.0
  3
FORM-고양창릉
  1
..\98.X-REF\FORM-고양창릉.dwg
  0
LWPOLYLINE
  5
6C
330
68
100
AcDbEntity
  8
FORM-고양창릉$0$FORM
100
AcDbPolyline
 90
        4
 70
     1
 43
1.999999999999999
 10
30.99999878299332
 20
22.00000245543197
 10
818.9999987829933
 20
22.00000245543197
 10
818.9999987829933
 20
572.0000024554317
 10
30.99999878299332
 20
572.0000024554317
  0
HATCH
  5
6E
330
68
100
AcDbEntity
  8
FORM-고양창릉$0$FORM
100
AcDbHatch
 10
0.0
 20
0.0
 30
0.0
210
0.0
220
0.0
230
1.0
  2
SOLID
 70
     1
 71
     1
 91
        1
 92
        3
 72
     1
 73
     1
 93
        7
 10
772.3229604123615
 20
542.0404009055346
 42
0.0
 10
772.3229604123615
 20
532.5561011638492
 42
0.4142135622969322
 10
774.1137580175409
 20
530.765303559601
 42
0.0
 10
781.3954980561966
 20
530.765303559601
 42
0.0
 10
781.3954980561966
 20
532.9363332223147
 42
0.0
 10
775.3703164441967
 20
532.9363332223147
 42
0.0
 10
775.3703164441967
 20
542.0404009055346
 42
0.0
 97
        1
330
81
 75
     0
 76
     1
 98
        1
 10
484.7743236396927
 20
390.372512312606
1001
ACAD
1010
0.0
1020
0.0
1030
0.0
  0
HATCH
  5
6F
330
68
100
AcDbEntity
  8
FORM-고양창릉$0$FORM
100
AcDbHatch
 10
0.0
 20
0.0
 30
0.0
210
0.0
220
0.0
230
1.0
  2
SOLID
 70
     1
 71
     1
 91
        1
 92
        3
 72
     1
 73
     1
 93
       13
 10
782.9900336258568
 20
542.0404009055346
 42
0.0
 10
782.9900336258568
 20
530.765303559601
 42
0.0
 10
785.9410300443414
 20
530.765303559601
 42
0.0
 10
785.9410300443414
 20
536.1413159389049
 42
0.2267938772395486
 10
787.2415154988409
 20
535.4209107700734
 42
0.0
 10
790.6325312305697
 20
535.4209107700734
 42
0.0
 10
790.6325312305697
 20
530.765303559601
 42
0.0
 10
793.5835276490543
 20
530.765303559601
 42
0.0
 10
793.5835276490543
 20
542.0404009055346
 42
0.0
 10
790.6325312305697
 20
542.0404009055346
 42
0.0
 10
790.6325312305697
 20
537.6502734459935
 42
0.0
 10
785.9410300443414
 20
537.6502734459935
 42
0.0
 10
785.9410300443414
 20
542.0404009055346
 42
0.0
 97
        1
330
82
 75
     0
 76
     1
 98
        1
 10
484.7743236396927
 20
390.372512312606
1001
ACAD
1010
0.0
1020
0.0
1030
0.0
  0
HATCH
  5
70
330
68
100
AcDbEntity
  8
FORM-고양창릉$0$FORM
100
AcDbHatch
 10
0.0
 20
0.0
 30
0.0
210
0.0
220
0.0
230
1.0
  2
SOLID
 70
     1
 71
     1
 91
        2
 92
        3
 72
     1
 73
     1
 93
       12
 10
793.6258979274424
 20
549.1086947508156
 42
-0.0672969873769985
 10
796.5943879748229
 20
545.8025152701883
 42
-0.0061990087136115
 10
796.8010906123081
 20
545.5171516593544
 42
0.1038575187591362
 10
800.2122913536148
 20
541.8908232711254
 42
0.1647121175444182
 10
805.379253401653
 20
540.6363952513784
 42
0.1885380362563095
 10
810.5763863811725
 20
543.1239480935036
 42
0.1952022379659474
 10
812.6681344483504
 20
549.1086947508156
 42
0.1952022379659495
 10
810.5763863811722
 20
555.0934414099904
 42
0.1885380362563662
 10
805.3792534016514
 20
557.5809942502528
 42
0.1647121175444197
 10
800.2122913536148
 20
556.3265662323681
 42
0.1038575187591434
 10
796.801090612308
 20
552.7002378441391
 42
-0.0061990087132361
 10
796.5943879748229
 20
552.4148742333053
 42
-0.0672969873769698
 97
        1
330
84
 92
        3
 72
     1
 73
     1
 93
       12
 10
784.0140492629716
 20
549.1086947508152
 42
0.2042735297300965
 10
785.0927458826909
 20
546.1163214221596
 42
0.1755266814907163
 10
787.6584897872517
 20
544.8725450020282
 42
0.1737267861802062
 10
790.2140142733753
 20
545.4572508875316
 42
0.1171424448207662
 10
791.9690068506159
 20
547.257145859301
 42
-0.0645146923344098
 10
792.0889131121794
 20
547.441620901227
 42
-0.0719342085046287
 10
793.5597858682731
 20
549.1086947508156
 42
-0.0719342085046302
 10
792.0889131121793
 20
550.7757686004042
 42
-0.0645146923346178
 10
791.9690068506159
 20
550.9602436441927
 42
0.1171424448209416
 10
790.2140142733697
 20
552.7601386159658
 42
0.173726786180294
 10
787.658489787249
 20
553.3448445014652
 42
0.1755266814906003
 10
785.0927458826909
 20
552.1010680813341
 42
0.2042735297301428
 97
        1
330
83
 75
     0
 76
     1
 98
        1
 10
484.7743236396927
 20
390.372512312606
1001
ACAD
1010
0.0
1020
0.0
1030
0.0
  0
LWPOLYLINE
  5
71
330
68
100
AcDbEntity
  8
FORM-고양창릉$0$FORM-line
100
AcDbPolyline
 90
        4
 70
     1
 43
0.0
 10
762.0000000002319
 20
570.9999999999999
 10
32.00000000023192
 20
570.9999999999999
 10
32.00000000023192
 20
23.0
 10
762.0000000002319
 20
23.0
  0
LWPOLYLINE
  5
75
330
68
100
AcDbEntity
  8
Defpoints
100
AcDbPolyline
 90
        4
 70
     1
 43
0.0
 10
759.0000000002319
 20
567.9999999999998
 10
35.00000000023192
 20
567.9999999999998
 10
35.00000000023192
 20
26.0
 10
759.0000000002319
 20
26.0
  0
LWPOLYLINE
  5
77
330
68
100
AcDbEntity
  8
FORM-고양창릉$0$FORM-line
100
AcDbPolyline
 90
        4
 70
     1
 43
0.0
 10
763.0000000002318
 20
23.0
 10
818.0000000002319
 20
23.0
 10
818.0000000002319
 20
570.9999999999999
 10
763.0000000002318
 20
570.9999999999999
  0
LWPOLYLINE
  5
78
330
68
100
AcDbEntity
  8
FORM-고양창릉$0$FORM
100
AcDbPolyline
 90
        2
 70
     0
 10
762.4999987829933
 20
23.00000245543197
 40
0.9999999999999996
 41
0.9999999999999996
 10
762.4999987829933
 20
571.0000024554318
 40
1.999999999999999
 41
1.999999999999999
  0
LWPOLYLINE
  5
79
330
68
100
AcDbEntity
  8
FORM-고양창릉$0$FORM-line
100
AcDbPolyline
 90
        4
 70
     1
 43
0.0
 10
30.00000000023193
 20
573.0
 10
820.0000000002319
 20
573.0
 10
820.0000000002319
 20
21.0
 10
30.00000000023193
 20
21.0
  0
LWPOLYLINE
  5
7A
330
68
100
AcDbEntity
  8
FORM-고양창릉$0$FORM-line
100
AcDbPolyline
 90
        5
 70
     0
 43
0.0
 10
0.0000000002319211
 20
594.0
 10
0.0000000002319211
 20
0.0
 10
840.0000000002329
 20
0.0
 10
840.0000000002329
 20
594.0
 10
0.0000000002319211
 20
594.0
  0
LINE
  5
7B
330
68
100
AcDbEntity
  8
FORM-고양창릉$0$FORM
100
AcDbLine
 10
763.0000000002318
 20
516.0
 30
0.0
 11
818.0000000002319
 21
516.0
 31
0.0
  0
LINE
  5
7C
330
68
100
AcDbEntity
  8
FORM-고양창릉$0$FORM
100
AcDbLine
 10
763.0000000002318
 20
491.0
 30
0.0
 11
818.0000000002319
 21
491.0
 31
0.0
  0
LINE
  5
7D
330
68
100
AcDbEntity
  8
FORM-고양창릉$0$FORM
100
AcDbLine
 10
763.0000000002318
 20
475.9999999999999
 30
0.0
 11
818.0000000002319
 21
475.9999999999999
 31
0.0
  0
LINE
  5
7E
330
68
100
AcDbEntity
  8
FORM-고양창릉$0$FORM
100
AcDbLine
 10
763.0000000002318
 20
466.0000000000001
 30
0.0
 11
818.0000000002319
 21
466.0000000000001
 31
0.0
  0
LINE
  5
7F
330
68
100
AcDbEntity
  8
FORM-고양창릉$0$FORM
100
AcDbLine
 10
763.0000000002318
 20
456.0
 30
0.0
 11
818.0000000002319
 21
456.0
 31
0.0
  0
LINE
  5
80
330
68
100
AcDbEntity
  8
FORM-고양창릉$0$FORM
100
AcDbLine
 10
763.0000000002318
 20
445.9999999999998
 30
0.0
 11
818.0000000002319
 21
445.9999999999998
 31
0.0
  0
LWPOLYLINE
  5
81
102
{ACAD_REACTORS
330
6E
102
}
330
68
100
AcDbEntity
  8
FORM-고양창릉$0$FORM
100
AcDbPolyline
 90
        8
 70
     0
 43
0.0
 10
774.1137580175409
 20
530.765303559601
 10
781.3954980561966
 20
530.765303559601
 10
781.3954980561966
 20
532.9363332223147
 10
775.3703164441967
 20
532.9363332223147
 10
775.3703164441967
 20
542.0404009055346
 10
772.3229604123615
 20
542.0404009055346
 10
772.3229604123615
 20
532.5561011638492
 42
0.4142135623730951
 10
774.1137580175409
 20
530.765303559601
  0
LWPOLYLINE
  5
82
102
{ACAD_REACTORS
330
6F
102
}
330
68
100
AcDbEntity
  8
FORM-고양창릉$0$FORM
100
AcDbPolyline
 90
       13
 70
     1
 43
0.0
 10
782.9900336258568
 20
542.0404009055346
 10
782.9900336258568
 20
530.765303559601
 10
785.9410300443414
 20
530.765303559601
 10
785.9410300443414
 20
536.1413159389049
 42
0.2267938772395813
 10
787.2415154988401
 20
535.4209107700734
 10
790.6325312305697
 20
535.4209107700734
 10
790.6325312305697
 20
530.765303559601
 10
793.5835276490543
 20
530.765303559601
 10
793.5835276490543
 20
542.0404009055346
 10
790.6325312305697
 20
542.0404009055346
 10
790.6325312305697
 20
537.6502734459935
 10
785.9410300443414
 20
537.6502734459935
 10
785.9410300443414
 20
542.0404009055346
  0
LWPOLYLINE
  5
83
102
{ACAD_REACTORS
330
70
102
}
330
68
100
AcDbEntity
  8
FORM-고양창릉$0$FORM
100
AcDbPolyline
 90
       12
 70
     1
 43
0.0
 10
793.5597858682731
 20
549.1086947508156
 42
-0.0719342085045998
 10
792.0889131121794
 20
550.7757686004041
 42
-0.0645146923346542
 10
791.9690068506159
 20
550.9602436441927
 42
0.1171424448211434
 10
790.2140142733697
 20
552.7601386159658
 42
0.1737267861802489
 10
787.6584897872517
 20
553.3448445014653
 42
0.1755266814908097
 10
785.0927458826909
 20
552.1010680813341
 42
0.2042735297301554
 10
784.0140492629716
 20
549.1086947508156
 42
0.2042735297301554
 10
785.0927458826909
 20
546.1163214221596
 42
0.1755266814908097
 10
787.6584897872517
 20
544.8725450020282
 42
0.1737267861802489
 10
790.2140142733697
 20
545.4572508875278
 42
0.1171424448211434
 10
791.9690068506159
 20
547.257145859301
 42
-0.0645146923346542
 10
792.0889131121794
 20
547.441620901227
 42
-0.0719342085045998
  0
LWPOLYLINE
  5
84
102
{ACAD_REACTORS
330
70
102
}
330
68
100
AcDbEntity
  8
FORM-고양창릉$0$FORM
100
AcDbPolyline
 90
       12
 70
     1
 43
0.0
 10
793.6258979274424
 20
549.1086947508156
 42
0.0672969873769622
 10
796.5943879748229
 20
552.4148742333053
 42
0.0061990087135341
 10
796.8010906123081
 20
552.7002378441392
 42
-0.1038575187591503
 10
800.2122913536148
 20
556.3265662323681
 42
-0.1647121175444572
 10
805.379253401653
 20
557.5809942502527
 42
-0.1885380362563507
 10
810.5763863811725
 20
555.0934414099901
 42
-0.1952022379659421
 10
812.6681344483504
 20
549.1086947508156
 42
-0.1952022379659421
 10
810.5763863811725
 20
543.1239480935036
 42
-0.1885380362563507
 10
805.379253401653
 20
540.6363952513784
 42
-0.1647121175444572
 10
800.2122913536148
 20
541.8908232711254
 42
-0.1038575187591503
 10
796.8010906123081
 20
545.5171516593544
 42
0.0061990087135341
 10
796.5943879748229
 20
545.8025152701883
 42
0.0672969873769622
  0
LINE
  5
85
330
68
100
AcDbEntity
  8
FORM-고양창릉$0$FORM
100
AcDbLine
 10
32.00000000023192
 20
114.3333333333139
 30
0.0
 11
35.00000000023192
 21
114.3333333333139
 31
0.0
  0
LINE
  5
86
330
68
100
AcDbEntity
  8
FORM-고양창릉$0$FORM
100
AcDbLine
 10
32.00000000023192
 20
205.666666666657
 30
0.0
 11
35.00000000023192
 21
205.666666666657
 31
0.0
  0
LINE
  5
87
330
68
100
AcDbEntity
  8
FORM-고양창릉$0$FORM
100
AcDbLine
 10
32.00000000023192
 20
297.0
 30
0.0
 11
35.00000000023192
 21
297.0
 31
0.0
  0
LINE
  5
88
330
68
100
AcDbEntity
  8
FORM-고양창릉$0$FORM
100
AcDbLine
 10
32.00000000023192
 20
388.3333333333139
 30
0.0
 11
35.00000000023192
 21
388.3333333333139
 31
0.0
  0
LINE
  5
89
330
68
100
AcDbEntity
  8
FORM-고양창릉$0$FORM
100
AcDbLine
 10
32.00000000023192
 20
479.666666666657
 30
0.0
 11
35.00000000023192
 21
479.666666666657
 31
0.0
  0
LINE
  5
8A
330
68
100
AcDbEntity
  8
FORM-고양창릉$0$FORM
100
AcDbLine
 10
762.0000000002319
 20
114.3333333333139
 30
0.0
 11
759.0000000002319
 21
114.3333333333139
 31
0.0
  0
LINE
  5
8B
330
68
100
AcDbEntity
  8
FORM-고양창릉$0$FORM
100
AcDbLine
 10
762.0000000002319
 20
201.666666666657
 30
0.0
 11
759.0000000002319
 21
201.666666666657
 31
0.0
  0
LINE
  5
8C
330
68
100
AcDbEntity
  8
FORM-고양창릉$0$FORM
100
AcDbLine
 10
762.0000000002319
 20
388.3333333333139
 30
0.0
 11
759.0000000002319
 21
388.3333333333139
 31
0.0
  0
LINE
  5
8D
330
68
100
AcDbEntity
  8
FORM-고양창릉$0$FORM
100
AcDbLine
 10
762.0000000002319
 20
479.666666666657
 30
0.0
 11
759.0000000002319
 21
479.666666666657
 31
0.0
  0
LINE
  5
8E
330
68
100
AcDbEntity
  8
FORM-고양창릉$0$FORM
100
AcDbLine
 10
763.0000000002318
 20
436.0
 30
0.0
 11
818.0000000002319
 21
436.0
 31
0.0
  0
LINE
  5
8F
330
68
100
AcDbEntity
  8
FORM-고양창릉$0$FORM
100
AcDbLine
 10
763.0000000002318
 20
425.9999999999998
 30
0.0
 11
818.0000000002319
 21
425.9999999999998
 31
0.0
  0
LINE
  5
90
330
68
100
AcDbEntity
  8
FORM-고양창릉$0$FORM
100
AcDbLine
 10
763.0000000002318
 20
416.0
 30
0.0
 11
818.0000000002319
 21
416.0
 31
0.0
  0
LINE
  5
91
330
68
100
AcDbEntity
  8
FORM-고양창릉$0$FORM
100
AcDbLine
 10
763.0000000002318
 20
406.0
 30
0.0
 11
818.0000000002319
 21
406.0
 31
0.0
  0
LINE
  5
92
330
68
100
AcDbEntity
  8
FORM-고양창릉$0$FORM
100
AcDbLine
 10
763.0000000002318
 20
396.0
 30
0.0
 11
818.0000000002319
 21
396.0
 31
0.0
  0
LINE
  5
93
330
68
100
AcDbEntity
  8
FORM-고양창릉$0$FORM
100
AcDbLine
 10
763.0000000002318
 20
386.0000000000002
 30
0.0
 11
818.0000000002319
 21
386.0000000000002
 31
0.0
  0
LINE
  5
94
330
68
100
AcDbEntity
  8
FORM-고양창릉$0$FORM
100
AcDbLine
 10
763.0000000002318
 20
326.0
 30
0.0
 11
818.0000000002319
 21
326.0
 31
0.0
  0
LINE
  5
95
330
68
100
AcDbEntity
  8
FORM-고양창릉$0$FORM
100
AcDbLine
 10
763.0000000002318
 20
311.0
 30
0.0
 11
818.0000000002319
 21
311.0
 31
0.0
  0
LINE
  5
96
330
68
100
AcDbEntity
  8
FORM-고양창릉$0$FORM
100
AcDbLine
 10
763.0000000002318
 20
301.0
 30
0.0
 11
818.0000000002319
 21
301.0
 31
0.0
  0
LINE
  5
97
330
68
100
AcDbEntity
  8
FORM-고양창릉$0$FORM
100
AcDbLine
 10
774.0000000002319
 20
311.0
 30
0.0
 11
774.0000000002319
 21
301.0
 31
0.0
  0
LINE
  5
98
330
68
100
AcDbEntity
  8
FORM-고양창릉$0$FORM
100
AcDbLine
 10
774.0000000002319
 20
291.0000000000001
 30
0.0
 11
774.0000000002319
 21
281.0
 31
0.0
  0
LINE
  5
99
330
68
100
AcDbEntity
  8
FORM-고양창릉$0$FORM
100
AcDbLine
 10
774.0000000002319
 20
271.0
 30
0.0
 11
774.0000000002319
 21
261.0
 31
0.0
  0
LINE
  5
9A
330
68
100
AcDbEntity
  8
FORM-고양창릉$0$FORM
100
AcDbLine
 10
785.0000000002319
 20
311.0
 30
0.0
 11
785.0000000002319
 21
301.0
 31
0.0
  0
LINE
  5
9B
330
68
100
AcDbEntity
  8
FORM-고양창릉$0$FORM
100
AcDbLine
 10
785.0000000002319
 20
291.0000000000001
 30
0.0
 11
785.0000000002319
 21
281.0
 31
0.0
  0
LINE
  5
9C
330
68
100
AcDbEntity
  8
FORM-고양창릉$0$FORM
100
AcDbLine
 10
785.0000000002319
 20
271.0
 30
0.0
 11
785.0000000002319
 21
261.0
 31
0.0
  0
LINE
  5
9D
330
68
100
AcDbEntity
  8
FORM-고양창릉$0$FORM
100
AcDbLine
 10
796.0000000002318
 20
311.0
 30
0.0
 11
796.0000000002318
 21
301.0
 31
0.0
  0
LINE
  5
9E
330
68
100
AcDbEntity
  8
FORM-고양창릉$0$FORM
100
AcDbLine
 10
796.0000000002318
 20
291.0000000000001
 30
0.0
 11
796.0000000002318
 21
281.0
 31
0.0
  0
LINE
  5
9F
330
68
100
AcDbEntity
  8
FORM-고양창릉$0$FORM
100
AcDbLine
 10
796.0000000002318
 20
271.0
 30
0.0
 11
796.0000000002318
 21
261.0
 31
0.0
  0
LINE
  5
A0
330
68
100
AcDbEntity
  8
FORM-고양창릉$0$FORM
100
AcDbLine
 10
807.0000000002329
 20
311.0
 30
0.0
 11
807.0000000002329
 21
301.0
 31
0.0
  0
LINE
  5
A1
330
68
100
AcDbEntity
  8
FORM-고양창릉$0$FORM
100
AcDbLine
 10
807.0000000002329
 20
291.0000000000001
 30
0.0
 11
807.0000000002329
 21
281.0
 31
0.0
  0
LINE
  5
A2
330
68
100
AcDbEntity
  8
FORM-고양창릉$0$FORM
100
AcDbLine
 10
807.0000000002329
 20
271.0
 30
0.0
 11
807.0000000002329
 21
261.0
 31
0.0
  0
LINE
  5
A3
330
68
100
AcDbEntity
  8
FORM-고양창릉$0$FORM
100
AcDbLine
 10
763.0000000002318
 20
291.0000000000001
 30
0.0
 11
818.0000000002319
 21
291.0000000000001
 31
0.0
  0
LINE
  5
A4
330
68
100
AcDbEntity
  8
FORM-고양창릉$0$FORM
100
AcDbLine
 10
763.0000000002318
 20
281.0
 30
0.0
 11
818.0000000002319
 21
281.0
 31
0.0
  0
LINE
  5
A5
330
68
100
AcDbEntity
  8
FORM-고양창릉$0$FORM
100
AcDbLine
 10
763.0000000002318
 20
271.0
 30
0.0
 11
818.0000000002319
 21
271.0
 31
0.0
  0
LINE
  5
A6
330
68
100
AcDbEntity
  8
FORM-고양창릉$0$FORM
100
AcDbLine
 10
763.0000000002318
 20
261.0
 30
0.0
 11
818.0000000002319
 21
261.0
 31
0.0
  0
LINE
  5
A7
330
68
100
AcDbEntity
  8
FORM-고양창릉$0$FORM
100
AcDbLine
 10
763.0000000002318
 20
251.0
 30
0.0
 11
818.0000000002319
 21
251.0
 31
0.0
  0
LINE
  5
A8
330
68
100
AcDbEntity
  8
FORM-고양창릉$0$FORM
100
AcDbLine
 10
778.0000000002319
 20
241.0
 30
0.0
 11
818.0000000002319
 21
241.0
 31
0.0
  0
LINE
  5
A9
330
68
100
AcDbEntity
  8
FORM-고양창릉$0$FORM
100
AcDbLine
 10
763.0000000002318
 20
261.0
 30
0.0
 11
818.0000000002319
 21
261.0
 31
0.0
  0
LINE
  5
AA
330
68
100
AcDbEntity
  8
FORM-고양창릉$0$FORM
100
AcDbLine
 10
778.0000000002319
 20
216.0
 30
0.0
 11
818.0000000002319
 21
216.0
 31
0.0
  0
LINE
  5
AB
330
68
100
AcDbEntity
  8
FORM-고양창릉$0$FORM
100
AcDbLine
 10
778.0000000002319
 20
211.0
 30
0.0
 11
818.0000000002319
 21
211.0
 31
0.0
  0
LINE
  5
AC
330
68
100
AcDbEntity
  8
FORM-고양창릉$0$FORM
100
AcDbLine
 10
762.4999987829933
 20
201.0
 30
0.0
 11
818.0000000002319
 21
201.0
 31
0.0
  0
LINE
  5
AD
330
68
100
AcDbEntity
  8
FORM-고양창릉$0$FORM
100
AcDbLine
 10
763.0000000002318
 20
176.0
 30
0.0
 11
818.0000000002319
 21
176.0
 31
0.0
  0
LINE
  5
AE
330
68
100
AcDbEntity
  8
Defpoints
100
AcDbLine
 10
763.0000000002318
 20
33.00000000000001
 30
0.0
 11
818.0000000002319
 21
33.00000000000001
 31
0.0
  0
LINE
  5
AF
330
68
100
AcDbEntity
  8
Defpoints
100
AcDbLine
 10
763.0000000002318
 20
36.0
 30
0.0
 11
818.0000000002319
 21
36.0
 31
0.0
  0
LINE
  5
B0
330
68
100
AcDbEntity
  8
Defpoints
100
AcDbLine
 10
763.0000000002318
 20
39.0
 30
0.0
 11
818.0000000002319
 21
39.0
 31
0.0
  0
LINE
  5
B1
330
68
100
AcDbEntity
  8
FORM-고양창릉$0$FORM
100
AcDbLine
 10
763.0000000002318
 20
53.0
 30
0.0
 11
818.0000000002319
 21
53.0
 31
0.0
  0
LINE
  5
B2
330
68
100
AcDbEntity
  8
Defpoints
100
AcDbLine
 10
763.0000000002318
 20
59.0
 30
0.0
 11
818.0000000002319
 21
59.0
 31
0.0
  0
LINE
  5
B3
330
68
100
AcDbEntity
  8
FORM-고양창릉$0$FORM
100
AcDbLine
 10
763.0000000002318
 20
72.99999999999998
 30
0.0
 11
818.0000000002319
 21
72.99999999999998
 31
0.0
  0
LINE
  5
B4
330
68
100
AcDbEntity
  8
Defpoints
100
AcDbLine
 10
763.0000000002318
 20
79.0
 30
0.0
 11
818.0000000002319
 21
79.0
 31
0.0
  0
LINE
  5
B5
330
68
100
AcDbEntity
  8
FORM-고양창릉$0$FORM
100
AcDbLine
 10
763.0000000002318
 20
93.0
 30
0.0
 11
818.0000000002319
 21
93.0
 31
0.0
  0
LINE
  5
B6
330
68
100
AcDbEntity
  8
Defpoints
100
AcDbLine
 10
763.0000000002318
 20
99.0
 30
0.0
 11
818.0000000002319
 21
99.0
 31
0.0
  0
LINE
  5
B7
330
68
100
AcDbEntity
  8
FORM-고양창릉$0$FORM
100
AcDbLine
 10
763.0000000002318
 20
113.0
 30
0.0
 11
818.0000000002319
 21
113.0
 31
0.0
  0
LINE
  5
B8
330
68
100
AcDbEntity
  8
Defpoints
100
AcDbLine
 10
763.0000000002318
 20
119.0
 30
0.0
 11
818.0000000002319
 21
119.0
 31
0.0
  0
LINE
  5
B9
330
68
100
AcDbEntity
  8
FORM-고양창릉$0$FORM
100
AcDbLine
 10
763.0000000002318
 20
133.0
 30
0.0
 11
818.0000000002319
 21
133.0
 31
0.0
  0
LINE
  5
BA
330
68
100
AcDbEntity
  8
FORM-고양창릉$0$FORM
100
AcDbLine
 10
763.0000000002318
 20
139.0
 30
0.0
 11
818.0000000002319
 21
139.0
 31
0.0
  0
LINE
  5
BB
330
68
100
AcDbEntity
  8
FORM-고양창릉$0$FORM
100
AcDbLine
 10
763.0000000002318
 20
145.0
 30
0.0
 11
818.0000000002319
 21
145.0
 31
0.0
  0
LINE
  5
BC
330
68
100
AcDbEntity
  8
FORM-고양창릉$0$FORM
100
AcDbLine
 10
763.0000000002318
 20
151.0
 30
0.0
 11
818.0000000002319
 21
151.0
 31
0.0
  0
LINE
  5
BD
330
68
100
AcDbEntity
  8
FORM-고양창릉$0$FORM
100
AcDbLine
 10
790.5000000002319
 20
133.0
 30
0.0
 11
790.5000000002319
 21
139.0
 31
0.0
  0
LINE
  5
BE
330
68
100
AcDbEntity
  8
FORM-고양창릉$0$FORM
100
AcDbLine
 10
790.5000000002319
 20
139.0
 30
0.0
 11
790.5000000002319
 21
145.0
 31
0.0
  0
LINE
  5
BF
330
68
100
AcDbEntity
  8
Defpoints
100
AcDbLine
 10
790.5000000002319
 20
142.0
 30
0.0
 11
818.0000000002319
 21
142.0
 31
0.0
  0
LINE
  5
C0
330
68
100
AcDbEntity
  8
Defpoints
100
AcDbLine
 10
790.5000000002319
 20
136.0
 30
0.0
 11
818.0000000002319
 21
136.0
 31
0.0
  0
LINE
  5
C1
330
68
100
AcDbEntity
  8
Defpoints
100
AcDbLine
 10
763.0000000002318
 20
111.5
 30
0.0
 11
818.0000000002319
 21
111.5
 31
0.0
  0
LINE
  5
C2
330
68
100
AcDbEntity
  8
FORM-고양창릉$0$FORM
100
AcDbLine
 10
778.0000000002319
 20
201.0
 30
0.0
 11
778.0000000002319
 21
251.0
 31
0.0
  0
LINE
  5
C3
330
68
100
AcDbEntity
  8
Defpoints
100
AcDbLine
 10
763.0000000002318
 20
514.5
 30
0.0
 11
818.0000000002319
 21
514.5
 31
0.0
  0
LINE
  5
C4
330
68
100
AcDbEntity
  8
Defpoints
100
AcDbLine
 10
763.0000000002318
 20
199.5
 30
0.0
 11
818.0000000002319
 21
199.5
 31
0.0
  0
TEXT
  5
C5
330
68
100
AcDbEntity
  8
FORM-고양창릉$0$FORM
100
AcDbText
 10
765.8879651915047
 20
511.6119902954668
 30
0.0
 40
2.5
  1
설계명
 41
0.8
  7
FORM-고양창릉$0$맑은 고딕
100
AcDbText
  0
TEXT
  5
C7
330
68
100
AcDbEntity
  8
FORM-고양창릉$0$FORM
100
AcDbText
 10
787.7331003036807
 20
511.5233012310928
 30
0.0
 40
2.5
  1
PROJECT TITLE
 41
0.8
  7
FORM-고양창릉$0$맑은 고딕
100
AcDbText
  0
TEXT
  5
C8
330
68
100
AcDbEntity
  8
FORM-고양창릉$0$FORM-TEXT
 62
     7
100
AcDbText
 10
775.611015378305
 20
501.8611608563514
 30
0.0
 40
3.999999999999998
  1
고양창릉 S-3BL
 41
0.8
  7
FORM-고양창릉$0$맑은 고딕
 72
     1
 11
791.0131892913486
 21
503.8611608563513
 31
0.0
100
AcDbText
 73
     2
  0
TEXT
  5
CA
330
68
100
AcDbEntity
  8
FORM-고양창릉$0$FORM-TEXT
 62
     7
100
AcDbText
 10
772.4218849435225
 20
493.9934236924454
 30
0.0
 40
3.999999999999998
  1
공공주택 건설사업
 41
0.8
  7
FORM-고양창릉$0$맑은 고딕
 72
     1
 11
791.0131892913486
 21
495.9934236924453
 31
0.0
100
AcDbText
 73
     2
  0
TEXT
  5
CB
330
68
100
AcDbEntity
  8
FORM-고양창릉$0$FORM
100
AcDbText
 10
765.7876000085369
 20
486.4985969264526
 30
0.0
 40
2.5
  1
주  기
 41
0.8
  7
FORM-고양창릉$0$맑은 고딕
100
AcDbText
  0
TEXT
  5
CC
330
68
100
AcDbEntity
  8
FORM-고양창릉$0$FORM
100
AcDbText
 10
787.77965893899
 20
486.7691619544056
 30
0.0
 40
2.5
  1
NOTE
 41
0.8
  7
FORM-고양창릉$0$맑은 고딕
100
AcDbText
  0
TEXT
  5
CD
330
68
100
AcDbEntity
  8
FORM-고양창릉$0$FORM
100
AcDbText
 10
781.6626836437489
 20
319.7483197802213
 30
0.0
 40
2.5
  1
설  계  변  경
 41
0.8
  7
FORM-고양창릉$0$맑은 고딕
100
AcDbText
  0
TEXT
  5
CE
330
68
100
AcDbEntity
  8
FORM-고양창릉$0$FORM
100
AcDbText
 10
773.4157541810991
 20
314.5236147546675
 30
0.0
 40
2.5
  1
DESCRIPTION OF REVISION
 41
0.8
  7
FORM-고양창릉$0$맑은 고딕
100
AcDbText
  0
TEXT
  5
CF
330
68
100
AcDbEntity
  8
FORM-고양창릉$0$FORM
100
AcDbText
 10
776.5775075092679
 20
304.9995782079641
 30
0.0
 40
2.5
  1
설계
 41
0.8
  7
FORM-고양창릉$0$맑은 고딕
100
AcDbText
  0
TEXT
  5
D0
330
68
100
AcDbEntity
  8
FORM-고양창릉$0$FORM
100
AcDbText
 10
787.8623242502798
 20
304.7979045643006
 30
0.0
 40
2.5
  1
검토
 41
0.8
  7
FORM-고양창릉$0$맑은 고딕
100
AcDbText
  0
TEXT
  5
D1
330
68
100
AcDbEntity
  8
FORM-고양창릉$0$FORM
100
AcDbText
 10
798.6837895171484
 20
304.7382625082974
 30
0.0
 40
2.5
  1
심사
 41
0.8
  7
FORM-고양창릉$0$맑은 고딕
100
AcDbText
  0
TEXT
  5
D2
330
68
100
AcDbEntity
  8
FORM-고양창릉$0$FORM
100
AcDbText
 10
765.5038096694034
 20
304.9995782079641
 30
0.0
 40
2.5
  1
일자
 41
0.8
  7
FORM-고양창릉$0$맑은 고딕
100
AcDbText
  0
TEXT
  5
D3
330
68
100
AcDbEntity
  8
FORM-고양창릉$0$FORM
100
AcDbText
 10
810.2687132678681
 20
304.9995782079641
 30
0.0
 40
2.5
  1
승인
 41
0.8
  7
FORM-고양창릉$0$맑은 고딕
100
AcDbText
  0
TEXT
  5
D4
330
68
100
AcDbEntity
  8
FORM-고양창릉$0$FORM
100
AcDbText
 10
787.8625276440287
 20
48.68465349334293
 30
0.0
 40
2.5
  1
SUBJECT TITLE
 41
0.8
  7
FORM-고양창릉$0$맑은 고딕
100
AcDbText
  0
TEXT
  5
D5
330
68
100
AcDbEntity
  8
FORM-고양창릉$0$FORM
100
AcDbText
 10
765.8105394665608
 20
48.6382218991639
 30
0.0
 40
2.5
  1
도면명
 41
0.8
  7
FORM-고양창릉$0$맑은 고딕
100
AcDbText
  0
TEXT
  5
D6
330
68
100
AcDbEntity
  8
FORM-고양창릉$0$FORM
100
AcDbText
 10
787.8363704497452
 20
68.76381696970202
 30
0.0
 40
2.5
  1
SHEET NO.
 41
0.8
  7
FORM-고양창릉$0$맑은 고딕
100
AcDbText
  0
TEXT
  5
D7
330
68
100
AcDbEntity
  8
FORM-고양창릉$0$FORM
100
AcDbText
 10
765.8150493276762
 20
68.61525471764617
 30
0.0
 40
2.5
  1
도면번호
 41
0.8
  7
FORM-고양창릉$0$맑은 고딕
100
AcDbText
  0
TEXT
  5
D8
330
68
100
AcDbEntity
  8
FORM-고양창릉$0$FORM
100
AcDbText
 10
787.7326436436259
 20
88.75160038389729
 30
0.0
 40
2.5
  1
DWG. FILE NAME
 41
0.8
  7
FORM-고양창릉$0$맑은 고딕
100
AcDbText
  0
TEXT
  5
D9
330
68
100
AcDbEntity
  8
FORM-고양창릉$0$FORM
100
AcDbText
 10
765.9323057171413
 20
88.52534064580686
 30
0.0
 40
2.5
  1
도면화일명
 41
0.8
  7
FORM-고양창릉$0$맑은 고딕
100
AcDbText
  0
TEXT
  5
DA
330
68
100
AcDbEntity
  8
FORM-고양창릉$0$FORM
100
AcDbText
 10
787.7705264769018
 20
108.7213032508734
 30
0.0
 40
2.5
  1
PROJECT NO.
 41
0.8
  7
FORM-고양창릉$0$맑은 고딕
100
AcDbText
  0
TEXT
  5
DB
330
68
100
AcDbEntity
  8
FORM-고양창릉$0$FORM
100
AcDbText
 10
765.8935209114559
 20
108.7545237963786
 30
0.0
 40
2.5
  1
설계번호
 41
0.8
  7
FORM-고양창릉$0$맑은 고딕
100
AcDbText
  0
TEXT
  5
DC
330
68
100
AcDbEntity
  8
FORM-고양창릉$0$FORM-TEXT
100
AcDbText
 10
782.7493200158881
 20
117.4045309684006
 30
0.0
 40
3.0
  1
2026. 05.
  7
FORM-고양창릉$0$맑은 고딕
 72
     1
 11
791.2927982767578
 21
118.9045309684006
 31
0.0
100
AcDbText
 73
     2
  0
TEXT
  5
DD
330
68
100
AcDbEntity
  8
FORM-고양창릉$0$FORM
100
AcDbText
 10
787.7759383104266
 20
128.6743915613042
 30
0.0
 40
2.5
  1
DATE
 41
0.8
  7
FORM-고양창릉$0$맑은 고딕
100
AcDbText
  0
TEXT
  5
DE
330
68
100
AcDbEntity
  8
FORM-고양창릉$0$FORM
100
AcDbText
 10
765.7519112717127
 20
128.5326705973129
 30
0.0
 40
2.5
  1
일  자
 41
0.8
  7
FORM-고양창릉$0$맑은 고딕
100
AcDbText
  0
TEXT
  5
DF
330
68
100
AcDbEntity
  8
FORM-고양창릉$0$FORM
100
AcDbText
 10
774.874883353841
 20
140.5870988182723
 30
0.0
 40
2.5
  1
A1
 41
0.8
  7
FORM-고양창릉$0$맑은 고딕
 72
     1
 11
776.5569485712322
 21
141.8370988182723
 31
0.0
100
AcDbText
 73
     2
  0
TEXT
  5
E0
330
68
100
AcDbEntity
  8
FORM-고양창릉$0$FORM
100
AcDbText
 10
774.874883353841
 20
134.2612964529544
 30
0.0
 40
2.5
  1
A3
 41
0.8
  7
FORM-고양창릉$0$맑은 고딕
 72
     1
 11
776.5569485712322
 21
135.5112964529544
 31
0.0
100
AcDbText
 73
     2
  0
TEXT
  5
E1
330
68
100
AcDbEntity
  8
FORM-고양창릉$0$FORM
100
AcDbText
 10
765.7690487441133
 20
146.5585697593633
 30
0.0
 40
2.5
  1
축  척
 41
0.8
  7
FORM-고양창릉$0$맑은 고딕
100
AcDbText
  0
TEXT
  5
E2
330
68
100
AcDbEntity
  8
FORM-고양창릉$0$FORM
100
AcDbText
 10
787.8480960883888
 20
146.7261898852885
 30
0.0
 40
2.5
  1
SCALE
 41
0.8
  7
FORM-고양창릉$0$맑은 고딕
100
AcDbText
  0
TEXT
  5
E3
330
68
100
AcDbEntity
  8
FORM-고양창릉$0$FORM
100
AcDbText
 10
767.2282608697972
 20
226.0089650691953
 30
0.0
 40
2.5
  1
설 계
 41
0.8
  7
FORM-고양창릉$0$맑은 고딕
 72
     1
 11
770.5000000002319
 21
227.2589650691954
 31
0.0
100
AcDbText
 73
     2
  0
TEXT
  5
E4
330
68
100
AcDbEntity
  8
FORM-고양창릉$0$FORM
100
AcDbText
 10
765.610733695884
 20
222.0089650691953
 30
0.0
 40
2.5
  1
DESIGN
 41
0.8
  7
FORM-고양창릉$0$맑은 고딕
 72
     1
 11
770.5000000002319
 21
223.2589650691954
 31
0.0
100
AcDbText
 73
     2
  0
TEXT
  5
E5
330
68
100
AcDbEntity
  8
FORM-고양창릉$0$FORM
100
AcDbText
 10
779.5987766378083
 20
248.0000001192093
 30
0.0
 40
1.999999999999999
  1
설계사무소명
 41
0.8
  7
FORM-고양창릉$0$맑은 고딕
100
AcDbText
  0
TEXT
  5
E6
330
68
100
AcDbEntity
  8
FORM-고양창릉$0$FORM
100
AcDbText
 10
779.5987766378083
 20
245.2000002302229
 30
0.0
 40
1.999999999999999
  1
DRAWING OFFICE NAME
 41
0.8
  7
FORM-고양창릉$0$맑은 고딕
100
AcDbText
  0
TEXT
  5
E7
330
68
100
AcDbEntity
  8
FORM-고양창릉$0$FORM-TEXT
100
AcDbText
 10
779.9014152123319
 20
242.1182754869223
 30
0.0
 40
1.999999999999999
  1
(주) 나우동인건축사사무소
 41
0.8
  7
FORM-고양창릉$0$맑은 고딕
 72
     1
 11
793.2144586905928
 21
242.1182754869223
 31
0.0
100
AcDbText
  0
TEXT
  5
E8
330
68
100
AcDbEntity
  8
FORM-고양창릉$0$FORM
100
AcDbText
 10
764.8015964206997
 20
195.9518085131713
 30
0.0
 40
1.999999999999999
  1
참여기술자
 41
0.8
  7
FORM-고양창릉$0$맑은 고딕
100
AcDbText
  0
LINE
  5
E9
330
68
100
AcDbEntity
  8
FORM-고양창릉$0$FORM
100
AcDbLine
 10
397.0000000002319
 20
570.9999999999999
 30
0.0
 11
397.0000000002319
 21
567.9999999999998
 31
0.0
  0
LINE
  5
EA
330
68
100
AcDbEntity
  8
FORM-고양창릉$0$FORM
100
AcDbLine
 10
214.5000000002328
 20
570.9999999999999
 30
0.0
 11
214.5000000002328
 21
567.9999999999998
 31
0.0
  0
LINE
  5
EB
330
68
100
AcDbEntity
  8
FORM-고양창릉$0$FORM
100
AcDbLine
 10
123.2500000002328
 20
570.9999999999999
 30
0.0
 11
123.2500000002328
 21
567.9999999999998
 31
0.0
  0
LINE
  5
EC
330
68
100
AcDbEntity
  8
FORM-고양창릉$0$FORM
100
AcDbLine
 10
305.7500000002319
 20
570.9999999999999
 30
0.0
 11
305.7500000002319
 21
567.9999999999998
 31
0.0
  0
LINE
  5
ED
330
68
100
AcDbEntity
  8
FORM-고양창릉$0$FORM
100
AcDbLine
 10
488.2500000002318
 20
570.9999999999999
 30
0.0
 11
488.2500000002318
 21
567.9999999999998
 31
0.0
  0
LINE
  5
EE
330
68
100
AcDbEntity
  8
FORM-고양창릉$0$FORM
100
AcDbLine
 10
579.5000000002318
 20
570.9999999999999
 30
0.0
 11
579.5000000002318
 21
567.9999999999998
 31
0.0
  0
LINE
  5
EF
330
68
100
AcDbEntity
  8
FORM-고양창릉$0$FORM
100
AcDbLine
 10
670.7500000002318
 20
570.9999999999999
 30
0.0
 11
670.7500000002318
 21
567.9999999999998
 31
0.0
  0
LINE
  5
F0
330
68
100
AcDbEntity
  8
FORM-고양창릉$0$FORM
100
AcDbLine
 10
397.0000000002319
 20
23.0
 30
0.0
 11
397.0000000002319
 21
26.0
 31
0.0
  0
LINE
  5
F1
330
68
100
AcDbEntity
  8
FORM-고양창릉$0$FORM
100
AcDbLine
 10
214.5000000002328
 20
23.0
 30
0.0
 11
214.5000000002328
 21
26.0
 31
0.0
  0
LINE
  5
F2
330
68
100
AcDbEntity
  8
FORM-고양창릉$0$FORM
100
AcDbLine
 10
123.2500000002328
 20
23.0
 30
0.0
 11
123.2500000002328
 21
26.0
 31
0.0
  0
LINE
  5
F3
330
68
100
AcDbEntity
  8
FORM-고양창릉$0$FORM
100
AcDbLine
 10
305.7500000002319
 20
23.0
 30
0.0
 11
305.7500000002319
 21
26.0
 31
0.0
  0
LINE
  5
F4
330
68
100
AcDbEntity
  8
FORM-고양창릉$0$FORM
100
AcDbLine
 10
488.2500000002318
 20
23.0
 30
0.0
 11
488.2500000002318
 21
26.0
 31
0.0
  0
LINE
  5
F5
330
68
100
AcDbEntity
  8
FORM-고양창릉$0$FORM
100
AcDbLine
 10
579.5000000002318
 20
23.0
 30
0.0
 11
579.5000000002318
 21
26.0
 31
0.0
  0
LINE
  5
F6
330
68
100
AcDbEntity
  8
FORM-고양창릉$0$FORM
100
AcDbLine
 10
670.7500000002318
 20
23.0
 30
0.0
 11
670.7500000002318
 21
26.0
 31
0.0
  0
LINE
  5
F7
330
68
100
AcDbEntity
  8
Defpoints
100
AcDbLine
 10
763.0000000002318
 20
174.5
 30
0.0
 11
818.0000000002319
 21
174.5
 31
0.0
  0
LINE
  5
F8
330
68
100
AcDbEntity
  8
FORM-고양창릉$0$FORM
100
AcDbLine
 10
759.0000000002319
 20
297.0
 30
0.0
 11
762.0000000002319
 21
297.0
 31
0.0
  0
LINE
  5
F9
330
68
100
AcDbEntity
  8
FORM-고양창릉$0$FORM
100
AcDbLine
 10
763.0000000002318
 20
376.0
 30
0.0
 11
818.0000000002319
 21
376.0
 31
0.0
  0
LINE
  5
FA
330
68
100
AcDbEntity
  8
FORM-고양창릉$0$FORM
100
AcDbLine
 10
763.0000000002318
 20
366.0
 30
0.0
 11
818.0000000002319
 21
366.0
 31
0.0
  0
LINE
  5
FB
330
68
100
AcDbEntity
  8
FORM-고양창릉$0$FORM
100
AcDbLine
 10
763.0000000002318
 20
356.0
 30
0.0
 11
818.0000000002319
 21
356.0
 31
0.0
  0
LINE
  5
FC
330
68
100
AcDbEntity
  8
FORM-고양창릉$0$FORM
100
AcDbLine
 10
763.0000000002318
 20
346.0
 30
0.0
 11
818.0000000002319
 21
346.0
 31
0.0
  0
LINE
  5
FD
330
68
100
AcDbEntity
  8
FORM-고양창릉$0$FORM
100
AcDbLine
 10
763.0000000002318
 20
336.0000000000001
 30
0.0
 11
818.0000000002319
 21
336.0000000000001
 31
0.0
  0
TEXT
  5
FE
330
68
100
AcDbEntity
  8
FORM-고양창릉$0$FORM-TEXT
100
AcDbText
 10
764.3203929191212
 20
191.3381186535698
 30
0.0
 40
1.999999999999999
  1
(주)나우동인건축사사무소
 41
0.8
  7
FORM-고양창릉$0$맑은 고딕
100
AcDbText
  0
TEXT
  5
FF
330
68
100
AcDbEntity
  8
FORM-고양창릉$0$FORM-TEXT
100
AcDbText
 10
764.3203929191212
 20
186.3840300008886
 30
0.0
 40
1.999999999999999
  1
수 석 : 이 석 훈/수 석 : 김 경 열
 41
0.8
  7
FORM-고양창릉$0$맑은 고딕
100
AcDbText
  0
TEXT
  5
100
330
68
100
AcDbEntity
  8
FORM-고양창릉$0$FORM-TEXT
100
AcDbText
 10
764.3203929191212
 20
181.7016233115282
 30
0.0
 40
1.999999999999999
  1
(주) 토문건축사사무소
 41
0.8
  7
FORM-고양창릉$0$맑은 고딕
100
AcDbText
  0
LINE
  5
101
330
68
100
AcDbEntity
  8
FORM-고양창릉$0$FORM
100
AcDbLine
 10
778.0000000002319
 20
226.0
 30
0.0
 11
818.0000000002319
 21
226.0
 31
0.0
  0
TEXT
  5
102
330
68
100
AcDbEntity
  8
FORM-고양창릉$0$FORM-TEXT
100
AcDbText
 10
779.901415212332
 20
237.6061707338086
 30
0.0
 40
1.999999999999999
  1
TEL 02.529.1855   
  7
FORM-고양창릉$0$맑은 고딕
 72
     1
 11
791.4931271688538
 21
237.6061707338086
 31
0.0
100
AcDbText
  0
TEXT
  5
103
330
68
100
AcDbEntity
  8
FORM-고양창릉$0$FORM
100
AcDbText
 10
779.5987766378083
 20
223.0000001192093
 30
0.0
 40
1.999999999999999
  1
설계사무소명
 41
0.8
  7
FORM-고양창릉$0$맑은 고딕
100
AcDbText
  0
TEXT
  5
104
330
68
100
AcDbEntity
  8
FORM-고양창릉$0$FORM
100
AcDbText
 10
779.5987766378083
 20
220.2000002302229
 30
0.0
 40
1.999999999999999
  1
DRAWING OFFICE NAME
 41
0.8
  7
FORM-고양창릉$0$맑은 고딕
100
AcDbText
  0
TEXT
  5
105
330
68
100
AcDbEntity
  8
FORM-고양창릉$0$FORM-TEXT
100
AcDbText
 10
779.901415212332
 20
217.1182754869224
 30
0.0
 40
1.999999999999999
  1
(주) 토문건축사사무소
 41
0.8
  7
FORM-고양창릉$0$맑은 고딕
 72
     1
 11
790.9883717340711
 21
217.1182754869224
 31
0.0
100
AcDbText
  0
TEXT
  5
106
330
68
100
AcDbEntity
  8
FORM-고양창릉$0$FORM-TEXT
100
AcDbText
 10
764.3203929191212
 20
177.451424513245
 30
0.0
 40
1.999999999999999
  1
상 무 : 박 상 현
 41
0.8
  7
FORM-고양창릉$0$맑은 고딕
100
AcDbText
  0
TEXT
  5
107
330
68
100
AcDbEntity
  8
FORM-고양창릉$0$FORM-TEXT
100
AcDbText
 10
779.901415212332
 20
212.6061707338085
 30
0.0
 40
1.999999999999999
  1
TEL 02.515.5001
  7
FORM-고양창릉$0$맑은 고딕
 72
     1
 11
790.0257358645059
 21
212.6061707338085
 31
0.0
100
AcDbText
  0
LINE
  5
108
330
68
100
AcDbEntity
  8
FORM-고양창릉$0$FORM
100
AcDbLine
 10
778.0000000002319
 20
236.0
 30
0.0
 11
818.0000000002319
 21
236.0
 31
0.0
  0
TEXT
  5
109
330
68
100
AcDbEntity
  8
FORM-고양창릉$0$FORM
100
AcDbText
 10
779.5987766378083
 20
233.0121546667069
 30
0.0
 40
1.999999999999999
  1
책임건축(기술)사 ARCHITECT NAME
 41
0.8
  7
FORM-고양창릉$0$맑은 고딕
100
AcDbText
  0
TEXT
  5
10A
330
68
100
AcDbEntity
  8
FORM-고양창릉$0$FORM-TEXT
100
AcDbText
 10
789.6910397296903
 20
227.7339147375948
 30
0.0
 40
3.0
  1
김 수 훤
  7
FORM-고양창릉$0$맑은 고딕
 72
     4
 11
797.4193005992556
 21
229.3388739767252
 31
0.0
100
AcDbText
  0
TEXT
  5
10B
330
68
100
AcDbEntity
  8
FORM-고양창릉$0$FORM
100
AcDbText
 10
779.5987766378083
 20
208.0121546667069
 30
0.0
 40
1.999999999999999
  1
책임건축(기술)사 ARCHITECT NAME
 41
0.8
  7
FORM-고양창릉$0$맑은 고딕
100
AcDbText
  0
TEXT
  5
10C
330
68
100
AcDbEntity
  8
FORM-고양창릉$0$FORM-TEXT
100
AcDbText
 10
789.6910397296903
 20
202.7400288680296
 30
0.0
 40
3.0
  1
박 승 만
  7
FORM-고양창릉$0$맑은 고딕
 72
     4
 11
797.4193005992556
 21
204.3388739767252
 31
0.0
100
AcDbText
  0
ENDBLK
  5
10D
330
68
100
AcDbEntity
  8
0
100
AcDbBlockEnd
  0
ENDSEC
  0
SECTION
  2
ENTITIES
  0
ELLIPSE
  5
155
330
2
100
AcDbEntity
  8
헤드
 62
     6
100
AcDbEllipse
 10
422.1007366570162
 20
-2616.590049959422
 30
0.000000000003812
 11
0.0
 21
0.5940053349809569
 31
0.0
210
0.0
220
0.0
230
1.0
 40
0.9
 41
0.0
 42
6.283185307179585
  0
ELLIPSE
  5
157
330
2
100
AcDbEntity
  8
헤드
 62
     6
100
AcDbEllipse
 10
422.1007366575983
 20
-2616.590605006416
 30
0.0000000000108677
 11
0.0
 21
0.2784375507817458
 31
0.0
210
0.0
220
0.0
230
1.0
 40
0.9000000000000001
 41
1.570796326794896
 42
4.712388980384688
  0
ELLIPSE
  5
158
330
2
100
AcDbEntity
  8
헤드
 62
     6
100
AcDbEllipse
 10
422.1007366575983
 20
-2616.590605006416
 30
0.0000000000108677
 11
0.0
 21
0.2784375507817458
 31
0.0
210
0.0
220
0.0
230
1.0
 40
0.9000000000000001
 41
4.712388980384688
 42
7.853981633974482
  0
LINE
  5
159
330
2
100
AcDbEntity
  8
헤드
100
AcDbLine
 10
422.1007366570162
 20
-2615.996044624445
 30
0.000000000003812
 11
422.1007366570162
 21
-2612.996051719129
 31
0.0000000000027723
1001
AcDbBlockRepETag
1070
     1
1071
       26
1005
0
  0
LINE
  5
15B
330
2
100
AcDbEntity
  8
헤드
100
AcDbLine
 10
422.1007366570162
 20
-2612.996051719129
 30
0.0000000000024801
 11
432.2257366778546
 21
-2612.996051719129
 31
0.0000000000053373
  0
ELLIPSE
  5
15C
330
2
100
AcDbEntity
  8
헤드
 62
     6
100
AcDbEllipse
 10
422.1007366014281
 20
-2631.574702575316
 30
0.000000000003812
 11
0.0
 21
0.5940053349809569
 31
0.0
210
0.0
220
0.0
230
1.0
 40
0.9
 41
0.0
 42
6.283185307179585
  0
ELLIPSE
  5
15D
330
2
100
AcDbEntity
  8
헤드
 62
     6
100
AcDbEllipse
 10
422.1007366020101
 20
-2631.575257622311
 30
0.0000000000108677
 11
0.0
 21
0.2784375507817458
 31
0.0
210
0.0
220
0.0
230
1.0
 40
0.9000000000000001
 41
1.570796326794896
 42
4.712388980384688
  0
ELLIPSE
  5
15E
330
2
100
AcDbEntity
  8
헤드
 62
     6
100
AcDbEllipse
 10
422.1007366020101
 20
-2631.575257622311
 30
0.0000000000108677
 11
0.0
 21
0.2784375507817458
 31
0.0
210
0.0
220
0.0
230
1.0
 40
0.9000000000000001
 41
4.712388980384688
 42
7.853981633974482
  0
LINE
  5
15F
330
2
100
AcDbEntity
  8
헤드
100
AcDbLine
 10
422.1007366014281
 20
-2630.980697240339
 30
0.000000000003812
 11
422.1007366014281
 21
-2627.980704335024
 31
0.0000000000027723
1001
AcDbBlockRepETag
1070
     1
1071
       26
1005
0
  0
LINE
  5
160
330
2
100
AcDbEntity
  8
헤드
100
AcDbLine
 10
422.1007366014281
 20
-2627.980704335024
 30
0.0000000000024801
 11
432.2257366222664
 21
-2627.980704335024
 31
0.0000000000053373
  0
ELLIPSE
  5
161
330
2
100
AcDbEntity
  8
헤드
 62
     6
100
AcDbEllipse
 10
422.1908358166713
 20
-2646.544008027702
 30
0.000000000003812
 11
0.0
 21
0.5940053349809569
 31
0.0
210
0.0
220
0.0
230
1.0
 40
0.9
 41
0.0
 42
6.283185307179585
  0
ELLIPSE
  5
162
330
2
100
AcDbEntity
  8
헤드
 62
     6
100
AcDbEllipse
 10
422.1908358172533
 20
-2646.544563074695
 30
0.0000000000108677
 11
0.0
 21
0.2784375507817458
 31
0.0
210
0.0
220
0.0
230
1.0
 40
0.9000000000000001
 41
1.570796326794896
 42
4.712388980384688
  0
ELLIPSE
  5
163
330
2
100
AcDbEntity
  8
헤드
 62
     6
100
AcDbEllipse
 10
422.1908358172533
 20
-2646.544563074695
 30
0.0000000000108677
 11
0.0
 21
0.2784375507817458
 31
0.0
210
0.0
220
0.0
230
1.0
 40
0.9000000000000001
 41
4.712388980384688
 42
7.853981633974482
  0
LINE
  5
164
330
2
100
AcDbEntity
  8
헤드
100
AcDbLine
 10
422.1908358166713
 20
-2645.950002692723
 30
0.000000000003812
 11
422.1908358166713
 21
-2642.950009787409
 31
0.0000000000027723
1001
AcDbBlockRepETag
1070
     1
1071
       26
1005
0
  0
LINE
  5
165
330
2
100
AcDbEntity
  8
헤드
100
AcDbLine
 10
422.1908358166713
 20
-2642.950009787409
 30
0.0000000000024801
 11
432.3158358375096
 21
-2642.950009787409
 31
0.0000000000053373
  0
ELLIPSE
  5
166
330
2
100
AcDbEntity
  8
헤드
 62
     6
100
AcDbEllipse
 10
422.100736542777
 20
-2661.574702579719
 30
0.000000000003812
 11
0.0
 21
0.5940053349809569
 31
0.0
210
0.0
220
0.0
230
1.0
 40
0.9
 41
0.0
 42
6.283185307179585
  0
ELLIPSE
  5
167
330
2
100
AcDbEntity
  8
헤드
 62
     6
100
AcDbEllipse
 10
422.1007365433592
 20
-2661.575257626712
 30
0.0000000000108677
 11
0.0
 21
0.2784375507817458
 31
0.0
210
0.0
220
0.0
230
1.0
 40
0.9000000000000001
 41
1.570796326794896
 42
4.712388980384688
  0
ELLIPSE
  5
168
330
2
100
AcDbEntity
  8
헤드
 62
     6
100
AcDbEllipse
 10
422.1007365433592
 20
-2661.575257626712
 30
0.0000000000108677
 11
0.0
 21
0.2784375507817458
 31
0.0
210
0.0
220
0.0
230
1.0
 40
0.9000000000000001
 41
4.712388980384688
 42
7.853981633974482
  0
LINE
  5
169
330
2
100
AcDbEntity
  8
헤드
100
AcDbLine
 10
422.100736542777
 20
-2660.980697244742
 30
0.000000000003812
 11
422.100736542777
 21
-2657.980704339426
 31
0.0000000000027723
1001
AcDbBlockRepETag
1070
     1
1071
       26
1005
0
  0
ELLIPSE
  5
16A
330
2
100
AcDbEntity
  8
헤드
 62
     6
100
AcDbEllipse
 10
422.1007397478327
 20
-2676.559355195613
 30
0.000000000003812
 11
0.0
 21
0.5940053349809569
 31
0.0
210
0.0
220
0.0
230
1.0
 40
0.9
 41
0.0
 42
6.283185307179585
  0
ELLIPSE
  5
16B
330
2
100
AcDbEntity
  8
헤드
 62
     6
100
AcDbEllipse
 10
422.1007397484147
 20
-2676.559910242608
 30
0.0000000000108677
 11
0.0
 21
0.2784375507817458
 31
0.0
210
0.0
220
0.0
230
1.0
 40
0.9000000000000001
 41
1.570796326794896
 42
4.712388980384688
  0
ELLIPSE
  5
16C
330
2
100
AcDbEntity
  8
헤드
 62
     6
100
AcDbEllipse
 10
422.1007397484147
 20
-2676.559910242608
 30
0.0000000000108677
 11
0.0
 21
0.2784375507817458
 31
0.0
210
0.0
220
0.0
230
1.0
 40
0.9000000000000001
 41
4.712388980384688
 42
7.853981633974482
  0
LINE
  5
16D
330
2
100
AcDbEntity
  8
헤드
100
AcDbLine
 10
422.1007397478327
 20
-2675.965349860636
 30
0.000000000003812
 11
422.1007397478327
 21
-2672.96535695532
 31
0.0000000000027723
1001
AcDbBlockRepETag
1070
     1
1071
       26
1005
0
  0
ELLIPSE
  5
16E
330
2
100
AcDbEntity
  8
헤드
 62
     6
100
AcDbEllipse
 10
434.2321558017856
 20
-2691.559355928855
 30
0.0000000000047896
 11
0.0
 21
0.5940053349809569
 31
0.0
210
0.0
220
0.0
230
1.0
 40
0.9
 41
0.0
 42
6.283185307179585
  0
ELLIPSE
  5
16F
330
2
100
AcDbEntity
  8
헤드
 62
     6
100
AcDbEllipse
 10
434.2321558023096
 20
-2691.559910975835
 30
0.0000000000115026
 11
0.0
 21
0.2784375507817458
 31
0.0
210
0.0
220
0.0
230
1.0
 40
0.9000000000000001
 41
1.570796326794896
 42
4.712388980384688
  0
ELLIPSE
  5
170
330
2
100
AcDbEntity
  8
헤드
 62
     6
100
AcDbEllipse
 10
434.2321558023096
 20
-2691.559910975835
 30
0.0000000000115026
 11
0.0
 21
0.2784375507817458
 31
0.0
210
0.0
220
0.0
230
1.0
 40
0.9000000000000001
 41
4.712388980384688
 42
7.853981633974482
  0
LINE
  5
171
330
2
100
AcDbEntity
  8
헤드
100
AcDbLine
 10
434.2321558017856
 20
-2690.965350593863
 30
0.0000000000047896
 11
434.2321558017856
 21
-2687.965357688519
 31
0.00000000000375
1001
AcDbBlockRepETag
1070
     1
1071
       26
1005
0
  0
ELLIPSE
  5
172
330
2
100
AcDbEntity
  8
헤드
 62
     6
100
AcDbEllipse
 10
427.4821558000395
 20
-2691.559355928812
 30
0.000000000003812
 11
0.0
 21
0.5940053349809569
 31
0.0
210
0.0
220
0.0
230
1.0
 40
0.9
 41
0.0
 42
6.283185307179585
  0
ELLIPSE
  5
173
330
2
100
AcDbEntity
  8
헤드
 62
     6
100
AcDbEllipse
 10
427.4821558006216
 20
-2691.559910975806
 30
0.0000000000108677
 11
0.0
 21
0.2784375507817458
 31
0.0
210
0.0
220
0.0
230
1.0
 40
0.9000000000000001
 41
1.570796326794896
 42
4.712388980384688
  0
ELLIPSE
  5
174
330
2
100
AcDbEntity
  8
헤드
 62
     6
100
AcDbEllipse
 10
427.4821558006216
 20
-2691.559910975806
 30
0.0000000000108677
 11
0.0
 21
0.2784375507817458
 31
0.0
210
0.0
220
0.0
230
1.0
 40
0.9000000000000001
 41
4.712388980384688
 42
7.853981633974482
  0
LINE
  5
175
330
2
100
AcDbEntity
  8
헤드
100
AcDbLine
 10
427.4821558000395
 20
-2690.965350593835
 30
0.000000000003812
 11
427.4821558000395
 21
-2687.965357688519
 31
0.0000000000027723
1001
AcDbBlockRepETag
1070
     1
1071
       26
1005
0
  0
ELLIPSE
  5
176
330
2
100
AcDbEntity
  8
헤드
 62
     6
100
AcDbEllipse
 10
431.9821558012035
 20
-2691.559355928855
 30
0.0000000000047896
 11
0.0
 21
0.5940053349809569
 31
0.0
210
0.0
220
0.0
230
1.0
 40
0.9
 41
0.0
 42
6.283185307179585
  0
ELLIPSE
  5
177
330
2
100
AcDbEntity
  8
헤드
 62
     6
100
AcDbEllipse
 10
431.9821558017276
 20
-2691.559910975835
 30
0.0000000000115026
 11
0.0
 21
0.2784375507817458
 31
0.0
210
0.0
220
0.0
230
1.0
 40
0.9000000000000001
 41
1.570796326794896
 42
4.712388980384688
  0
ELLIPSE
  5
178
330
2
100
AcDbEntity
  8
헤드
 62
     6
100
AcDbEllipse
 10
431.9821558017276
 20
-2691.559910975835
 30
0.0000000000115026
 11
0.0
 21
0.2784375507817458
 31
0.0
210
0.0
220
0.0
230
1.0
 40
0.9000000000000001
 41
4.712388980384688
 42
7.853981633974482
  0
ELLIPSE
  5
179
330
2
100
AcDbEntity
  8
헤드
 62
     6
100
AcDbEllipse
 10
429.7321558006216
 20
-2691.559355928812
 30
0.0000000000044469
 11
0.0
 21
0.5940053349809569
 31
0.0
210
0.0
220
0.0
230
1.0
 40
0.9
 41
0.0
 42
6.283185307179585
  0
ELLIPSE
  5
17A
330
2
100
AcDbEntity
  8
헤드
 62
     6
100
AcDbEllipse
 10
429.7321558012035
 20
-2691.559910975806
 30
0.0000000000115026
 11
0.0
 21
0.2784375507817458
 31
0.0
210
0.0
220
0.0
230
1.0
 40
0.9000000000000001
 41
1.570796326794896
 42
4.712388980384688
  0
ELLIPSE
  5
17B
330
2
100
AcDbEntity
  8
헤드
 62
     6
100
AcDbEllipse
 10
429.7321558012035
 20
-2691.559910975806
 30
0.0000000000115026
 11
0.0
 21
0.2784375507817458
 31
0.0
210
0.0
220
0.0
230
1.0
 40
0.9000000000000001
 41
4.712388980384688
 42
7.853981633974482
  0
LINE
  5
17C
330
2
100
AcDbEntity
  8
헤드
100
AcDbLine
 10
431.9821558012035
 20
-2690.965350593863
 30
0.0000000000047896
 11
431.9821558012035
 21
-2687.965357688519
 31
0.00000000000375
1001
AcDbBlockRepETag
1070
     1
1071
       26
1005
0
  0
LINE
  5
17D
330
2
100
AcDbEntity
  8
헤드
100
AcDbLine
 10
429.7321558006216
 20
-2690.965350593835
 30
0.0000000000044469
 11
429.7321558006216
 21
-2687.965357688519
 31
0.0000000000034072
1001
AcDbBlockRepETag
1070
     1
1071
       26
1005
0
  0
ELLIPSE
  5
17E
330
2
100
AcDbEntity
  8
헤드
 62
     6
100
AcDbEllipse
 10
418.4821557977111
 20
-2691.559355928812
 30
0.0000000000034692
 11
0.0
 21
0.5940053349809569
 31
0.0
210
0.0
220
0.0
230
1.0
 40
0.9
 41
0.0
 42
6.283185307179585
  0
ELLIPSE
  5
17F
330
2
100
AcDbEntity
  8
헤드
 62
     6
100
AcDbEllipse
 10
418.4821557982933
 20
-2691.559910975806
 30
0.000000000010525
 11
0.0
 21
0.2784375507817458
 31
0.0
210
0.0
220
0.0
230
1.0
 40
0.9000000000000001
 41
1.570796326794896
 42
4.712388980384688
  0
ELLIPSE
  5
180
330
2
100
AcDbEntity
  8
헤드
 62
     6
100
AcDbEllipse
 10
418.4821557982933
 20
-2691.559910975806
 30
0.000000000010525
 11
0.0
 21
0.2784375507817458
 31
0.0
210
0.0
220
0.0
230
1.0
 40
0.9000000000000001
 41
4.712388980384688
 42
7.853981633974482
  0
LINE
  5
181
330
2
100
AcDbEntity
  8
헤드
100
AcDbLine
 10
418.4821557977111
 20
-2690.965350593835
 30
0.0000000000034692
 11
418.4821557977111
 21
-2687.965357688519
 31
0.0000000000024296
1001
AcDbBlockRepETag
1070
     1
1071
       26
1005
0
  0
ELLIPSE
  5
182
330
2
100
AcDbEntity
  8
헤드
 62
     6
100
AcDbEllipse
 10
420.7321557982933
 20
-2691.559355928812
 30
0.000000000003812
 11
0.0
 21
0.5940053349809569
 31
0.0
210
0.0
220
0.0
230
1.0
 40
0.9
 41
0.0
 42
6.283185307179585
  0
ELLIPSE
  5
183
330
2
100
AcDbEntity
  8
헤드
 62
     6
100
AcDbEllipse
 10
420.7321557988753
 20
-2691.559910975806
 30
0.0000000000108677
 11
0.0
 21
0.2784375507817458
 31
0.0
210
0.0
220
0.0
230
1.0
 40
0.9000000000000001
 41
1.570796326794896
 42
4.712388980384688
  0
ELLIPSE
  5
184
330
2
100
AcDbEntity
  8
헤드
 62
     6
100
AcDbEllipse
 10
420.7321557988753
 20
-2691.559910975806
 30
0.0000000000108677
 11
0.0
 21
0.2784375507817458
 31
0.0
210
0.0
220
0.0
230
1.0
 40
0.9000000000000001
 41
4.712388980384688
 42
7.853981633974482
  0
LINE
  5
185
330
2
100
AcDbEntity
  8
헤드
100
AcDbLine
 10
420.7321557982933
 20
-2690.965350593835
 30
0.000000000003812
 11
420.7321557982933
 21
-2687.965357688519
 31
0.0000000000027723
1001
AcDbBlockRepETag
1070
     1
1071
       26
1005
0
  0
TEXT
  5
199
330
2
100
AcDbEntity
  8
TEXT
  6
Continuous
100
AcDbText
 10
407.9147095862613
 20
-2718.261781725443
 30
0.0
 40
2.999999882154881
  1
"C"
  7
1
 72
     2
 11
414.3950349762079
 21
-2716.761781784367
 31
0.0
100
AcDbText
 73
     2
  0
INSERT
  5
19B
330
2
100
AcDbEntity
  8
PIPE
100
AcDbBlockReference
  2
SF30T
 10
410.7959683659959
 20
-2731.799180448536
 30
0.0
 41
-0.8025
 42
0.8025
 43
0.8025
 50
270.0011414591785
1001
PIP
1000

1070
     0
1040
0.0
1001
PC
1000

1005
0
1005
0
1005
0
  0
CIRCLE
  5
1AE
330
2
100
AcDbEntity
  8
1
  6
HID
100
AcDbCircle
 10
404.5818433090563
 20
-2722.220078312775
 30
-0.0000000000009463
 40
6.019920627274757
  0
LINE
  5
1B1
330
2
100
AcDbEntity
  8
SYM
100
AcDbLine
 10
404.093561232796
 20
-2721.135397210348
 30
0.0
 11
404.093561232796
 21
-2723.341032348459
 31
0.0
  0
LINE
  5
1B3
330
2
100
AcDbEntity
  8
SYM
100
AcDbLine
 10
403.2226899832653
 20
-2721.135397210348
 30
0.0
 11
403.2226899832653
 21
-2723.341032348459
 31
0.0
  0
LINE
  5
1B4
330
2
100
AcDbEntity
  8
PIPE
100
AcDbLine
 10
410.7959683659959
 20
-2722.238214779404
 30
0.0
 11
410.7959683659959
 21
-2731.799180448536
 31
0.0
  0
LINE
  5
1B5
330
2
100
AcDbEntity
  8
PIPE
100
AcDbLine
 10
400.5628476572104
 20
-2722.238214779404
 30
0.0
 11
410.7959683659959
 21
-2722.238214779404
 31
0.0
  0
LINE
  5
1B6
330
2
100
AcDbEntity
  8
PIPE
100
AcDbLine
 10
396.5628476572104
 20
-2722.238214779404
 30
0.0
 11
398.5628476572104
 21
-2722.238214779404
 31
0.0
  0
TEXT
  5
1B7
330
2
100
AcDbEntity
  8
관경
 62
     3
100
AcDbText
 10
375.6467011179545
 20
-2711.935388069561
 30
0.0000000000113323
 40
3.0
  1
100
 41
0.8
  7
돋움
 72
     1
 11
378.5628476579816
 21
-2708.935388069561
 31
0.0000000000113323
100
AcDbText
 73
     3
  0
TEXT
  5
1B9
330
2
100
AcDbEntity
  8
관경
 62
     3
100
AcDbText
 10
372.0519928411567
 20
-2706.002054734738
 30
0.0000000000113323
 40
3.0
  1
H&SP(저)
 41
0.7
  7
돋움
 72
     1
 11
378.5628476579816
 21
-2706.002054734738
 31
0.0000000000113323
100
AcDbText
  0
LINE
  5
1BA
330
2
100
AcDbEntity
  8
관경
 62
     1
100
AcDbLine
 10
378.5628476579816
 20
-2706.002054734738
 30
0.0000000000113323
 11
378.5628476579816
 21
-2708.935388069561
 31
0.0000000000113323
  0
TEXT
  5
1BB
330
2
100
AcDbEntity
  8
관경
 62
     3
100
AcDbText
 10
388.6187499638353
 20
-2711.935388069462
 30
0.0000000000061621
 40
3.0
  1
50
 41
0.8
  7
돋움
 72
     1
 11
390.5628476571866
 21
-2708.935388069462
 31
0.0000000000061621
100
AcDbText
 73
     3
  0
TEXT
  5
1BC
330
2
100
AcDbEntity
  8
관경
 62
     3
100
AcDbText
 10
387.6365247263861
 20
-2706.002054734738
 30
0.0000000000061621
 40
3.0
  1
SPD
 41
0.7
  7
돋움
 72
     1
 11
390.5628476571866
 21
-2706.002054734738
 31
0.0000000000061621
100
AcDbText
  0
LINE
  5
1BD
330
2
100
AcDbEntity
  8
관경
 62
     1
100
AcDbLine
 10
390.5628476571866
 20
-2706.002054734738
 30
0.0000000000061621
 11
390.5628476571866
 21
-2708.935388069462
 31
0.0000000000061621
  0
LINE
  5
1BE
330
2
100
AcDbEntity
  8
관경
 62
     1
100
AcDbLine
 10
399.5628476572131
 20
-2707.468721402134
 30
0.0000000000013929
 11
378.5628476579816
 21
-2707.468721402217
 31
0.0000000000102067
  0
LWPOLYLINE
  5
1BF
330
2
100
AcDbEntity
  8
관경
 62
     1
100
AcDbPolyline
 90
        2
 70
     1
 43
0.3093749878472221
 10
399.5628476572104
 20
-2707.310908917931
 42
-1.0
 10
399.5628476572104
 20
-2707.626533905534
 42
-1.0
  0
LWPOLYLINE
  5
1C0
330
2
100
AcDbEntity
  8
관경
 62
     1
100
AcDbPolyline
 90
        2
 70
     1
 43
0.3093749878472221
 10
396.5628476572259
 20
-2707.310908927541
 42
-1.0
 10
396.5628476572259
 20
-2707.626533915143
 42
-1.0
  0
LWPOLYLINE
  5
280
330
2
100
AcDbEntity
  8
지시선
100
AcDbPolyline
 90
        4
 70
     0
 10
390.4918921643855
 20
-2727.658478940348
 40
0.0
 41
1.0
 10
391.9918921643855
 20
-2725.060402728995
 40
0.0
 41
0.0
 10
399.296210775519
 20
-2709.53608882173
 40
0.0
 41
0.0
 10
412.1765681871271
 20
-2709.53608882173
 40
0.0
 41
0.0
  0
TEXT
  5
281
330
2
100
AcDbEntity
  8
TEXT
  6
Continuous
100
AcDbText
 10
412.1765681871272
 20
-2711.03608882173
 30
-0.0000000000049545
 40
3.0
  1
"A"상세참조
  7
1
 72
     2
 11
435.1060118777649
 21
-2709.53608882173
 31
-0.0000000000049545
100
AcDbText
 73
     2
  0
LWPOLYLINE
  5
282
330
2
100
AcDbEntity
  8
지시선
100
AcDbPolyline
 90
        4
 70
     0
 10
396.1839747106017
 20
-2606.653079596224
 40
0.0
 41
1.0
 10
394.6839747106017
 20
-2604.05500338487
 40
0.0
 41
0.0
 10
389.8212124372797
 20
-2592.759589104239
 40
0.0
 41
0.0
 10
382.058527482067
 20
-2592.759589104239
 40
0.0
 41
0.0
  0
LWPOLYLINE
  5
283
330
2
100
AcDbEntity
  8
지시선
100
AcDbPolyline
 90
        4
 70
     0
 10
403.7432035048088
 20
-2606.333366179342
 40
0.0
 41
1.0
 10
402.2432035048088
 20
-2603.735289967989
 40
0.0
 41
0.0
 10
394.9388848936753
 20
-2588.210976060725
 40
0.0
 41
0.0
 10
382.058527482067
 20
-2588.210976060725
 40
0.0
 41
0.0
  0
CIRCLE
  5
284
330
2
100
AcDbEntity
  8
DIM
  6
HID
 62
     1
100
AcDbCircle
 10
403.7432035048088
 20
-2616.602419439406
 30
0.0000000000003293
 40
10.26905326006352
  0
TEXT
  5
285
330
2
100
AcDbEntity
  8
TEXT
  6
Continuous
100
AcDbText
 10
359.0761665594076
 20
-2589.710976060725
 30
0.0000000000008603
 40
3.0
  1
"B"상세참조
  7
1
 72
     2
 11
382.058527482067
 21
-2588.210976060725
 31
0.0000000000008603
100
AcDbText
 73
     2
  0
TEXT
  5
286
330
2
100
AcDbEntity
  8
TEXT
  6
Continuous
100
AcDbText
 10
434.6232370033468
 20
-2585.259589102211
 30
0.0000000000025239
 40
3.0
  1
Ø80 개폐표시형밸브
  7
1
 11
434.6232370033468
 21
-2583.759589102211
 31
0.0000000000025239
100
AcDbText
 73
     2
  0
TEXT
  5
287
330
2
100
AcDbEntity
  8
TEXT
  6
Continuous
100
AcDbText
 10
434.6232370033468
 20
-2589.259589102211
 30
0.0000000000025239
 40
3.0
  1
(템퍼스위치 부착)
  7
1
 11
434.6232370033468
 21
-2587.759589102211
 31
0.0000000000025239
100
AcDbText
 73
     2
  0
LWPOLYLINE
  5
288
330
2
100
AcDbEntity
  8
지시선
100
AcDbPolyline
 90
        4
 70
     0
 10
403.9799883886018
 20
-2621.716934974835
 40
0.0
 41
1.0
 10
405.4799883886018
 20
-2619.118858763481
 40
0.0
 41
0.0
 10
425.3783403915115
 20
-2584.653902107544
 40
0.0
 41
0.0
 10
434.6302974041392
 20
-2584.653902107544
 40
0.0
 41
0.0
  0
TEXT
  5
289
330
2
100
AcDbEntity
  8
TEXT
  6
Continuous
100
AcDbText
 10
359.6419738864089
 20
-2594.259589104239
 30
0.0000000000008603
 40
3.0
  1
Ø80 W.H.C
  7
1
 72
     2
 11
382.058527482067
 21
-2592.759589104239
 31
0.0000000000008603
100
AcDbText
 73
     2
  0
TEXT
  5
28A
330
2
100
AcDbEntity
  8
TEXT
  6
Continuous
100
AcDbText
 10
434.6232370033468
 20
-2594.259589102211
 30
0.0000000000025239
 40
3.0
  1
Ø80 알람밸브
  7
1
 11
434.6232370033468
 21
-2592.759589102211
 31
0.0000000000025239
100
AcDbText
 73
     2
  0
LWPOLYLINE
  5
28B
330
2
100
AcDbEntity
  8
지시선
100
AcDbPolyline
 90
        4
 70
     0
 10
417.2546306691011
 20
-2618.405528975587
 40
0.0
 41
1.0
 10
418.7546306691011
 20
-2615.807452764234
 40
0.0
 41
0.0
 10
432.0613209574476
 20
-2592.759589104239
 40
0.0
 41
0.0
 10
434.6302974041392
 20
-2592.759589104239
 40
0.0
 41
0.0
  0
INSERT
  5
2C4
330
2
100
AcDbEntity
  8
0
  6
ByBlock
347
2D
 62
     0
440
 16777216
370
    -2
380
     1
100
AcDbBlockReference
  2
*U35
 10
383.0810291945354
 20
-2620.333219432449
 30
0.0
  0
INSERT
  5
2D2
330
2
100
AcDbEntity
  8
0
  6
ByBlock
347
2D
 62
     0
440
 16777216
370
    -2
380
     1
100
AcDbBlockReference
  2
*U35
 10
383.0810291945354
 20
-2665.333219381328
 30
0.0
  0
LINE
  5
2D3
330
2
100
AcDbEntity
  8
헤드
100
AcDbLine
 10
432.2257366778546
 20
-2611.99604879824
 30
0.0000000000012699
 11
432.2257366778546
 21
-2612.996051719129
 31
0.0000000000012699
  0
ELLIPSE
  5
2D4
330
2
100
AcDbEntity
  8
헤드
 62
     6
100
AcDbEllipse
 10
431.1007366593447
 20
-2616.590049959466
 30
0.0000000000060595
 11
0.0
 21
0.5940053349809569
 31
0.0
210
0.0
220
0.0
230
1.0
 40
0.9
 41
0.0
 42
6.283185307179585
  0
ELLIPSE
  5
2D5
330
2
100
AcDbEntity
  8
헤드
 62
     6
100
AcDbEllipse
 10
431.1007366598684
 20
-2616.590605006445
 30
0.0000000000127725
 11
0.0
 21
0.2784375507817458
 31
0.0
210
0.0
220
0.0
230
1.0
 40
0.9000000000000001
 41
1.570796326794896
 42
4.712388980384688
  0
ELLIPSE
  5
2D6
330
2
100
AcDbEntity
  8
헤드
 62
     6
100
AcDbEllipse
 10
431.1007366598684
 20
-2616.590605006445
 30
0.0000000000127725
 11
0.0
 21
0.2784375507817458
 31
0.0
210
0.0
220
0.0
230
1.0
 40
0.9000000000000001
 41
4.712388980384688
 42
7.853981633974482
  0
LINE
  5
2D7
330
2
100
AcDbEntity
  8
헤드
100
AcDbLine
 10
431.1007366593447
 20
-2615.996044624474
 30
0.0000000000060595
 11
431.1007366593447
 21
-2612.996051719129
 31
0.0000000000050199
1001
AcDbBlockRepETag
1070
     1
1071
       26
1005
0
  0
ELLIPSE
  5
2D8
330
2
100
AcDbEntity
  8
헤드
 62
     6
100
AcDbEllipse
 10
428.8507366587626
 20
-2616.590049959466
 30
0.0000000000054246
 11
0.0
 21
0.5940053349809569
 31
0.0
210
0.0
220
0.0
230
1.0
 40
0.9
 41
0.0
 42
6.283185307179585
  0
ELLIPSE
  5
2D9
330
2
100
AcDbEntity
  8
헤드
 62
     6
100
AcDbEllipse
 10
428.8507366592865
 20
-2616.590605006445
 30
0.0000000000121376
 11
0.0
 21
0.2784375507817458
 31
0.0
210
0.0
220
0.0
230
1.0
 40
0.9000000000000001
 41
1.570796326794896
 42
4.712388980384688
  0
ELLIPSE
  5
2DA
330
2
100
AcDbEntity
  8
헤드
 62
     6
100
AcDbEllipse
 10
428.8507366592865
 20
-2616.590605006445
 30
0.0000000000121376
 11
0.0
 21
0.2784375507817458
 31
0.0
210
0.0
220
0.0
230
1.0
 40
0.9000000000000001
 41
4.712388980384688
 42
7.853981633974482
  0
LINE
  5
2DB
330
2
100
AcDbEntity
  8
헤드
100
AcDbLine
 10
428.8507366587626
 20
-2615.996044624474
 30
0.0000000000054246
 11
428.8507366587626
 21
-2612.996051719129
 31
0.0000000000043849
1001
AcDbBlockRepETag
1070
     1
1071
       26
1005
0
  0
LINE
  5
2DC
330
2
100
AcDbEntity
  8
헤드
100
AcDbLine
 10
424.3507366575983
 20
-2612.996051719129
 30
0.0000000000031151
 11
432.2257366778546
 21
-2612.996051719129
 31
0.0000000000053373
  0
ELLIPSE
  5
2DD
330
2
100
AcDbEntity
  8
헤드
 62
     6
100
AcDbEllipse
 10
426.6007366581804
 20
-2616.590049959466
 30
0.0000000000047896
 11
0.0
 21
0.5940053349809569
 31
0.0
210
0.0
220
0.0
230
1.0
 40
0.9
 41
0.0
 42
6.283185307179585
  0
ELLIPSE
  5
2DE
330
2
100
AcDbEntity
  8
헤드
 62
     6
100
AcDbEllipse
 10
426.6007366587043
 20
-2616.590605006445
 30
0.0000000000115026
 11
0.0
 21
0.2784375507817458
 31
0.0
210
0.0
220
0.0
230
1.0
 40
0.9000000000000001
 41
1.570796326794896
 42
4.712388980384688
  0
ELLIPSE
  5
2DF
330
2
100
AcDbEntity
  8
헤드
 62
     6
100
AcDbEllipse
 10
426.6007366587043
 20
-2616.590605006445
 30
0.0000000000115026
 11
0.0
 21
0.2784375507817458
 31
0.0
210
0.0
220
0.0
230
1.0
 40
0.9000000000000001
 41
4.712388980384688
 42
7.853981633974482
  0
ELLIPSE
  5
2E0
330
2
100
AcDbEntity
  8
헤드
 62
     6
100
AcDbEllipse
 10
424.3507366575983
 20
-2616.590049959422
 30
0.0000000000044469
 11
0.0
 21
0.5940053349809569
 31
0.0
210
0.0
220
0.0
230
1.0
 40
0.9
 41
0.0
 42
6.283185307179585
  0
ELLIPSE
  5
2E1
330
2
100
AcDbEntity
  8
헤드
 62
     6
100
AcDbEllipse
 10
424.3507366581804
 20
-2616.590605006416
 30
0.0000000000115026
 11
0.0
 21
0.2784375507817458
 31
0.0
210
0.0
220
0.0
230
1.0
 40
0.9000000000000001
 41
1.570796326794896
 42
4.712388980384688
  0
ELLIPSE
  5
2E2
330
2
100
AcDbEntity
  8
헤드
 62
     6
100
AcDbEllipse
 10
424.3507366581804
 20
-2616.590605006416
 30
0.0000000000115026
 11
0.0
 21
0.2784375507817458
 31
0.0
210
0.0
220
0.0
230
1.0
 40
0.9000000000000001
 41
4.712388980384688
 42
7.853981633974482
  0
LINE
  5
2E3
330
2
100
AcDbEntity
  8
헤드
100
AcDbLine
 10
426.6007366581804
 20
-2615.996044624474
 30
0.0000000000047896
 11
426.6007366581804
 21
-2612.996051719129
 31
0.00000000000375
1001
AcDbBlockRepETag
1070
     1
1071
       26
1005
0
  0
LINE
  5
2E4
330
2
100
AcDbEntity
  8
헤드
100
AcDbLine
 10
424.3507366575983
 20
-2615.996044624445
 30
0.0000000000044469
 11
424.3507366575983
 21
-2612.996051719129
 31
0.0000000000034072
1001
AcDbBlockRepETag
1070
     1
1071
       26
1005
0
  0
LINE
  5
2E5
330
2
100
AcDbEntity
  8
헤드
100
AcDbLine
 10
432.2257366222664
 20
-2626.980701414134
 30
0.0000000000012699
 11
432.2257366222664
 21
-2627.980704335024
 31
0.0000000000012699
  0
ELLIPSE
  5
2E6
330
2
100
AcDbEntity
  8
헤드
 62
     6
100
AcDbEllipse
 10
431.1007366037563
 20
-2631.574702575361
 30
0.0000000000060595
 11
0.0
 21
0.5940053349809569
 31
0.0
210
0.0
220
0.0
230
1.0
 40
0.9
 41
0.0
 42
6.283185307179585
  0
ELLIPSE
  5
2E7
330
2
100
AcDbEntity
  8
헤드
 62
     6
100
AcDbEllipse
 10
431.1007366042801
 20
-2631.57525762234
 30
0.0000000000127725
 11
0.0
 21
0.2784375507817458
 31
0.0
210
0.0
220
0.0
230
1.0
 40
0.9000000000000001
 41
1.570796326794896
 42
4.712388980384688
  0
ELLIPSE
  5
2E8
330
2
100
AcDbEntity
  8
헤드
 62
     6
100
AcDbEllipse
 10
431.1007366042801
 20
-2631.57525762234
 30
0.0000000000127725
 11
0.0
 21
0.2784375507817458
 31
0.0
210
0.0
220
0.0
230
1.0
 40
0.9000000000000001
 41
4.712388980384688
 42
7.853981633974482
  0
LINE
  5
2E9
330
2
100
AcDbEntity
  8
헤드
100
AcDbLine
 10
431.1007366037563
 20
-2630.980697240369
 30
0.0000000000060595
 11
431.1007366037563
 21
-2627.980704335024
 31
0.0000000000050199
1001
AcDbBlockRepETag
1070
     1
1071
       26
1005
0
  0
ELLIPSE
  5
2EA
330
2
100
AcDbEntity
  8
헤드
 62
     6
100
AcDbEllipse
 10
428.8507366031743
 20
-2631.574702575361
 30
0.0000000000054246
 11
0.0
 21
0.5940053349809569
 31
0.0
210
0.0
220
0.0
230
1.0
 40
0.9
 41
0.0
 42
6.283185307179585
  0
ELLIPSE
  5
2EB
330
2
100
AcDbEntity
  8
헤드
 62
     6
100
AcDbEllipse
 10
428.8507366036982
 20
-2631.57525762234
 30
0.0000000000121376
 11
0.0
 21
0.2784375507817458
 31
0.0
210
0.0
220
0.0
230
1.0
 40
0.9000000000000001
 41
1.570796326794896
 42
4.712388980384688
  0
ELLIPSE
  5
2EC
330
2
100
AcDbEntity
  8
헤드
 62
     6
100
AcDbEllipse
 10
428.8507366036982
 20
-2631.57525762234
 30
0.0000000000121376
 11
0.0
 21
0.2784375507817458
 31
0.0
210
0.0
220
0.0
230
1.0
 40
0.9000000000000001
 41
4.712388980384688
 42
7.853981633974482
  0
LINE
  5
2ED
330
2
100
AcDbEntity
  8
헤드
100
AcDbLine
 10
428.8507366031743
 20
-2630.980697240369
 30
0.0000000000054246
 11
428.8507366031743
 21
-2627.980704335024
 31
0.0000000000043849
1001
AcDbBlockRepETag
1070
     1
1071
       26
1005
0
  0
LINE
  5
2EE
330
2
100
AcDbEntity
  8
헤드
100
AcDbLine
 10
424.3507366020101
 20
-2627.980704335024
 30
0.0000000000031151
 11
432.2257366222664
 21
-2627.980704335024
 31
0.0000000000053373
  0
ELLIPSE
  5
2EF
330
2
100
AcDbEntity
  8
헤드
 62
     6
100
AcDbEllipse
 10
426.6007366025921
 20
-2631.574702575361
 30
0.0000000000047896
 11
0.0
 21
0.5940053349809569
 31
0.0
210
0.0
220
0.0
230
1.0
 40
0.9
 41
0.0
 42
6.283185307179585
  0
ELLIPSE
  5
2F0
330
2
100
AcDbEntity
  8
헤드
 62
     6
100
AcDbEllipse
 10
426.6007366031161
 20
-2631.57525762234
 30
0.0000000000115026
 11
0.0
 21
0.2784375507817458
 31
0.0
210
0.0
220
0.0
230
1.0
 40
0.9000000000000001
 41
1.570796326794896
 42
4.712388980384688
  0
ELLIPSE
  5
2F1
330
2
100
AcDbEntity
  8
헤드
 62
     6
100
AcDbEllipse
 10
426.6007366031161
 20
-2631.57525762234
 30
0.0000000000115026
 11
0.0
 21
0.2784375507817458
 31
0.0
210
0.0
220
0.0
230
1.0
 40
0.9000000000000001
 41
4.712388980384688
 42
7.853981633974482
  0
ELLIPSE
  5
2F2
330
2
100
AcDbEntity
  8
헤드
 62
     6
100
AcDbEllipse
 10
424.3507366020101
 20
-2631.574702575316
 30
0.0000000000044469
 11
0.0
 21
0.5940053349809569
 31
0.0
210
0.0
220
0.0
230
1.0
 40
0.9
 41
0.0
 42
6.283185307179585
  0
ELLIPSE
  5
2F3
330
2
100
AcDbEntity
  8
헤드
 62
     6
100
AcDbEllipse
 10
424.3507366025921
 20
-2631.575257622311
 30
0.0000000000115026
 11
0.0
 21
0.2784375507817458
 31
0.0
210
0.0
220
0.0
230
1.0
 40
0.9000000000000001
 41
1.570796326794896
 42
4.712388980384688
  0
ELLIPSE
  5
2F4
330
2
100
AcDbEntity
  8
헤드
 62
     6
100
AcDbEllipse
 10
424.3507366025921
 20
-2631.575257622311
 30
0.0000000000115026
 11
0.0
 21
0.2784375507817458
 31
0.0
210
0.0
220
0.0
230
1.0
 40
0.9000000000000001
 41
4.712388980384688
 42
7.853981633974482
  0
LINE
  5
2F5
330
2
100
AcDbEntity
  8
헤드
100
AcDbLine
 10
426.6007366025921
 20
-2630.980697240369
 30
0.0000000000047896
 11
426.6007366025921
 21
-2627.980704335024
 31
0.00000000000375
1001
AcDbBlockRepETag
1070
     1
1071
       26
1005
0
  0
LINE
  5
2F6
330
2
100
AcDbEntity
  8
헤드
100
AcDbLine
 10
424.3507366020101
 20
-2630.980697240339
 30
0.0000000000044469
 11
424.3507366020101
 21
-2627.980704335024
 31
0.0000000000034072
1001
AcDbBlockRepETag
1070
     1
1071
       26
1005
0
  0
LINE
  5
2F7
330
2
100
AcDbEntity
  8
헤드
100
AcDbLine
 10
432.3158358375096
 20
-2641.950006866518
 30
0.0000000000012699
 11
432.3158358375096
 21
-2642.950009787409
 31
0.0000000000012699
  0
ELLIPSE
  5
2F8
330
2
100
AcDbEntity
  8
헤드
 62
     6
100
AcDbEllipse
 10
431.1908358189996
 20
-2646.544008027744
 30
0.0000000000060595
 11
0.0
 21
0.5940053349809569
 31
0.0
210
0.0
220
0.0
230
1.0
 40
0.9
 41
0.0
 42
6.283185307179585
  0
ELLIPSE
  5
2F9
330
2
100
AcDbEntity
  8
헤드
 62
     6
100
AcDbEllipse
 10
431.1908358195234
 20
-2646.544563074724
 30
0.0000000000127725
 11
0.0
 21
0.2784375507817458
 31
0.0
210
0.0
220
0.0
230
1.0
 40
0.9000000000000001
 41
1.570796326794896
 42
4.712388980384688
  0
ELLIPSE
  5
2FA
330
2
100
AcDbEntity
  8
헤드
 62
     6
100
AcDbEllipse
 10
431.1908358195234
 20
-2646.544563074724
 30
0.0000000000127725
 11
0.0
 21
0.2784375507817458
 31
0.0
210
0.0
220
0.0
230
1.0
 40
0.9000000000000001
 41
4.712388980384688
 42
7.853981633974482
  0
LINE
  5
2FB
330
2
100
AcDbEntity
  8
헤드
100
AcDbLine
 10
431.1908358189996
 20
-2645.950002692754
 30
0.0000000000060595
 11
431.1908358189996
 21
-2642.950009787409
 31
0.0000000000050199
1001
AcDbBlockRepETag
1070
     1
1071
       26
1005
0
  0
ELLIPSE
  5
2FC
330
2
100
AcDbEntity
  8
헤드
 62
     6
100
AcDbEllipse
 10
428.9408358184174
 20
-2646.544008027744
 30
0.0000000000054246
 11
0.0
 21
0.5940053349809569
 31
0.0
210
0.0
220
0.0
230
1.0
 40
0.9
 41
0.0
 42
6.283185307179585
  0
ELLIPSE
  5
2FD
330
2
100
AcDbEntity
  8
헤드
 62
     6
100
AcDbEllipse
 10
428.9408358189414
 20
-2646.544563074724
 30
0.0000000000121376
 11
0.0
 21
0.2784375507817458
 31
0.0
210
0.0
220
0.0
230
1.0
 40
0.9000000000000001
 41
1.570796326794896
 42
4.712388980384688
  0
ELLIPSE
  5
2FE
330
2
100
AcDbEntity
  8
헤드
 62
     6
100
AcDbEllipse
 10
428.9408358189414
 20
-2646.544563074724
 30
0.0000000000121376
 11
0.0
 21
0.2784375507817458
 31
0.0
210
0.0
220
0.0
230
1.0
 40
0.9000000000000001
 41
4.712388980384688
 42
7.853981633974482
  0
LINE
  5
2FF
330
2
100
AcDbEntity
  8
헤드
100
AcDbLine
 10
428.9408358184174
 20
-2645.950002692754
 30
0.0000000000054246
 11
428.9408358184174
 21
-2642.950009787409
 31
0.0000000000043849
1001
AcDbBlockRepETag
1070
     1
1071
       26
1005
0
  0
LINE
  5
300
330
2
100
AcDbEntity
  8
헤드
100
AcDbLine
 10
424.4408358172533
 20
-2642.950009787409
 30
0.0000000000031151
 11
432.3158358375096
 21
-2642.950009787409
 31
0.0000000000053373
  0
ELLIPSE
  5
301
330
2
100
AcDbEntity
  8
헤드
 62
     6
100
AcDbEllipse
 10
426.6908358178353
 20
-2646.544008027744
 30
0.0000000000047896
 11
0.0
 21
0.5940053349809569
 31
0.0
210
0.0
220
0.0
230
1.0
 40
0.9
 41
0.0
 42
6.283185307179585
  0
ELLIPSE
  5
302
330
2
100
AcDbEntity
  8
헤드
 62
     6
100
AcDbEllipse
 10
426.6908358183592
 20
-2646.544563074724
 30
0.0000000000115026
 11
0.0
 21
0.2784375507817458
 31
0.0
210
0.0
220
0.0
230
1.0
 40
0.9000000000000001
 41
1.570796326794896
 42
4.712388980384688
  0
ELLIPSE
  5
303
330
2
100
AcDbEntity
  8
헤드
 62
     6
100
AcDbEllipse
 10
426.6908358183592
 20
-2646.544563074724
 30
0.0000000000115026
 11
0.0
 21
0.2784375507817458
 31
0.0
210
0.0
220
0.0
230
1.0
 40
0.9000000000000001
 41
4.712388980384688
 42
7.853981633974482
  0
ELLIPSE
  5
304
330
2
100
AcDbEntity
  8
헤드
 62
     6
100
AcDbEllipse
 10
424.4408358172533
 20
-2646.544008027702
 30
0.0000000000044469
 11
0.0
 21
0.5940053349809569
 31
0.0
210
0.0
220
0.0
230
1.0
 40
0.9
 41
0.0
 42
6.283185307179585
  0
ELLIPSE
  5
305
330
2
100
AcDbEntity
  8
헤드
 62
     6
100
AcDbEllipse
 10
424.4408358178353
 20
-2646.544563074695
 30
0.0000000000115026
 11
0.0
 21
0.2784375507817458
 31
0.0
210
0.0
220
0.0
230
1.0
 40
0.9000000000000001
 41
1.570796326794896
 42
4.712388980384688
  0
ELLIPSE
  5
306
330
2
100
AcDbEntity
  8
헤드
 62
     6
100
AcDbEllipse
 10
424.4408358178353
 20
-2646.544563074695
 30
0.0000000000115026
 11
0.0
 21
0.2784375507817458
 31
0.0
210
0.0
220
0.0
230
1.0
 40
0.9000000000000001
 41
4.712388980384688
 42
7.853981633974482
  0
LINE
  5
307
330
2
100
AcDbEntity
  8
헤드
100
AcDbLine
 10
426.6908358178353
 20
-2645.950002692754
 30
0.0000000000047896
 11
426.6908358178353
 21
-2642.950009787409
 31
0.00000000000375
1001
AcDbBlockRepETag
1070
     1
1071
       26
1005
0
  0
LINE
  5
308
330
2
100
AcDbEntity
  8
헤드
100
AcDbLine
 10
424.4408358172533
 20
-2645.950002692723
 30
0.0000000000044469
 11
424.4408358172533
 21
-2642.950009787409
 31
0.0000000000034072
1001
AcDbBlockRepETag
1070
     1
1071
       26
1005
0
  0
LINE
  5
309
330
2
100
AcDbEntity
  8
헤드
100
AcDbLine
 10
432.2257365636153
 20
-2656.980701418536
 30
0.0000000000012699
 11
432.2257365636153
 21
-2657.980704339426
 31
0.0000000000012699
  0
ELLIPSE
  5
30A
330
2
100
AcDbEntity
  8
헤드
 62
     6
100
AcDbEllipse
 10
431.1007365451053
 20
-2661.574702579762
 30
0.0000000000060595
 11
0.0
 21
0.5940053349809569
 31
0.0
210
0.0
220
0.0
230
1.0
 40
0.9
 41
0.0
 42
6.283185307179585
  0
ELLIPSE
  5
30B
330
2
100
AcDbEntity
  8
헤드
 62
     6
100
AcDbEllipse
 10
431.1007365456293
 20
-2661.575257626742
 30
0.0000000000127725
 11
0.0
 21
0.2784375507817458
 31
0.0
210
0.0
220
0.0
230
1.0
 40
0.9000000000000001
 41
1.570796326794896
 42
4.712388980384688
  0
ELLIPSE
  5
30C
330
2
100
AcDbEntity
  8
헤드
 62
     6
100
AcDbEllipse
 10
431.1007365456293
 20
-2661.575257626742
 30
0.0000000000127725
 11
0.0
 21
0.2784375507817458
 31
0.0
210
0.0
220
0.0
230
1.0
 40
0.9000000000000001
 41
4.712388980384688
 42
7.853981633974482
  0
LINE
  5
30D
330
2
100
AcDbEntity
  8
헤드
100
AcDbLine
 10
431.1007365451053
 20
-2660.980697244771
 30
0.0000000000060595
 11
431.1007365451053
 21
-2657.980704339426
 31
0.0000000000050199
1001
AcDbBlockRepETag
1070
     1
1071
       26
1005
0
  0
ELLIPSE
  5
30E
330
2
100
AcDbEntity
  8
헤드
 62
     6
100
AcDbEllipse
 10
428.8507365445234
 20
-2661.574702579762
 30
0.0000000000054246
 11
0.0
 21
0.5940053349809569
 31
0.0
210
0.0
220
0.0
230
1.0
 40
0.9
 41
0.0
 42
6.283185307179585
  0
ELLIPSE
  5
30F
330
2
100
AcDbEntity
  8
헤드
 62
     6
100
AcDbEllipse
 10
428.8507365450471
 20
-2661.575257626742
 30
0.0000000000121376
 11
0.0
 21
0.2784375507817458
 31
0.0
210
0.0
220
0.0
230
1.0
 40
0.9000000000000001
 41
1.570796326794896
 42
4.712388980384688
  0
ELLIPSE
  5
310
330
2
100
AcDbEntity
  8
헤드
 62
     6
100
AcDbEllipse
 10
428.8507365450471
 20
-2661.575257626742
 30
0.0000000000121376
 11
0.0
 21
0.2784375507817458
 31
0.0
210
0.0
220
0.0
230
1.0
 40
0.9000000000000001
 41
4.712388980384688
 42
7.853981633974482
  0
LINE
  5
311
330
2
100
AcDbEntity
  8
헤드
100
AcDbLine
 10
428.8507365445234
 20
-2660.980697244771
 30
0.0000000000054246
 11
428.8507365445234
 21
-2657.980704339426
 31
0.0000000000043849
1001
AcDbBlockRepETag
1070
     1
1071
       26
1005
0
  0
LINE
  5
312
330
2
100
AcDbEntity
  8
헤드
100
AcDbLine
 10
422.100736542777
 20
-2657.980704339426
 30
0.0000000000024801
 11
432.2257365636153
 21
-2657.980704339426
 31
0.0000000000053373
  0
ELLIPSE
  5
313
330
2
100
AcDbEntity
  8
헤드
 62
     6
100
AcDbEllipse
 10
426.6007365439413
 20
-2661.574702579762
 30
0.0000000000047896
 11
0.0
 21
0.5940053349809569
 31
0.0
210
0.0
220
0.0
230
1.0
 40
0.9
 41
0.0
 42
6.283185307179585
  0
ELLIPSE
  5
314
330
2
100
AcDbEntity
  8
헤드
 62
     6
100
AcDbEllipse
 10
426.6007365444651
 20
-2661.575257626742
 30
0.0000000000115026
 11
0.0
 21
0.2784375507817458
 31
0.0
210
0.0
220
0.0
230
1.0
 40
0.9000000000000001
 41
1.570796326794896
 42
4.712388980384688
  0
ELLIPSE
  5
315
330
2
100
AcDbEntity
  8
헤드
 62
     6
100
AcDbEllipse
 10
426.6007365444651
 20
-2661.575257626742
 30
0.0000000000115026
 11
0.0
 21
0.2784375507817458
 31
0.0
210
0.0
220
0.0
230
1.0
 40
0.9000000000000001
 41
4.712388980384688
 42
7.853981633974482
  0
ELLIPSE
  5
316
330
2
100
AcDbEntity
  8
헤드
 62
     6
100
AcDbEllipse
 10
424.3507365433591
 20
-2661.574702579719
 30
0.0000000000044469
 11
0.0
 21
0.5940053349809569
 31
0.0
210
0.0
220
0.0
230
1.0
 40
0.9
 41
0.0
 42
6.283185307179585
  0
ELLIPSE
  5
317
330
2
100
AcDbEntity
  8
헤드
 62
     6
100
AcDbEllipse
 10
424.3507365439413
 20
-2661.575257626712
 30
0.0000000000115026
 11
0.0
 21
0.2784375507817458
 31
0.0
210
0.0
220
0.0
230
1.0
 40
0.9000000000000001
 41
1.570796326794896
 42
4.712388980384688
  0
ELLIPSE
  5
318
330
2
100
AcDbEntity
  8
헤드
 62
     6
100
AcDbEllipse
 10
424.3507365439413
 20
-2661.575257626712
 30
0.0000000000115026
 11
0.0
 21
0.2784375507817458
 31
0.0
210
0.0
220
0.0
230
1.0
 40
0.9000000000000001
 41
4.712388980384688
 42
7.853981633974482
  0
LINE
  5
319
330
2
100
AcDbEntity
  8
헤드
100
AcDbLine
 10
426.6007365439413
 20
-2660.980697244771
 30
0.0000000000047896
 11
426.6007365439413
 21
-2657.980704339426
 31
0.00000000000375
1001
AcDbBlockRepETag
1070
     1
1071
       26
1005
0
  0
LINE
  5
31A
330
2
100
AcDbEntity
  8
헤드
100
AcDbLine
 10
424.3507365433591
 20
-2660.980697244742
 30
0.0000000000044469
 11
424.3507365433591
 21
-2657.980704339426
 31
0.0000000000034072
1001
AcDbBlockRepETag
1070
     1
1071
       26
1005
0
  0
LINE
  5
31B
330
2
100
AcDbEntity
  8
헤드
100
AcDbLine
 10
432.225739768671
 20
-2671.965354034431
 30
0.0000000000012699
 11
432.225739768671
 21
-2672.96535695532
 31
0.0000000000012699
  0
ELLIPSE
  5
31C
330
2
100
AcDbEntity
  8
헤드
 62
     6
100
AcDbEllipse
 10
431.100739750161
 20
-2676.559355195657
 30
0.0000000000060595
 11
0.0
 21
0.5940053349809569
 31
0.0
210
0.0
220
0.0
230
1.0
 40
0.9
 41
0.0
 42
6.283185307179585
  0
ELLIPSE
  5
31D
330
2
100
AcDbEntity
  8
헤드
 62
     6
100
AcDbEllipse
 10
431.1007397506847
 20
-2676.559910242636
 30
0.0000000000127725
 11
0.0
 21
0.2784375507817458
 31
0.0
210
0.0
220
0.0
230
1.0
 40
0.9000000000000001
 41
1.570796326794896
 42
4.712388980384688
  0
ELLIPSE
  5
31E
330
2
100
AcDbEntity
  8
헤드
 62
     6
100
AcDbEllipse
 10
431.1007397506847
 20
-2676.559910242636
 30
0.0000000000127725
 11
0.0
 21
0.2784375507817458
 31
0.0
210
0.0
220
0.0
230
1.0
 40
0.9000000000000001
 41
4.712388980384688
 42
7.853981633974482
  0
LINE
  5
31F
330
2
100
AcDbEntity
  8
헤드
100
AcDbLine
 10
431.100739750161
 20
-2675.965349860665
 30
0.0000000000060595
 11
431.100739750161
 21
-2672.96535695532
 31
0.0000000000050199
1001
AcDbBlockRepETag
1070
     1
1071
       26
1005
0
  0
ELLIPSE
  5
320
330
2
100
AcDbEntity
  8
헤드
 62
     6
100
AcDbEllipse
 10
428.850739749579
 20
-2676.559355195657
 30
0.0000000000054246
 11
0.0
 21
0.5940053349809569
 31
0.0
210
0.0
220
0.0
230
1.0
 40
0.9
 41
0.0
 42
6.283185307179585
  0
ELLIPSE
  5
321
330
2
100
AcDbEntity
  8
헤드
 62
     6
100
AcDbEllipse
 10
428.8507397501028
 20
-2676.559910242636
 30
0.0000000000121376
 11
0.0
 21
0.2784375507817458
 31
0.0
210
0.0
220
0.0
230
1.0
 40
0.9000000000000001
 41
1.570796326794896
 42
4.712388980384688
  0
ELLIPSE
  5
322
330
2
100
AcDbEntity
  8
헤드
 62
     6
100
AcDbEllipse
 10
428.8507397501028
 20
-2676.559910242636
 30
0.0000000000121376
 11
0.0
 21
0.2784375507817458
 31
0.0
210
0.0
220
0.0
230
1.0
 40
0.9000000000000001
 41
4.712388980384688
 42
7.853981633974482
  0
LINE
  5
323
330
2
100
AcDbEntity
  8
헤드
100
AcDbLine
 10
428.850739749579
 20
-2675.965349860665
 30
0.0000000000054246
 11
428.850739749579
 21
-2672.96535695532
 31
0.0000000000043849
1001
AcDbBlockRepETag
1070
     1
1071
       26
1005
0
  0
LINE
  5
324
330
2
100
AcDbEntity
  8
헤드
100
AcDbLine
 10
422.1007397478327
 20
-2672.96535695532
 30
0.0000000000024801
 11
432.225739768671
 21
-2672.96535695532
 31
0.0000000000053373
  0
ELLIPSE
  5
325
330
2
100
AcDbEntity
  8
헤드
 62
     6
100
AcDbEllipse
 10
426.6007397489969
 20
-2676.559355195657
 30
0.0000000000047896
 11
0.0
 21
0.5940053349809569
 31
0.0
210
0.0
220
0.0
230
1.0
 40
0.9
 41
0.0
 42
6.283185307179585
  0
ELLIPSE
  5
326
330
2
100
AcDbEntity
  8
헤드
 62
     6
100
AcDbEllipse
 10
426.6007397495206
 20
-2676.559910242636
 30
0.0000000000115026
 11
0.0
 21
0.2784375507817458
 31
0.0
210
0.0
220
0.0
230
1.0
 40
0.9000000000000001
 41
1.570796326794896
 42
4.712388980384688
  0
ELLIPSE
  5
327
330
2
100
AcDbEntity
  8
헤드
 62
     6
100
AcDbEllipse
 10
426.6007397495206
 20
-2676.559910242636
 30
0.0000000000115026
 11
0.0
 21
0.2784375507817458
 31
0.0
210
0.0
220
0.0
230
1.0
 40
0.9000000000000001
 41
4.712388980384688
 42
7.853981633974482
  0
ELLIPSE
  5
328
330
2
100
AcDbEntity
  8
헤드
 62
     6
100
AcDbEllipse
 10
424.3507397484147
 20
-2676.559355195613
 30
0.0000000000044469
 11
0.0
 21
0.5940053349809569
 31
0.0
210
0.0
220
0.0
230
1.0
 40
0.9
 41
0.0
 42
6.283185307179585
  0
ELLIPSE
  5
329
330
2
100
AcDbEntity
  8
헤드
 62
     6
100
AcDbEllipse
 10
424.3507397489969
 20
-2676.559910242608
 30
0.0000000000115026
 11
0.0
 21
0.2784375507817458
 31
0.0
210
0.0
220
0.0
230
1.0
 40
0.9000000000000001
 41
1.570796326794896
 42
4.712388980384688
  0
ELLIPSE
  5
32A
330
2
100
AcDbEntity
  8
헤드
 62
     6
100
AcDbEllipse
 10
424.3507397489969
 20
-2676.559910242608
 30
0.0000000000115026
 11
0.0
 21
0.2784375507817458
 31
0.0
210
0.0
220
0.0
230
1.0
 40
0.9000000000000001
 41
4.712388980384688
 42
7.853981633974482
  0
LINE
  5
32B
330
2
100
AcDbEntity
  8
헤드
100
AcDbLine
 10
426.6007397489969
 20
-2675.965349860665
 30
0.0000000000047896
 11
426.6007397489969
 21
-2672.96535695532
 31
0.00000000000375
1001
AcDbBlockRepETag
1070
     1
1071
       26
1005
0
  0
LINE
  5
32C
330
2
100
AcDbEntity
  8
헤드
100
AcDbLine
 10
424.3507397484147
 20
-2675.965349860636
 30
0.0000000000044469
 11
424.3507397484147
 21
-2672.96535695532
 31
0.0000000000034072
1001
AcDbBlockRepETag
1070
     1
1071
       26
1005
0
  0
LINE
  5
32D
330
2
100
AcDbEntity
  8
헤드
100
AcDbLine
 10
434.4757397692531
 20
-2686.965354767629
 30
0.0
 11
434.4757397692531
 21
-2687.965357688519
 31
0.0
  0
LINE
  5
32E
330
2
100
AcDbEntity
  8
헤드
100
AcDbLine
 10
418.4821557977111
 20
-2687.965357688519
 30
-0.0000000000004458
 11
434.4757397692531
 21
-2687.965357688519
 31
0.0000000000040675
  0
ELLIPSE
  5
32F
330
2
100
AcDbEntity
  8
헤드
 62
     6
100
AcDbEllipse
 10
425.2321557994575
 20
-2691.559355928855
 30
0.0000000000047896
 11
0.0
 21
0.5940053349809569
 31
0.0
210
0.0
220
0.0
230
1.0
 40
0.9
 41
0.0
 42
6.283185307179585
  0
ELLIPSE
  5
330
330
2
100
AcDbEntity
  8
헤드
 62
     6
100
AcDbEllipse
 10
425.2321557999812
 20
-2691.559910975835
 30
0.0000000000115026
 11
0.0
 21
0.2784375507817458
 31
0.0
210
0.0
220
0.0
230
1.0
 40
0.9000000000000001
 41
1.570796326794896
 42
4.712388980384688
  0
ELLIPSE
  5
331
330
2
100
AcDbEntity
  8
헤드
 62
     6
100
AcDbEllipse
 10
425.2321557999812
 20
-2691.559910975835
 30
0.0000000000115026
 11
0.0
 21
0.2784375507817458
 31
0.0
210
0.0
220
0.0
230
1.0
 40
0.9000000000000001
 41
4.712388980384688
 42
7.853981633974482
  0
ELLIPSE
  5
332
330
2
100
AcDbEntity
  8
헤드
 62
     6
100
AcDbEllipse
 10
422.9821557988753
 20
-2691.559355928812
 30
0.0000000000044469
 11
0.0
 21
0.5940053349809569
 31
0.0
210
0.0
220
0.0
230
1.0
 40
0.9
 41
0.0
 42
6.283185307179585
  0
ELLIPSE
  5
333
330
2
100
AcDbEntity
  8
헤드
 62
     6
100
AcDbEllipse
 10
422.9821557994574
 20
-2691.559910975806
 30
0.0000000000115026
 11
0.0
 21
0.2784375507817458
 31
0.0
210
0.0
220
0.0
230
1.0
 40
0.9000000000000001
 41
1.570796326794896
 42
4.712388980384688
  0
ELLIPSE
  5
334
330
2
100
AcDbEntity
  8
헤드
 62
     6
100
AcDbEllipse
 10
422.9821557994574
 20
-2691.559910975806
 30
0.0000000000115026
 11
0.0
 21
0.2784375507817458
 31
0.0
210
0.0
220
0.0
230
1.0
 40
0.9000000000000001
 41
4.712388980384688
 42
7.853981633974482
  0
LINE
  5
335
330
2
100
AcDbEntity
  8
헤드
100
AcDbLine
 10
425.2321557994575
 20
-2690.965350593863
 30
0.0000000000047896
 11
425.2321557994575
 21
-2687.965357688519
 31
0.00000000000375
1001
AcDbBlockRepETag
1070
     1
1071
       26
1005
0
  0
LINE
  5
336
330
2
100
AcDbEntity
  8
헤드
100
AcDbLine
 10
422.9821557988753
 20
-2690.965350593835
 30
0.0000000000044469
 11
422.9821557988753
 21
-2687.965357688519
 31
0.0000000000034072
1001
AcDbBlockRepETag
1070
     1
1071
       26
1005
0
  0
INSERT
  5
5CB
330
2
100
AcDbEntity
  8
SYM
100
AcDbBlockReference
  2
FSK12
 10
393.5628477433577
 20
-2791.48893951032
 30
0.0
 41
1.099999960026468
 42
1.099999960070124
 43
1.099999960070124
  0
LINE
  5
5ED
330
2
100
AcDbEntity
  8
PIPE
100
AcDbLine
 10
396.5628476572104
 20
-2786.996143077847
 30
0.0
 11
393.5628477015646
 21
-2786.996143077847
 31
0.0
  0
ELLIPSE
  5
5EE
330
2
100
AcDbEntity
  8
1
  6
HID
 62
     1
100
AcDbEllipse
 10
374.5601633849749
 20
-2728.075426201016
 30
-0.0000000000073904
 11
0.0000000000010423
 21
35.54211964484422
 31
0.0
210
0.0
220
0.0
230
-1.0
 40
0.4435292992747005
 41
0.0
 42
6.283185307179585
  0
INSERT
  5
5EF
330
2
100
AcDbEntity
  8
0
100
AcDbBlockReference
  2
ABC소화기
 10
438.8648373923171
 20
-2793.88576044002
 30
0.0
  0
TEXT
  5
5F6
330
2
100
AcDbEntity
  8
TEXT
  6
Continuous
100
AcDbText
 10
406.8807342418816
 20
-2797.020616547099
 30
0.0000000000168096
 40
3.0
  1
트렌치로 유도
  7
돋움
 11
406.8807342418816
 21
-2795.520616547099
 31
0.0000000000168096
100
AcDbText
 73
     2
  0
LWPOLYLINE
  5
5F7
330
2
100
AcDbEntity
  8
지시선
100
AcDbPolyline
 90
        4
 70
     0
 10
399.5628476572104
 20
-2786.996143077847
 40
0.0
 41
1.0
 10
399.5628476572104
 20
-2789.996143077846
 40
0.0
 41
0.0
 10
399.5628476572104
 20
-2795.520616547099
 40
0.0
 41
0.0
 10
406.8807342418816
 20
-2795.520616547099
 40
0.0
 41
0.0
  0
LINE
  5
5F8
330
2
100
AcDbEntity
  8
DIM
100
AcDbLine
 10
397.0576957441165
 20
-2787.316143085289
 30
0.0000000000168076
 11
396.7641668073131
 21
-2786.676143084693
 31
0.0000000000168076
  0
LWPOLYLINE
  5
5F9
330
2
100
AcDbEntity
  8
DIM
100
AcDbPolyline
 90
        2
 70
     0
 43
0.0
 10
396.9109312747836
 20
-2786.996143077847
 10
402.2147640396371
 20
-2786.996143077847
  0
LINE
  5
5FA
330
2
100
AcDbEntity
  8
DIM
100
AcDbLine
 10
402.3615285112986
 20
-2787.316143085289
 30
0.0000000000168076
 11
402.0679995744951
 21
-2786.676143084693
 31
0.0000000000168076
  0
LINE
  5
5FB
330
2
100
AcDbEntity
  8
PIPE
100
AcDbLine
 10
399.5628476572104
 20
-2700.950007383524
 30
0.0
 11
399.5628476572104
 21
-2795.520616547099
 31
0.0
  0
LINE
  5
5FC
330
2
100
AcDbEntity
  8
PIPE
100
AcDbLine
 10
396.5628476572104
 20
-2700.950007383524
 30
0.0
 11
396.5628476572104
 21
-2786.996143077847
 31
0.0
  0
TEXT
  5
5FD
330
2
100
AcDbEntity
  8
TEXT
  6
Continuous
100
AcDbText
 10
505.1449591416298
 20
-2740.658730021271
 30
-0.0000000000049693
 40
3.0
  1
소화배관에 연결
  7
돋움
 11
505.1449591416298
 21
-2739.158730021271
 31
-0.0000000000049693
100
AcDbText
 73
     2
  0
TEXT
  5
5FE
330
2
100
AcDbEntity
  8
TEXT
  6
Continuous
100
AcDbText
 10
505.1449591416298
 20
-2736.299180410672
 30
-0.0000000000049693
 40
3.0
  1
지하1층 주차장
  7
돋움
 11
505.1449591416298
 21
-2734.799180410672
 31
-0.0000000000049693
100
AcDbText
 73
     2
  0
LINE
  5
5FF
330
2
100
AcDbEntity
  8
SYM
100
AcDbLine
 10
373.5344729660158
 20
-2697.336830100772
 30
-0.0000000000048794
 11
374.0598547822759
 21
-2696.811448298293
 31
-0.0000000000048794
  0
LINE
  5
600
330
2
100
AcDbEntity
  8
관경
 62
     1
100
AcDbLine
 10
495.8447741192198
 20
-2722.799180429604
 30
-0.000000000005437
 11
494.2447741176133
 21
-2722.799180429604
 31
-0.000000000005437
  0
TEXT
  5
601
330
2
100
AcDbEntity
  8
관경
 62
     3
100
AcDbText
 10
495.84477411922
 20
-2724.299180429604
 30
-0.000000000005437
 40
3.0
  1
100
 41
0.8
  7
돋움
 11
495.84477411922
 21
-2722.799180429604
 31
-0.000000000005437
100
AcDbText
 73
     2
  0
LINE
  5
602
330
2
100
AcDbEntity
  8
관경
 62
     1
100
AcDbLine
 10
495.8447741192198
 20
-2722.799180429604
 30
-0.000000000005437
 11
494.2447741176133
 21
-2722.799180429604
 31
-0.000000000005437
  0
TEXT
  5
603
330
2
100
AcDbEntity
  8
관경
 62
     3
100
AcDbText
 10
479.362820250585
 20
-2724.299180429604
 30
-0.000000000005437
 40
3.0
  1
H&SP(저)
 41
0.8
  7
돋움
 72
     2
 11
494.2447741176135
 21
-2722.799180429604
 31
-0.000000000005437
100
AcDbText
 73
     2
  0
TEXT
  5
604
330
2
100
AcDbEntity
  8
TEXT
  6
Continuous
100
AcDbText
 10
487.9424195995076
 20
-2764.243674884012
 30
0.0000000000021631
 40
3.0
  1
Ø20 볼밸브
  7
돋움
 72
     2
 11
510.0007642399417
 21
-2762.743674884012
 31
0.0000000000021631
100
AcDbText
 73
     2
  0
TEXT
  5
605
330
2
100
AcDbEntity
  8
TEXT
  6
Continuous
100
AcDbText
 10
488.599799274459
 20
-2757.115979274575
 30
-0.0000000000018708
 40
3.0
  1
충격완화용체크밸브
  7
돋움
 72
     2
 11
526.1140462215418
 21
-2755.615979274575
 31
-0.0000000000018708
100
AcDbText
 73
     2
  0
TEXT
  5
606
330
2
100
AcDbEntity
  8
TEXT
  6
Continuous
100
AcDbText
 10
488.5997992744442
 20
-2752.988283665138
 30
-0.0000000000059047
 40
3.0
  1
Ø100 개폐표시형밸브
  7
돋움
 72
     2
 11
529.7612646747157
 21
-2751.488283665138
 31
-0.0000000000059047
100
AcDbText
 73
     2
  0
LINE
  5
607
330
2
100
AcDbEntity
  8
PIPE
  6
Continuous
 62
     4
100
AcDbLine
 10
379.2523346728142
 20
-2743.799180448536
 30
-0.0000000000058148
 11
375.9797118802983
 21
-2743.799180448536
 31
-0.0000000000058148
  0
LINE
  5
608
330
2
100
AcDbEntity
  8
PIPE
  6
Continuous
 62
     4
100
AcDbLine
 10
379.2523346728142
 20
-2722.238214779413
 30
-0.0000000000058159
 11
390.7381141361859
 21
-2722.238214779413
 31
-0.0000000000058159
  0
LINE
  5
609
330
2
100
AcDbEntity
  8
PIPE
  6
Continuous
 62
     4
100
AcDbLine
 10
390.7381141361859
 20
-2731.799180448536
 30
-0.0000000000058148
 11
390.7381141361859
 21
-2722.238214779413
 31
-0.0000000000058148
  0
LINE
  5
60A
330
2
100
AcDbEntity
  8
PIPE
 62
     4
100
AcDbLine
 10
375.9797118829176
 20
-2756.96584711464
 30
-0.0000000000058148
 11
375.9797118829176
 21
-2758.299180447924
 31
-0.0000000000058148
  0
INSERT
  5
60B
330
2
100
AcDbEntity
  8
SYM
100
AcDbBlockReference
  2
zw$5186
 10
375.9797118829176
 20
-2756.216147116095
 30
-0.0000000000058148
 41
-0.0066666666666667
 42
0.0066666666666667
 43
0.0066666666666667
  0
ARC
  5
613
330
2
100
AcDbEntity
  8
SYM
100
AcDbCircle
 10
374.6463785011167
 20
-2697.923353802864
 30
-0.0000000000048794
 40
0.7620480185148752
100
AcDbArc
 50
90.0
 51
270.0
  0
LINE
  5
614
330
2
100
AcDbEntity
  8
SYM
100
AcDbLine
 10
374.1075291782928
 20
-2697.384504495713
 30
-0.0000000000048794
 11
373.7971638741749
 21
-2697.074139199409
 31
-0.0000000000048794
  0
LINE
  5
615
330
2
100
AcDbEntity
  8
SYM
100
AcDbLine
 10
373.5344729660158
 20
-2698.509877504955
 30
-0.0000000000048794
 11
374.0598547822759
 21
-2699.035259307435
 31
-0.0000000000048794
  0
LINE
  5
616
330
2
100
AcDbEntity
  8
SYM
100
AcDbLine
 10
374.1075291782928
 20
-2698.462203109812
 30
-0.0000000000048794
 11
373.7971638741749
 21
-2698.772568406174
 31
-0.0000000000048794
  0
LINE
  5
617
330
2
100
AcDbEntity
  8
SYM
100
AcDbLine
 10
374.6463785011167
 20
-2696.993655245111
 30
-0.0000000000048794
 11
374.6463785011167
 21
-2698.853052361359
 31
-0.0000000000048794
  0
LINE
  5
618
330
2
100
AcDbEntity
  8
PIPE
  6
Continuous
 62
     4
100
AcDbLine
 10
374.6463785011167
 20
-2697.923353802864
 30
-0.0000000000048794
 11
375.979711866212
 21
-2697.923353802864
 31
-0.0000000000048794
  0
LINE
  5
619
330
2
100
AcDbEntity
  8
PIPE
 62
     4
100
AcDbLine
 10
375.9797118837326
 20
-2755.466447117449
 30
-0.0000000000058148
 11
375.979711866212
 21
-2697.923353802864
 31
-0.0000000000048794
  0
INSERT
  5
61A
330
2
100
AcDbEntity
  8
SYM
100
AcDbBlockReference
  2
zw$128A
 10
379.2523346728142
 20
-2727.605087277727
 30
-0.000000000005894
 41
-0.0066666666666667
 42
0.0066666666666667
 43
0.0066666666666667
 50
89.99999999999962
  0
LINE
  5
622
330
2
100
AcDbEntity
  8
PIPE
  6
Continuous
 62
     4
100
AcDbLine
 10
379.2523346728142
 20
-2726.85538727908
 30
-0.000000000005894
 11
379.2523346728142
 21
-2722.238214779413
 31
-0.000000000005894
  0
LINE
  5
623
330
2
100
AcDbEntity
  8
PIPE
  6
Continuous
 62
     4
100
AcDbLine
 10
379.2523346728142
 20
-2729.688120609659
 30
-0.000000000005894
 11
379.2523346728142
 21
-2728.354787276374
 31
-0.000000000005894
  0
INSERT
  5
624
330
2
100
AcDbEntity
  8
SYM
100
AcDbBlockReference
  2
zw$2D4E
 10
379.2523346728142
 20
-2730.437820608306
 30
-0.000000000005894
 41
0.0066666666666667
 42
0.0066666666666667
 43
0.0066666666666667
 50
90.00000000000001
  0
LINE
  5
62D
330
2
100
AcDbEntity
  8
PIPE
  6
Continuous
 62
     4
100
AcDbLine
 10
379.2523346728142
 20
-2743.799180448536
 30
-0.000000000005894
 11
379.2523346728142
 21
-2731.187520606953
 31
-0.000000000005894
  0
LINE
  5
62E
330
2
100
AcDbEntity
  8
PIPE
100
AcDbLine
 10
395.5628476572104
 20
-2731.799180448536
 30
-0.0000000000059047
 11
390.7381141361859
 21
-2731.799180448536
 31
-0.0000000000059047
  0
LINE
  5
62F
330
2
100
AcDbEntity
  8
PIPE
100
AcDbLine
 10
398.5628476572104
 20
-2731.799180448536
 30
-0.0000000000059047
 11
397.5628476572104
 21
-2731.799180448536
 31
-0.0000000000059047
  0
LINE
  5
630
330
2
100
AcDbEntity
  8
PIPE
100
AcDbLine
 10
479.4163298554616
 20
-2731.799180448536
 30
-0.0000000000059047
 11
400.5628476572104
 21
-2731.799180448536
 31
-0.0000000000059047
  0
INSERT
  5
631
330
2
100
AcDbEntity
  8
관경
 62
     1
100
AcDbBlockReference
  2
DOUBLE
 10
495.0447741184166
 20
-2734.799180429604
 30
-0.000000000005437
 41
0.9000000003725292
 42
0.9000000003725292
 43
0.9000000003725292
 50
270.0000000000029
1001
AEC_XDATA_BOUND_SPACE
1070
   100
1070
     1
  0
INSERT
  5
632
330
2
100
AcDbEntity
  8
관경
 62
     1
100
AcDbBlockReference
  2
DOUBLE
 10
495.0447741184166
 20
-2734.799180429604
 30
-0.000000000005437
 41
0.9000000003725292
 42
0.9000000003725292
 43
0.9000000003725292
 50
270.0000000000029
1001
AEC_XDATA_BOUND_SPACE
1070
   100
1070
     1
  0
LINE
  5
633
330
2
100
AcDbEntity
  8
관경
 62
     1
100
AcDbLine
 10
495.0447741184166
 20
-2722.799180429604
 30
-0.000000000005437
 11
495.0447741184166
 21
-2734.799180422458
 31
-0.000000000005437
  0
LWPOLYLINE
  5
634
330
2
100
AcDbEntity
  8
지시선
100
AcDbPolyline
 90
        4
 70
     0
 10
483.6663298554618
 20
-2747.460144122437
 40
0.0
 41
1.0
 10
485.1663298554616
 20
-2750.058220333798
 40
0.0
 41
0.0
 10
485.9919773047571
 20
-2751.488283665138
 40
0.0
 41
0.0
 10
487.942419599522
 20
-2751.488283665138
 40
0.0
 41
0.0
  0
LWPOLYLINE
  5
635
330
2
100
AcDbEntity
  8
지시선
100
AcDbPolyline
 90
        4
 70
     0
 10
481.1663298554616
 20
-2747.544105155306
 40
0.0
 41
1.0
 10
482.6663298554616
 20
-2750.142181366668
 40
0.0
 41
0.0
 10
485.8266285510749
 20
-2755.615979274575
 40
0.0
 41
0.0
 10
487.942419599522
 20
-2755.615979274575
 40
0.0
 41
0.0
  0
LWPOLYLINE
  5
636
330
2
100
AcDbEntity
  8
지시선
100
AcDbPolyline
 90
        4
 70
     0
 10
479.4163298554616
 20
-2756.799180448041
 40
0.0
 41
1.0
 10
480.9163298554616
 20
-2759.397256659402
 40
0.0
 41
0.0
 10
482.8483853182538
 20
-2762.743674884012
 40
0.0
 41
0.0
 10
487.942419599522
 20
-2762.743674884012
 40
0.0
 41
0.0
  0
LINE
  5
637
330
2
100
AcDbEntity
  8
PIPE
100
AcDbLine
 10
485.4163298554616
 20
-2746.799180448042
 30
-0.0000000000059047
 11
479.4163298554616
 21
-2746.799180448042
 31
-0.0000000000059047
  0
INSERT
  5
638
330
2
100
AcDbEntity
  8
SYM
100
AcDbBlockReference
  2
zw$57B4
 10
481.1663298554616
 20
-2746.799180448042
 30
-0.0000000000059047
 41
-1.0
  0
INSERT
  5
641
330
2
100
AcDbEntity
  8
SYM
100
AcDbBlockReference
  2
zw$1A81
 10
483.6663298554618
 20
-2746.799180448042
 30
-0.0000000000059047
 41
-1.0
  0
INSERT
  5
649
330
2
100
AcDbEntity
  8
SYM
100
AcDbBlockReference
  2
zw$F3AF
 10
479.4163298517363
 20
-2755.863568448447
 30
-0.0000000000059047
 41
-1.0
  0
LINE
  5
654
330
2
100
AcDbEntity
  8
PIPE
100
AcDbLine
 10
485.4163298554616
 20
-2734.799180448536
 30
-0.0000000000059047
 11
485.4163298554616
 21
-2746.799180448042
 31
-0.0000000000059047
  0
LINE
  5
655
330
2
100
AcDbEntity
  8
DIM
100
AcDbLine
 10
499.7150668202216
 20
-2732.445944879874
 30
0.0
 11
499.0750668186359
 21
-2732.152415943216
 31
0.0
  0
LINE
  5
656
330
2
100
AcDbEntity
  8
DIM
100
AcDbLine
 10
499.7150668202216
 20
-2737.445944880019
 30
0.0
 11
499.0750668186359
 21
-2737.152415943463
 31
0.0
  0
LWPOLYLINE
  5
657
330
2
100
AcDbEntity
  8
DIM
100
AcDbPolyline
 90
        2
 70
     0
 43
0.0
 10
499.3950668122983
 20
-2732.299180410671
 10
499.3950668122983
 20
-2737.299180410671
  0
LWPOLYLINE
  5
658
330
2
100
AcDbEntity
  8
지시선
100
AcDbPolyline
 90
        3
 70
     0
 10
499.3950668122983
 20
-2734.799180410672
 40
0.0
 41
1.0
 10
502.3950668122983
 20
-2734.799180410672
 40
0.0
 41
0.0
 10
505.1449591416298
 20
-2734.799180410672
 40
0.0
 41
0.0
  0
LINE
  5
659
330
2
100
AcDbEntity
  8
PIPE
100
AcDbLine
 10
479.4163298554616
 20
-2756.799180448041
 30
-0.0000000000059047
 11
479.4163298554616
 21
-2758.299180448041
 31
-0.0000000000059047
  0
LINE
  5
65A
330
2
100
AcDbEntity
  8
PIPE
100
AcDbLine
 10
479.4163298554616
 20
-2731.799180448536
 30
-0.0000000000059047
 11
479.4163298554616
 21
-2754.927956447922
 31
-0.0000000000059047
  0
LINE
  5
65B
330
2
100
AcDbEntity
  8
PIPE
100
AcDbLine
 10
485.4163298554616
 20
-2734.799180448536
 30
-0.0000000000059047
 11
499.3950668122983
 21
-2734.799180410672
 31
-0.0000000000049693
  0
INSERT
  5
65C
330
2
100
AcDbEntity
  8
0
100
AcDbBlockReference
  2
ABC소화기
 10
438.8648359305888
 20
-2611.088156081676
 30
0.0
  0
INSERT
  5
65D
330
2
100
AcDbEntity
  8
0
100
AcDbBlockReference
  2
ABC소화기
 10
438.8648352188837
 20
-2701.072808958705
 30
0.0
  0
INSERT
  5
65E
330
2
100
AcDbEntity
  8
0
100
AcDbBlockReference
  2
ABC소화기
 10
438.8648352188837
 20
-2686.072808975745
 30
0.0
  0
INSERT
  5
65F
330
2
100
AcDbEntity
  8
0
100
AcDbBlockReference
  2
ABC소화기
 10
438.8648102024535
 20
-2686.057461256174
 30
0.0
  0
INSERT
  5
660
330
2
100
AcDbEntity
  8
0
100
AcDbBlockReference
  2
ABC소화기
 10
438.86483521836
 20
-2671.072808701005
 30
0.0
  0
INSERT
  5
661
330
2
100
AcDbEntity
  8
0
100
AcDbBlockReference
  2
ABC소화기
 10
438.8648350110825
 20
-2656.072808700932
 30
0.0
  0
INSERT
  5
662
330
2
100
AcDbEntity
  8
0
100
AcDbBlockReference
  2
ABC소화기
 10
438.8648102041996
 20
-2641.057461251678
 30
0.0
  0
INSERT
  5
663
330
2
100
AcDbEntity
  8
0
100
AcDbBlockReference
  2
ABC소화기
 10
438.8648359305888
 20
-2626.072808697571
 30
0.0
  0
INSERT
  5
664
330
2
100
AcDbEntity
  8
0
100
AcDbBlockReference
  2
주방자동소화기
 10
449.4268185115783
 20
-2701.072784668915
 30
0.0
  0
INSERT
  5
66B
330
2
100
AcDbEntity
  8
0
100
AcDbBlockReference
  2
ABC소화기
 10
444.145826865231
 20
-2701.072808958705
 30
0.0
  0
INSERT
  5
66C
330
2
100
AcDbEntity
  8
0
100
AcDbBlockReference
  2
주방자동소화기
 10
449.4268185115783
 20
-2686.072784685955
 30
0.0
  0
INSERT
  5
66D
330
2
100
AcDbEntity
  8
0
100
AcDbBlockReference
  2
ABC소화기
 10
444.145826865231
 20
-2686.072808975745
 30
0.0
  0
INSERT
  5
66E
330
2
100
AcDbEntity
  8
0
100
AcDbBlockReference
  2
하향식피난구
 10
498.6739431055972
 20
-2686.103480140925
 30
0.0
  0
INSERT
  5
677
330
2
100
AcDbEntity
  8
0
100
AcDbBlockReference
  2
주방자동소화기
 10
449.4267934951478
 20
-2686.057436966384
 30
0.0
  0
INSERT
  5
678
330
2
100
AcDbEntity
  8
0
100
AcDbBlockReference
  2
ABC소화기
 10
444.1458018488008
 20
-2686.057461256174
 30
0.0
  0
INSERT
  5
679
330
2
100
AcDbEntity
  8
0
100
AcDbBlockReference
  2
하향식피난구
 10
498.6739180891668
 20
-2686.088132421355
 30
0.0
  0
INSERT
  5
67A
330
2
100
AcDbEntity
  8
0
100
AcDbBlockReference
  2
주방자동소화기
 10
449.4268185110543
 20
-2671.072784411214
 30
0.0
  0
INSERT
  5
67B
330
2
100
AcDbEntity
  8
0
100
AcDbBlockReference
  2
ABC소화기
 10
444.1458268647072
 20
-2671.072808701005
 30
0.0
  0
INSERT
  5
67C
330
2
100
AcDbEntity
  8
0
100
AcDbBlockReference
  2
하향식피난구
 10
498.6739431050732
 20
-2671.103479866185
 30
0.0
  0
INSERT
  5
67D
330
2
100
AcDbEntity
  8
0
100
AcDbBlockReference
  2
주방자동소화기
 10
449.4268183037768
 20
-2656.072784411142
 30
0.0
  0
INSERT
  5
67E
330
2
100
AcDbEntity
  8
0
100
AcDbBlockReference
  2
ABC소화기
 10
444.1458266574296
 20
-2656.072808700932
 30
0.0
  0
INSERT
  5
67F
330
2
100
AcDbEntity
  8
0
100
AcDbBlockReference
  2
하향식피난구
 10
498.6739428977958
 20
-2656.103479866112
 30
0.0
  0
INSERT
  5
680
330
2
100
AcDbEntity
  8
0
100
AcDbBlockReference
  2
주방자동소화기
 10
449.4267934968942
 20
-2641.057436961887
 30
0.0
  0
INSERT
  5
681
330
2
100
AcDbEntity
  8
0
100
AcDbBlockReference
  2
ABC소화기
 10
444.1458018505469
 20
-2641.057461251678
 30
0.0
  0
INSERT
  5
682
330
2
100
AcDbEntity
  8
0
100
AcDbBlockReference
  2
하향식피난구
 10
498.6739180909132
 20
-2641.088132416857
 30
0.0
  0
INSERT
  5
683
330
2
100
AcDbEntity
  8
0
100
AcDbBlockReference
  2
주방자동소화기
 10
449.4268192232834
 20
-2626.07278440778
 30
0.0
  0
INSERT
  5
684
330
2
100
AcDbEntity
  8
0
100
AcDbBlockReference
  2
ABC소화기
 10
444.1458275769361
 20
-2626.072808697571
 30
0.0
  0
INSERT
  5
685
330
2
100
AcDbEntity
  8
0
100
AcDbBlockReference
  2
하향식피난구
 10
498.6739438173023
 20
-2626.10347986275
 30
0.0
  0
INSERT
  5
686
330
2
100
AcDbEntity
  8
0
100
AcDbBlockReference
  2
주방자동소화기
 10
362.6739687564115
 20
-2700.996050069309
 30
0.0
  0
INSERT
  5
687
330
2
100
AcDbEntity
  8
0
100
AcDbBlockReference
  2
ABC소화기
 10
367.9549604027562
 20
-2700.996074024715
 30
0.0
  0
INSERT
  5
688
330
2
100
AcDbEntity
  8
0
100
AcDbBlockReference
  2
주방자동소화기
 10
362.6739687564115
 20
-2685.996050086349
 30
0.0
  0
INSERT
  5
689
330
2
100
AcDbEntity
  8
0
100
AcDbBlockReference
  2
ABC소화기
 10
367.9549604027562
 20
-2685.996074041756
 30
0.0
  0
INSERT
  5
68A
330
2
100
AcDbEntity
  8
0
100
AcDbBlockReference
  2
하향식피난구
 10
302.9549464628646
 20
-2686.026745206935
 30
0.0
  0
INSERT
  5
68B
330
2
100
AcDbEntity
  8
0
100
AcDbBlockReference
  2
주방자동소화기
 10
362.6739437399812
 20
-2685.980702366778
 30
0.0
  0
INSERT
  5
68C
330
2
100
AcDbEntity
  8
0
100
AcDbBlockReference
  2
ABC소화기
 10
367.9549353863259
 20
-2685.980726322185
 30
0.0
  0
INSERT
  5
68D
330
2
100
AcDbEntity
  8
0
100
AcDbBlockReference
  2
하향식피난구
 10
302.9549214464342
 20
-2686.011397487364
 30
0.0
  0
INSERT
  5
68E
330
2
100
AcDbEntity
  8
0
100
AcDbBlockReference
  2
주방자동소화기
 10
362.6739687558876
 20
-2670.996049811609
 30
0.0
  0
INSERT
  5
68F
330
2
100
AcDbEntity
  8
0
100
AcDbBlockReference
  2
ABC소화기
 10
367.9549604022323
 20
-2670.996073767016
 30
0.0
  0
INSERT
  5
690
330
2
100
AcDbEntity
  8
0
100
AcDbBlockReference
  2
하향식피난구
 10
302.9549464623407
 20
-2671.026744932195
 30
0.0
  0
INSERT
  5
691
330
2
100
AcDbEntity
  8
0
100
AcDbBlockReference
  2
주방자동소화기
 10
362.6739685486102
 20
-2655.996049811536
 30
0.0
  0
INSERT
  5
692
330
2
100
AcDbEntity
  8
0
100
AcDbBlockReference
  2
ABC소화기
 10
367.9549601949549
 20
-2655.996073766943
 30
0.0
  0
INSERT
  5
693
330
2
100
AcDbEntity
  8
0
100
AcDbBlockReference
  2
하향식피난구
 10
302.9549462550632
 20
-2656.026744932122
 30
0.0
  0
INSERT
  5
694
330
2
100
AcDbEntity
  8
0
100
AcDbBlockReference
  2
주방자동소화기
 10
362.6739437417274
 20
-2640.980702362282
 30
0.0
  0
INSERT
  5
695
330
2
100
AcDbEntity
  8
0
100
AcDbBlockReference
  2
ABC소화기
 10
367.9549353880722
 20
-2640.980726317688
 30
0.0
  0
INSERT
  5
696
330
2
100
AcDbEntity
  8
0
100
AcDbBlockReference
  2
하향식피난구
 10
302.9549214481805
 20
-2641.011397482869
 30
0.0
  0
INSERT
  5
697
330
2
100
AcDbEntity
  8
0
100
AcDbBlockReference
  2
주방자동소화기
 10
362.6739694681165
 20
-2625.996049808175
 30
0.0
  0
INSERT
  5
698
330
2
100
AcDbEntity
  8
0
100
AcDbBlockReference
  2
ABC소화기
 10
367.9549611144613
 20
-2625.996073763581
 30
0.0
  0
INSERT
  5
699
330
2
100
AcDbEntity
  8
0
100
AcDbBlockReference
  2
하향식피난구
 10
302.9549471745696
 20
-2626.026744928761
 30
0.0
  0
INSERT
  5
69A
330
2
100
AcDbEntity
  8
0
100
AcDbBlockReference
  2
zw$4DED
 10
438.8648391590966
 20
-2685.950006650325
 30
0.0
  0
INSERT
  5
6D9
330
2
100
AcDbEntity
  8
0
100
AcDbBlockReference
  2
zw$4DED
 10
438.8648351997483
 20
-2700.950007383524
 30
0.0
  0
INSERT
  5
6DA
330
2
100
AcDbEntity
  8
0
100
AcDbBlockReference
  2
zw$E6AF
 10
438.8648352938496
 20
-2670.965354034431
 30
0.0
  0
INSERT
  5
729
330
2
100
AcDbEntity
  8
0
100
AcDbBlockReference
  2
zw$E6AF
 10
438.954934567744
 20
-2655.934659482413
 30
0.0
  0
INSERT
  5
72A
330
2
100
AcDbEntity
  8
0
100
AcDbBlockReference
  2
zw$E6AF
 10
438.8648353525006
 20
-2640.96535403003
 30
0.0
  0
INSERT
  5
72B
330
2
100
AcDbEntity
  8
0
100
AcDbBlockReference
  2
zw$D288
 10
438.8648354080889
 20
-2625.980701414134
 30
0.0
  0
INSERT
  5
758
330
2
100
AcDbEntity
  8
0
100
AcDbBlockReference
  2
zw$FDB4
 10
302.9549373726802
 20
-2625.996048083834
 30
0.0
 41
-1.0
  0
INSERT
  5
7A7
330
2
100
AcDbEntity
  8
0
100
AcDbBlockReference
  2
zw$89CA
 10
503.9549354636496
 20
-2625.9960487812
 30
0.0
  0
INSERT
  5
7F6
330
2
100
AcDbEntity
  8
0
100
AcDbBlockReference
  2
zw$FDB4
 10
302.9549373433547
 20
-2640.996048086047
 30
0.0
 41
-1.0
  0
INSERT
  5
7F7
330
2
100
AcDbEntity
  8
0
100
AcDbBlockReference
  2
zw$89CA
 10
503.9549354343241
 20
-2640.996048783412
 30
0.0
  0
INSERT
  5
7F8
330
2
100
AcDbEntity
  8
0
100
AcDbBlockReference
  2
zw$FDB4
 10
302.9549373140292
 20
-2655.996048088236
 30
0.0
 41
-1.0
  0
INSERT
  5
7F9
330
2
100
AcDbEntity
  8
0
100
AcDbBlockReference
  2
zw$89CA
 10
503.9549354049986
 20
-2655.996048785602
 30
0.0
  0
INSERT
  5
7FA
330
2
100
AcDbEntity
  8
0
100
AcDbBlockReference
  2
zw$FDB4
 10
302.9549372847037
 20
-2670.99604809047
 30
0.0
 41
-1.0
  0
INSERT
  5
7FB
330
2
100
AcDbEntity
  8
0
100
AcDbBlockReference
  2
zw$89CA
 10
503.9549353756732
 20
-2670.996048787835
 30
0.0
  0
INSERT
  5
7FC
330
2
100
AcDbEntity
  8
0
100
AcDbBlockReference
  2
zw$FDB4
 10
302.9549372553783
 20
-2685.99604809266
 30
0.0
 41
-1.0
  0
INSERT
  5
7FD
330
2
100
AcDbEntity
  8
0
100
AcDbBlockReference
  2
zw$89CA
 10
503.9549353463478
 20
-2685.996048790026
 30
0.0
  0
INSERT
  5
7FE
330
2
100
AcDbEntity
  8
0
100
AcDbBlockReference
  2
zw$FDB4
 10
302.9549372260528
 20
-2700.996048094872
 30
0.0
 41
-1.0
  0
INSERT
  5
7FF
330
2
100
AcDbEntity
  8
0
100
AcDbBlockReference
  2
zw$89CA
 10
503.9549353170222
 20
-2700.996048792237
 30
0.0
  0
LINE
  5
800
330
2
100
AcDbEntity
  8
arch
100
AcDbLine
 10
438.8648422422374
 20
-2600.495971726254
 30
0.0
 11
503.8648708496183
 21
-2600.495971726254
 31
0.0
  0
LINE
  5
801
330
2
100
AcDbEntity
  8
arch
100
AcDbLine
 10
438.8648419725937
 20
-2610.996048100875
 30
0.0
 11
503.8648708791621
 21
-2610.996048126479
 31
0.0
  0
LINE
  5
802
330
2
100
AcDbEntity
  8
arch
100
AcDbLine
 10
438.864841966685
 20
-2625.996048100875
 30
0.0
 11
503.8648708732534
 21
-2625.996048126479
 31
0.0
  0
LINE
  5
803
330
2
100
AcDbEntity
  8
arch
100
AcDbLine
 10
438.8648419607762
 20
-2640.996048100875
 30
0.0
 11
503.8648708673447
 21
-2640.99604812648
 31
0.0
  0
LINE
  5
804
330
2
100
AcDbEntity
  8
arch
100
AcDbLine
 10
438.8648419548674
 20
-2655.996048100875
 30
0.0
 11
503.8648708614358
 21
-2655.996048126481
 31
0.0
  0
LINE
  5
805
330
2
100
AcDbEntity
  8
arch
100
AcDbLine
 10
438.8648419489588
 20
-2670.996048100875
 30
0.0
 11
503.8648708555272
 21
-2670.996048126479
 31
0.0
  0
LINE
  5
806
330
2
100
AcDbEntity
  8
arch
100
AcDbLine
 10
438.8648419430499
 20
-2685.996048100875
 30
0.0
 11
503.8648708496183
 21
-2685.996048126479
 31
0.0
  0
LINE
  5
807
330
2
100
AcDbEntity
  8
arch
100
AcDbLine
 10
302.9549376423238
 20
-2600.495971726254
 30
0.0
 11
367.9549662497048
 21
-2600.495971726254
 31
0.0
  0
LINE
  5
808
330
2
100
AcDbEntity
  8
arch
100
AcDbLine
 10
302.9549373726802
 20
-2610.996048100875
 30
0.0
 11
367.9549662792485
 21
-2610.996048126479
 31
0.0
  0
LINE
  5
809
330
2
100
AcDbEntity
  8
arch
100
AcDbLine
 10
302.9549373667714
 20
-2625.996048100875
 30
0.0
 11
367.9549662733399
 21
-2625.996048126479
 31
0.0
  0
LINE
  5
80A
330
2
100
AcDbEntity
  8
arch
100
AcDbLine
 10
302.9549373608626
 20
-2640.996048100875
 30
0.0
 11
367.954966267431
 21
-2640.99604812648
 31
0.0
  0
LINE
  5
80B
330
2
100
AcDbEntity
  8
arch
100
AcDbLine
 10
302.9549373549539
 20
-2655.996048100875
 30
0.0
 11
367.9549662615223
 21
-2655.996048126481
 31
0.0
  0
LINE
  5
80C
330
2
100
AcDbEntity
  8
arch
100
AcDbLine
 10
302.9549373490452
 20
-2670.996048100875
 30
0.0
 11
367.9549662556135
 21
-2670.996048126479
 31
0.0
  0
LINE
  5
80D
330
2
100
AcDbEntity
  8
arch
100
AcDbLine
 10
302.9549373431363
 20
-2685.996048100875
 30
0.0
 11
367.9549662497048
 21
-2685.996048126479
 31
0.0
  0
LINE
  5
80E
330
2
100
AcDbEntity
  8
arch
100
AcDbLine
 10
367.9549662497048
 20
-2586.75182268471
 30
0.0
 11
438.8648662497048
 21
-2586.75182268471
 31
0.0
  0
LINE
  5
80F
330
2
100
AcDbEntity
  8
arch
100
AcDbLine
 10
367.9549662497048
 20
-2586.75182268471
 30
0.0
 11
395.8648411158393
 21
-2586.75182268471
 31
0.0
  0
LINE
  5
810
330
2
100
AcDbEntity
  8
arch
100
AcDbLine
 10
438.8648662497048
 20
-2586.751822817227
 30
0.0
 11
438.8648662497048
 21
-2700.996048111511
 31
0.0
  0
LINE
  5
811
330
2
100
AcDbEntity
  8
arch
100
AcDbLine
 10
367.9549662497048
 20
-2586.751822687038
 30
0.0
 11
367.9549662497048
 21
-2700.99604812648
 31
0.0
  0
LWPOLYLINE
  5
812
330
2
100
AcDbEntity
  8
arch
 62
     1
100
AcDbPolyline
 90
        4
 70
     1
 43
0.0
 10
461.9000155901573
 20
-2573.803224427277
 10
485.0859329554054
 20
-2573.803224427277
 10
485.0859329554054
 20
-2568.803224427276
 10
461.9000155901573
 20
-2568.803224427276
  0
TEXT
  5
813
330
2
100
AcDbEntity
  8
arch
 62
     3
100
AcDbText
 10
464.8084423868152
 20
-2572.803224427277
 30
-0.0000000000031154
 40
3.0
  1
59㎡ A형
  7
돋움
 72
     1
 11
473.4929742728396
 21
-2571.303224427277
 31
-0.0000000000031154
100
AcDbText
 73
     2
  0
LWPOLYLINE
  5
814
330
2
100
AcDbEntity
  8
arch
 62
     1
100
AcDbPolyline
 90
        4
 70
     1
 43
0.0
 10
331.4070408532862
 20
-2573.803224442992
 10
354.5929582185345
 20
-2573.803224442992
 10
354.5929582185345
 20
-2568.803224442993
 10
331.4070408532862
 20
-2568.803224442993
  0
TEXT
  5
815
330
2
100
AcDbEntity
  8
arch
 62
     3
100
AcDbText
 10
334.3154676499441
 20
-2572.803224442992
 30
-0.0000000000031154
 40
3.0
  1
59㎡ A형
  7
돋움
 72
     1
 11
342.9999995359685
 21
-2571.303224442992
 31
-0.0000000000031154
100
AcDbText
 73
     2
  0
LINE
  5
816
330
2
100
AcDbEntity
  8
arch
100
AcDbLine
 10
277.5165686005494
 20
-2600.495971726254
 30
0.0
 11
287.95493735536
 21
-2600.495971726254
 31
0.0
  0
LINE
  5
817
330
2
100
AcDbEntity
  8
arch
100
AcDbLine
 10
277.5165686005494
 20
-2600.495971726254
 30
0.0
 11
287.95493735536
 21
-2600.495971726254
 31
0.0
  0
TEXT
  5
818
330
2
100
AcDbEntity
  8
arch
 62
     3
100
AcDbText
 10
278.0388359641932
 20
-2610.834561725575
 30
0.0
 40
2.417420494050729
  1
지붕층
  7
돋움
 72
     4
 11
283.0770420413464
 21
-2609.643891929998
 31
0.0
100
AcDbText
  0
LINE
  5
819
330
2
100
AcDbEntity
  8
arch
100
AcDbLine
 10
302.9549373431363
 20
-2700.996048100875
 30
0.0
 11
503.8648708496183
 21
-2700.996048179657
 31
0.0
  0
LINE
  5
81A
330
2
100
AcDbEntity
  8
arch
100
AcDbLine
 10
302.9549919782931
 20
-2794.007825917797
 30
0.0
 11
503.8648708496183
 21
-2794.007825917797
 31
0.0
  0
TEXT
  5
81B
330
2
100
AcDbEntity
  8
arch
 62
     3
100
AcDbText
 10
278.2093090638598
 20
-2793.629028140876
 30
0.0
 40
2.0
  1
지하1층
  7
돋움
 72
     4
 11
283.1875994302099
 21
-2792.641239809804
 31
0.0
100
AcDbText
  0
LINE
  5
81C
330
2
100
AcDbEntity
  8
arch
100
AcDbLine
 10
277.5165686003165
 20
-2794.007825917797
 30
0.0
 11
287.9549373551348
 21
-2794.007825917797
 31
0.0
  0
LINE
  5
81D
330
2
100
AcDbEntity
  8
arch
100
AcDbLine
 10
503.8648708496183
 20
-2600.495971726254
 30
0.0
 11
503.8648708496183
 21
-2794.007825917797
 31
0.0
  0
LINE
  5
81E
330
2
100
AcDbEntity
  8
arch
100
AcDbLine
 10
302.9549376423238
 20
-2600.495971726254
 30
0.0
 11
302.9549919782931
 21
-2794.007825917797
 31
0.0
  0
LINE
  5
81F
330
2
100
AcDbEntity
  8
arch
100
AcDbLine
 10
277.5165685995016
 20
-2610.996048046742
 30
0.0
 11
287.9549373543123
 21
-2610.996048046742
 31
0.0
  0
LINE
  5
820
330
2
100
AcDbEntity
  8
arch
100
AcDbLine
 10
277.5165685995016
 20
-2625.99604804907
 30
0.0
 11
287.9549373543123
 21
-2625.99604804907
 31
0.0
  0
TEXT
  5
821
330
2
100
AcDbEntity
  8
arch
 62
     3
100
AcDbText
 10
280.4185355130264
 20
-2625.824721481659
 30
0.0
 40
2.417420494050729
  1
6층
  7
돋움
 72
     4
 11
283.0770420400659
 21
-2624.643891932326
 31
0.0
100
AcDbText
  0
LINE
  5
822
330
2
100
AcDbEntity
  8
arch
100
AcDbLine
 10
277.5165685995016
 20
-2625.99604804907
 30
0.0
 11
287.9549373543123
 21
-2625.99604804907
 31
0.0
  0
TEXT
  5
823
330
2
100
AcDbEntity
  8
arch
 62
     3
100
AcDbText
 10
280.4185355130264
 20
-2640.824721483871
 30
0.0
 40
2.417420494050729
  1
5층
  7
돋움
 72
     4
 11
283.0770420400659
 21
-2639.643891934538
 31
0.0
100
AcDbText
  0
LINE
  5
824
330
2
100
AcDbEntity
  8
arch
100
AcDbLine
 10
277.5165685995016
 20
-2640.99604804907
 30
0.0
 11
287.9549373543123
 21
-2640.99604804907
 31
0.0
  0
TEXT
  5
825
330
2
100
AcDbEntity
  8
arch
 62
     3
100
AcDbText
 10
280.4185355130264
 20
-2655.824721483988
 30
0.0
 40
2.417420494050729
  1
4층
  7
돋움
 72
     4
 11
283.0770420400659
 21
-2654.643891934655
 31
0.0
100
AcDbText
  0
LINE
  5
826
330
2
100
AcDbEntity
  8
arch
100
AcDbLine
 10
277.5165685995016
 20
-2655.996048051282
 30
0.0
 11
287.9549373543123
 21
-2655.996048051282
 31
0.0
  0
TEXT
  5
827
330
2
100
AcDbEntity
  8
arch
 62
     3
100
AcDbText
 10
280.4185355130264
 20
-2670.8247214862
 30
0.0
 40
2.417420494050729
  1
3층
  7
돋움
 72
     4
 11
283.0770420400659
 21
-2669.643891936867
 31
0.0
100
AcDbText
  0
LINE
  5
828
330
2
100
AcDbEntity
  8
arch
100
AcDbLine
 10
277.5165685995016
 20
-2670.99604805361
 30
0.0
 11
287.9549373543123
 21
-2670.99604805361
 31
0.0
  0
TEXT
  5
829
330
2
100
AcDbEntity
  8
arch
 62
     3
100
AcDbText
 10
280.4185355130264
 20
-2685.824721488411
 30
0.0
 40
2.417420494050729
  1
2층
  7
돋움
 72
     4
 11
283.0770420400659
 21
-2684.643891939078
 31
0.0
100
AcDbText
  0
TEXT
  5
82A
330
2
100
AcDbEntity
  8
arch
 62
     3
100
AcDbText
 10
280.5290355051782
 20
-2700.810291492738
 30
0.0
 40
2.417420494050729
  1
1층
  7
돋움
 72
     4
 11
283.1875420322177
 21
-2699.629461943406
 31
0.0
100
AcDbText
  0
LINE
  5
82B
330
2
100
AcDbEntity
  8
arch
100
AcDbLine
 10
277.5165686003165
 20
-2794.007825917797
 30
0.0
 11
277.5165686003165
 21
-2600.495971726254
 31
0.0
  0
LINE
  5
82C
330
2
100
AcDbEntity
  8
arch
100
AcDbLine
 10
287.9549373530317
 20
-2600.495971726254
 30
0.0
 11
287.9549373551348
 21
-2794.007825917797
 31
0.0
  0
LINE
  5
82D
330
2
100
AcDbEntity
  8
arch
100
AcDbLine
 10
277.5165685995016
 20
-2685.996048055822
 30
0.0
 11
287.9549373543123
 21
-2685.996048055822
 31
0.0
  0
LINE
  5
82E
330
2
100
AcDbEntity
  8
arch
100
AcDbLine
 10
277.5165685995016
 20
-2700.996048058151
 30
0.0
 11
287.9549373543123
 21
-2700.996048058151
 31
0.0
  0
ENDSEC
  0
SECTION
  2
OBJECTS
  0
DICTIONARY
  5
9
330
0
100
AcDbDictionary
281
     1
  3
ACAD_COLOR
350
2E
  3
ACAD_DATALINK
350
85B
  3
ACAD_GROUP
350
29
  3
ACAD_LAYOUT
350
10
  3
ACAD_MATERIAL
350
B
  3
ACAD_MLEADERSTYLE
350
31
  3
ACAD_MLINESTYLE
350
2A
  3
ACAD_PLOTSETTINGS
350
2B
  3
ACAD_PLOTSTYLENAME
350
8
  3
ACAD_SCALELIST
350
2F
  3
ACAD_SECTIONVIEWSTYLE
350
85D
  3
ACAD_TABLESTYLE
350
30
  3
ACAD_VISUALSTYLE
350
23
  3
ACDB_RECOMPOSE_DATA
350
843
  3
AcDbVariableDictionary
350
32
  0
DICTIONARY
  5
19
330
18
100
AcDbDictionary
280
     1
281
     1
  3
ACAD_LAYERSTATES
360
1A
  0
DICTIONARY
  5
4AA
330
4A9
100
AcDbDictionary
280
     1
281
     1
  3
ADSK_XREC_LAYER_RECONCILED
360
4AB
  0
DICTIONARY
  5
3
330
2
100
AcDbDictionary
280
     1
281
     1
  3
ACAD_SORTENTS
360
83D
  0
DICTIONARY
  5
483
330
482
100
AcDbDictionary
280
     1
281
     1
  3
ACAD_SORTENTS
360
82F
  0
DICTIONARY
  5
4A1
330
4A0
100
AcDbDictionary
280
     1
281
     1
  3
ACAD_SORTENTS
360
830
  0
DICTIONARY
  5
4D5
330
4D4
100
AcDbDictionary
280
     1
281
     1
  3
ACAD_SORTENTS
360
831
  0
DICTIONARY
  5
50F
330
50E
100
AcDbDictionary
280
     1
281
     1
  3
ACAD_SORTENTS
360
832
  0
DICTIONARY
  5
368
330
367
100
AcDbDictionary
280
     1
281
     1
  3
ACAD_SORTENTS
360
833
  0
DICTIONARY
  5
7A9
330
7A8
100
AcDbDictionary
280
     1
281
     1
  3
ACAD_SORTENTS
360
834
  0
DICTIONARY
  5
75A
330
759
100
AcDbDictionary
280
     1
281
     1
  3
ACAD_SORTENTS
360
835
  0
DICTIONARY
  5
6A9
330
6A8
100
AcDbDictionary
280
     1
281
     1
  3
ACAD_ENHANCEDBLOCK
360
6AA
  3
AcDbDynamicBlockRoundTripPurgePreventer
360
6AC
  0
DICTIONARY
  5
69C
330
69B
100
AcDbDictionary
280
     1
281
     1
  3
ACAD_SORTENTS
360
836
  0
DICTIONARY
  5
72D
330
72C
100
AcDbDictionary
280
     1
281
     1
  3
ACAD_SORTENTS
360
837
  0
DICTIONARY
  5
6DC
330
6DB
100
AcDbDictionary
280
     1
281
     1
  3
ACAD_SORTENTS
360
838
  0
DICTIONARY
  5
670
330
66F
100
AcDbDictionary
280
     1
281
     1
  3
ACAD_SORTENTS
360
839
  0
DICTIONARY
  5
19D
330
19C
100
AcDbDictionary
280
     1
281
     1
  3
ACAD_SORTENTS
360
83A
  0
DICTIONARY
  5
64
330
63
100
AcDbDictionary
280
     1
281
     1
  3
ACAD_SORTENTS
360
83B
  0
DICTIONARY
  5
69
330
68
100
AcDbDictionary
280
     1
281
     1
  3
ACAD_SORTENTS
360
83C
  0
DICTIONARY
  5
2E
102
{ACAD_REACTORS
330
9
102
}
330
9
100
AcDbDictionary
281
     1
  0
DICTIONARY
  5
85B
102
{ACAD_REACTORS
330
9
102
}
330
9
100
AcDbDictionary
280
     1
281
     1
  0
DICTIONARY
  5
29
102
{ACAD_REACTORS
330
9
102
}
330
9
100
AcDbDictionary
281
     1
  0
DICTIONARY
  5
10
102
{ACAD_REACTORS
330
9
102
}
330
9
100
AcDbDictionary
281
     1
  3
Model
350
F
  3
배치2
350
16
1001
AcadStringInfo
1000
MIFCodePage
1070
     3
  0
DICTIONARY
  5
B
102
{ACAD_REACTORS
330
9
102
}
330
9
100
AcDbDictionary
281
     1
  3
ByBlock
350
2D
  3
ByLayer
350
2C
  3
Global
350
A
  0
DICTIONARY
  5
31
102
{ACAD_REACTORS
330
9
102
}
330
9
100
AcDbDictionary
281
     1
  3
Standard
350
85C
  0
DICTIONARY
  5
2A
102
{ACAD_REACTORS
330
9
102
}
330
9
100
AcDbDictionary
281
     1
  3
Standard
350
3E
  0
DICTIONARY
  5
2B
102
{ACAD_REACTORS
330
9
102
}
330
9
100
AcDbDictionary
281
     1
  0
ACDBDICTIONARYWDFLT
  5
8
102
{ACAD_REACTORS
330
9
102
}
330
9
100
AcDbDictionary
281
     1
  3
Normal
350
7
100
AcDbDictionaryWithDefault
340
7
  0
DICTIONARY
  5
2F
102
{ACAD_REACTORS
330
9
102
}
330
9
100
AcDbDictionary
281
     1
  3
A0
350
41
  3
A1
350
42
  3
A2
350
43
  3
A3
350
44
  3
A4
350
45
  3
A5
350
46
  3
A6
350
47
  3
A7
350
48
  3
A8
350
49
  3
A9
350
4A
  3
B0
350
4B
  3
B1
350
4C
  3
B2
350
4D
  3
B3
350
4E
  3
B4
350
4F
  3
B5
350
50
  3
B6
350
51
  3
B7
350
52
  3
B8
350
53
  3
B9
350
54
  3
C0
350
55
  3
C1
350
56
  3
C2
350
57
  3
C3
350
58
  3
C4
350
59
  3
C5
350
5A
  3
C6
350
5B
  3
C7
350
5C
  3
C8
350
5D
  3
C9
350
5E
  3
D0
350
5F
  3
D1
350
60
  3
D2
350
61
  0
DICTIONARY
  5
85D
102
{ACAD_REACTORS
330
9
102
}
330
9
100
AcDbDictionary
281
     1
  0
DICTIONARY
  5
30
102
{ACAD_REACTORS
330
9
102
}
330
9
100
AcDbDictionary
281
     1
  3
Standard
350
3F
  0
DICTIONARY
  5
23
102
{ACAD_REACTORS
330
9
102
}
330
9
100
AcDbDictionary
281
     1
  3
2dWireframe
350
22
  3
Basic
350
84A
  3
Brighten
350
84E
  3
ColorChange
350
852
  3
Conceptual
350
84C
  3
Dim
350
84D
  3
EdgeColorOff
350
855
  3
Facepattern
350
851
  3
Flat
350
844
  3
FlatWithEdges
350
845
  3
Gouraud
350
846
  3
GouraudWithEdges
350
847
  3
Hidden
350
849
  3
JitterOff
350
853
  3
Linepattern
350
850
  3
OverhangOff
350
854
  3
Realistic
350
84B
  3
Shaded
350
85A
  3
Shaded with edges
350
859
  3
Shades of Gray
350
856
  3
Sketchy
350
857
  3
Thicken
350
84F
  3
Wireframe
350
848
  3
X-Ray
350
858
  0
XRECORD
  5
843
102
{ACAD_REACTORS
330
9
102
}
330
9
100
AcDbXrecord
280
     1
 90
        1
330
3F
  0
DICTIONARY
  5
32
102
{ACAD_REACTORS
330
9
102
}
330
9
100
AcDbDictionary
281
     1
  3
CANNOSCALE
350
33
  3
CMLEADERSTYLE
350
34
  3
CTABLESTYLE
350
35
  3
CVIEWSECTIONSTYLE
350
37
  3
DGNFRAME
350
38
  3
DIMASSOC
350
39
  3
HIDETEXT
350
3A
  3
PROJECTNAME
350
3B
  3
XCLIPFRAME
350
3C
  0
DICTIONARY
  5
1A
102
{ACAD_REACTORS
330
19
102
}
330
19
100
AcDbDictionary
281
     1
  0
XRECORD
  5
4AB
102
{ACAD_REACTORS
330
4AA
102
}
330
4AA
100
AcDbXrecord
280
     1
290
     1
  0
SORTENTSTABLE
  5
83D
102
{ACAD_REACTORS
330
3
102
}
330
3
100
AcDbSortentsTable
330
2
331
2D7
  5
5FF
331
280
  5
684
331
827
  5
15D
331
32E
  5
438
331
72A
  5
194
331
6DA
  5
196
331
32F
  5
437
331
82E
  5
62
331
72B
  5
193
331
7FE
  5
186
331
17A
  5
80A
331
81E
  5
166
331
826
  5
15E
331
1BC
  5
68D
331
308
  5
45E
331
30E
  5
458
331
80F
  5
175
331
683
  5
281
331
2D8
  5
5FE
331
828
  5
15C
331
82D
  5
155
331
2D5
  5
601
331
67E
  5
286
331
810
  5
174
331
663
  5
294
331
808
  5
17C
331
309
  5
45D
331
2D9
  5
5FD
331
682
  5
282
331
829
  5
15B
331
82A
  5
159
331
30C
  5
45A
331
607
  5
2C2
331
166
  5
81E
331
1B7
  5
691
331
303
  5
463
331
659
  5
29E
331
678
  5
28C
331
322
  5
444
331
823
  5
161
331
82B
  5
158
331
82C
  5
157
331
729
  5
195
331
820
  5
164
331
321
  5
445
331
67B
  5
289
331
605
  5
2C4
331
15B
  5
829
331
30A
  5
45C
331
677
  5
28D
331
325
  5
441
331
824
  5
160
331
804
  5
180
331
305
  5
461
331
81D
  5
167
331
324
  5
442
331
825
  5
15F
331
30D
  5
459
331
690
  5
1B9
331
81A
  5
16A
331
822
  5
162
331
314
  5
452
331
66E
  5
28E
331
2E6
  5
480
331
819
  5
16B
331
2EE
  5
478
331
821
  5
163
331
697
  5
1AE
331
68B
  5
1BE
331
81F
  5
165
331
818
  5
16C
331
61A
  5
2B6
331
81C
  5
168
331
1BE
  5
68B
331
81B
  5
169
331
2F7
  5
46F
331
66C
  5
291
331
316
  5
450
331
817
  5
16D
331
30F
  5
457
331
80E
  5
176
331
2F0
  5
476
331
317
  5
44F
331
816
  5
16E
331
1C0
  5
689
331
815
  5
16F
331
814
  5
170
331
170
  5
814
331
813
  5
171
331
2F4
  5
472
331
812
  5
172
331
2F1
  5
475
331
1B4
  5
694
331
811
  5
173
331
617
  5
2B9
331
304
  5
462
331
805
  5
17F
331
80D
  5
177
331
301
  5
465
331
65B
  5
29C
331
7A7
  5
190
331
60A
  5
2BF
331
311
  5
455
331
686
  5
27E
331
185
  5
7FF
331
286
  5
67E
331
80C
  5
178
331
803
  5
181
331
184
  5
800
331
80B
  5
179
331
80A
  5
17A
331
662
  5
295
331
809
  5
17B
331
2D6
  5
600
331
67D
  5
287
331
327
  5
43F
331
65E
  5
299
331
328
  5
43E
331
17D
  5
807
331
67F
  5
285
331
62E
  5
2B1
331
2D4
  5
602
331
807
  5
17D
331
183
  5
801
331
173
  5
811
331
326
  5
440
331
806
  5
17E
331
2FF
  5
467
331
758
  5
192
331
5FC
  5
2DA
331
7FA
  5
18B
331
285
  5
67F
331
2D2
  5
604
331
802
  5
182
331
7F9
  5
18C
331
155
  5
82D
331
801
  5
183
331
330
  5
436
331
283
  5
681
331
331
  5
435
331
2E0
  5
5F6
331
800
  5
184
331
657
  5
2A0
331
606
  5
2C3
331
658
  5
29F
331
302
  5
464
331
288
  5
67C
331
2DF
  5
5F7
331
7FF
  5
185
331
2DE
  5
5F8
331
7FD
  5
188
331
7FC
  5
189
331
2F3
  5
473
331
5FA
  5
2DC
331
680
  5
284
331
2DB
  5
5FB
331
7FB
  5
18A
331
7F8
  5
18D
331
7F7
  5
18E
331
69A
  5
198
331
7F6
  5
18F
331
6D9
  5
197
331
2FC
  5
46A
331
661
  5
296
331
699
  5
199
331
698
  5
19B
331
31F
  5
447
331
177
  5
80D
331
619
  5
2B7
331
696
  5
1B1
331
171
  5
813
331
695
  5
1B3
331
618
  5
2B8
331
694
  5
1B4
331
693
  5
1B5
331
692
  5
1B6
331
691
  5
1B7
331
68F
  5
1BA
331
334
  5
432
331
68E
  5
1BB
331
600
  5
2D6
331
68D
  5
1BC
331
68C
  5
1BD
331
336
  5
430
331
68A
  5
1BF
331
689
  5
1C0
331
638
  5
2A7
331
2E2
  5
5EE
331
688
  5
1C1
331
687
  5
27C
331
636
  5
2A9
331
685
  5
27F
331
157
  5
82C
331
684
  5
280
331
632
  5
2AD
331
65F
  5
298
331
681
  5
283
331
65D
  5
29A
331
307
  5
45F
331
67C
  5
288
331
30B
  5
45B
331
320
  5
446
331
67A
  5
28A
331
679
  5
28B
331
5CB
  5
2E4
331
323
  5
443
331
66D
  5
28F
331
66B
  5
292
331
664
  5
293
331
2F6
  5
470
331
660
  5
297
331
65C
  5
29B
331
300
  5
466
331
65A
  5
29D
331
608
  5
2C1
331
656
  5
2A1
331
333
  5
433
331
655
  5
2A3
331
604
  5
2D2
331
654
  5
2A4
331
649
  5
2A5
331
5F8
  5
2DE
331
312
  5
454
331
641
  5
2A6
331
637
  5
2A8
331
635
  5
2AA
331
634
  5
2AB
331
633
  5
2AC
331
631
  5
2AE
331
32A
  5
43C
331
630
  5
2AF
331
32B
  5
43B
331
62F
  5
2B0
331
282
  5
682
331
2F9
  5
46D
331
15C
  5
828
331
62D
  5
2B2
331
161
  5
823
331
624
  5
2B3
331
623
  5
2B4
331
622
  5
2B5
331
2F2
  5
474
331
5FB
  5
2DB
331
616
  5
2BA
331
2ED
  5
479
331
5F6
  5
2E0
331
615
  5
2BB
331
614
  5
2BC
331
613
  5
2BD
331
2F5
  5
471
331
60B
  5
2BE
331
310
  5
456
331
609
  5
2C0
331
603
  5
2D3
331
287
  5
67D
331
602
  5
2D4
331
2E4
  5
5CB
331
335
  5
431
331
601
  5
2D5
331
28A
  5
67A
331
5FF
  5
2D7
331
5FE
  5
2D8
331
5FD
  5
2D9
331
5F9
  5
2DD
331
5F7
  5
2DF
331
5EF
  5
2E1
331
5EE
  5
2E2
331
5ED
  5
2E3
331
284
  5
680
331
178
  5
80C
331
182
  5
802
331
15D
  5
827
331
318
  5
44E
331
165
  5
81F
331
1B6
  5
692
331
164
  5
820
331
1B5
  5
693
331
306
  5
460
331
1B1
  5
696
331
2F8
  5
46E
331
2EF
  5
477
331
28B
  5
679
331
2E5
  5
481
331
2EA
  5
47C
331
2DD
  5
5F9
331
332
  5
434
331
180
  5
804
331
31E
  5
448
331
31B
  5
44B
331
313
  5
453
331
160
  5
824
331
2FB
  5
46B
331
2EB
  5
47B
331
169
  5
81B
331
31C
  5
44A
331
329
  5
43D
331
2DC
  5
5FA
331
32D
  5
439
331
32C
  5
43A
331
31D
  5
449
331
31A
  5
44C
331
319
  5
44D
331
163
  5
821
331
2C4
  5
605
331
315
  5
451
331
2FE
  5
468
331
2FD
  5
469
331
2FA
  5
46C
331
2EC
  5
47A
331
2E9
  5
47D
331
2E8
  5
47E
331
2E7
  5
47F
331
2E3
  5
5ED
331
2E1
  5
5EF
331
2DA
  5
5FC
331
2D3
  5
603
331
289
  5
67B
331
281
  5
683
331
16E
  5
816
331
1BF
  5
68A
331
16C
  5
818
331
1BD
  5
68C
331
16A
  5
81A
331
1BB
  5
68E
331
1BA
  5
68F
331
168
  5
81C
331
1B9
  5
690
331
162
  5
822
331
1B3
  5
695
331
1AE
  5
697
331
19B
  5
698
331
199
  5
699
331
181
  5
803
331
17F
  5
805
331
17E
  5
806
331
17C
  5
808
331
17B
  5
809
331
179
  5
80B
331
176
  5
80E
331
175
  5
80F
331
174
  5
810
331
172
  5
812
331
16F
  5
815
331
16D
  5
817
331
16B
  5
819
331
167
  5
81D
331
15F
  5
825
331
15E
  5
826
331
159
  5
82A
331
158
  5
82B
  0
SORTENTSTABLE
  5
82F
102
{ACAD_REACTORS
330
483
102
}
330
483
100
AcDbSortentsTable
330
482
  0
SORTENTSTABLE
  5
830
102
{ACAD_REACTORS
330
4A1
102
}
330
4A1
100
AcDbSortentsTable
330
4A0
  0
SORTENTSTABLE
  5
831
102
{ACAD_REACTORS
330
4D5
102
}
330
4D5
100
AcDbSortentsTable
330
4D4
  0
SORTENTSTABLE
  5
832
102
{ACAD_REACTORS
330
50F
102
}
330
50F
100
AcDbSortentsTable
330
50E
  0
SORTENTSTABLE
  5
833
102
{ACAD_REACTORS
330
368
102
}
330
368
100
AcDbSortentsTable
330
367
  0
SORTENTSTABLE
  5
834
102
{ACAD_REACTORS
330
7A9
102
}
330
7A9
100
AcDbSortentsTable
330
7A8
  0
SORTENTSTABLE
  5
835
102
{ACAD_REACTORS
330
75A
102
}
330
75A
100
AcDbSortentsTable
330
759
  0
ACAD_EVALUATION_GRAPH
  5
6AA
102
{ACAD_REACTORS
330
6A9
102
}
330
6A9
100
AcDbEvalGraph
 96
        1
 97
        1
 91
        0
 93
       32
 95
        1
360
6AB
 92
       -1
 92
       -1
 92
       -1
 92
       -1
  0
ACDB_DYNAMICBLOCKPURGEPREVENTER_VERSION
  5
6AC
102
{ACAD_REACTORS
330
6A9
102
}
330
6A9
100
AcDbDynamicBlockPurgePreventer
 70
     1
  0
SORTENTSTABLE
  5
836
102
{ACAD_REACTORS
330
69C
102
}
330
69C
100
AcDbSortentsTable
330
69B
  0
SORTENTSTABLE
  5
837
102
{ACAD_REACTORS
330
72D
102
}
330
72D
100
AcDbSortentsTable
330
72C
  0
SORTENTSTABLE
  5
838
102
{ACAD_REACTORS
330
6DC
102
}
330
6DC
100
AcDbSortentsTable
330
6DB
  0
SORTENTSTABLE
  5
839
102
{ACAD_REACTORS
330
670
102
}
330
670
100
AcDbSortentsTable
330
66F
  0
SORTENTSTABLE
  5
83A
102
{ACAD_REACTORS
330
19D
102
}
330
19D
100
AcDbSortentsTable
330
19C
  0
SORTENTSTABLE
  5
83B
102
{ACAD_REACTORS
330
64
102
}
330
64
100
AcDbSortentsTable
330
63
331
11A
  5
114
331
11B
  5
115
331
114
  5
118
331
11C
  5
116
331
118
  5
67
331
115
  5
119
331
67
  5
11C
331
116
  5
11A
331
111
  5
117
331
119
  5
111
331
117
  5
11B
  0
SORTENTSTABLE
  5
83C
102
{ACAD_REACTORS
330
69
102
}
330
69
100
AcDbSortentsTable
330
68
331
79
  5
6F
331
7A
  5
70
331
77
  5
6E
331
78
  5
7A
331
75
  5
79
331
71
  5
6C
331
6E
  5
75
331
6F
  5
77
331
70
  5
78
331
6C
  5
71
  0
LAYOUT
  5
F
102
{ACAD_REACTORS
330
10
102
}
330
10
100
AcDbPlotSettings
  1

  2
DWG to PDF.pc5
  4
ISO_A4_(210.00_x_297.00_MM)
  6

 40
5.0
 41
10.0
 42
5.0
 43
10.0
 44
210.0
 45
297.0
 46
2.060714285714381
 47
-0.0000000000000211
 48
0.0000000000218279
 49
0.0
140
840.0000000000227
141
594.0
142
1.0
143
2.071222206917369
 70
 11956
 72
     1
 73
     1
 74
     4
  7
주공A3.ctb
 75
     0
 76
     1
 77
     2
 78
   300
147
0.3297619047619044
148
-0.0000000000218279
149
0.0
100
AcDbLayout
  1
Model
 70
     1
 71
     0
 10
0.0
 20
0.0
 11
420.0
 21
297.0
 12
0.0
 22
0.0
 32
0.0
 14
1.000000000000000E+20
 24
1.000000000000000E+20
 34
1.000000000000000E+20
 15
-1.000000000000000E+20
 25
-1.000000000000000E+20
 35
-1.000000000000000E+20
146
0.0
 13
0.0
 23
0.0
 33
0.0
 16
1.0
 26
0.0
 36
0.0
 17
0.0
 27
1.0
 37
0.0
 76
     0
330
2
331
21
1001
ACAD_PSEXT
1000
SINDOH D410 Series PCL (1 복사)
1000
SINDOH D410 Series PCL
1000
192.168.0.230_2
1000

1070
     0
  0
LAYOUT
  5
16
102
{ACAD_REACTORS
330
10
102
}
330
10
100
AcDbPlotSettings
  1

  2
None
  4
ISO_A4_(210.00_x_297.00_MM)
  6

 40
7.5
 41
20.0
 42
7.5
 43
20.0
 44
210.0
 45
297.0
 46
0.0
 47
0.0
 48
0.0
 49
0.0
140
0.0
141
0.0
142
1.0
143
1.0
 70
   688
 72
     1
 73
     1
 74
     5
  7

 75
    16
 76
     0
 77
     2
 78
   300
147
1.0
148
0.0
149
0.0
100
AcDbLayout
  1
배치2
 70
     1
 71
     1
 10
-20.0
 20
-7.5
 11
277.0
 21
202.5
 12
0.0
 22
0.0
 32
0.0
 14
25.69999999999999
 24
19.5
 34
0.0
 15
231.3
 25
175.5
 35
0.0
146
0.0
 13
0.0
 23
0.0
 33
0.0
 16
1.0
 26
0.0
 36
0.0
 17
0.0
 27
1.0
 37
0.0
 76
     0
330
13
1001
AcadStringInfo
1000
MIFCodePage
1070
     3
  0
MATERIAL
  5
2D
102
{ACAD_REACTORS
330
B
102
}
330
B
100
AcDbMaterial
  1
ByBlock
 72
     0
 73
     2
 43
0.0008202099737533
 43
0.0
 43
0.0
 43
0.0
 43
0.0
 43
0.0008202099737533
 43
0.0
 43
0.0
 43
0.0
 43
0.0
 43
1.0
 43
0.0
 43
0.0
 43
0.0
 43
0.0
 43
1.0
 77
     0
 78
     2
 47
0.0008202099737533
 47
0.0
 47
0.0
 47
0.0
 47
0.0
 47
0.0008202099737533
 47
0.0
 47
0.0
 47
0.0
 47
0.0
 47
1.0
 47
0.0
 47
0.0
 47
0.0
 47
0.0
 47
1.0
171
     0
172
     2
 49
0.0008202099737533
 49
0.0
 49
0.0
 49
0.0
 49
0.0
 49
0.0008202099737533
 49
0.0
 49
0.0
 49
0.0
 49
0.0
 49
1.0
 49
0.0
 49
0.0
 49
0.0
 49
0.0
 49
1.0
175
     0
176
     2
142
0.0008202099737533
142
0.0
142
0.0
142
0.0
142
0.0
142
0.0008202099737533
142
0.0
142
0.0
142
0.0
142
0.0
142
1.0
142
0.0
142
0.0
142
0.0
142
0.0
142
1.0
179
     0
270
     2
144
0.0008202099737533
144
0.0
144
0.0
144
0.0
144
0.0
144
0.0008202099737533
144
0.0
144
0.0
144
0.0
144
0.0
144
1.0
144
0.0
144
0.0
144
0.0
144
0.0
144
1.0
274
     2
147
0.0008202099737533
147
0.0
147
0.0
147
0.0
147
0.0
147
0.0008202099737533
147
0.0
147
0.0
147
0.0
147
0.0
147
1.0
147
0.0
147
0.0
147
0.0
147
0.0
147
1.0
 94
      127
  0
MATERIAL
  5
2C
102
{ACAD_REACTORS
330
B
102
}
330
B
100
AcDbMaterial
  1
ByLayer
 72
     0
 73
     2
 43
0.0008202099737533
 43
0.0
 43
0.0
 43
0.0
 43
0.0
 43
0.0008202099737533
 43
0.0
 43
0.0
 43
0.0
 43
0.0
 43
1.0
 43
0.0
 43
0.0
 43
0.0
 43
0.0
 43
1.0
 77
     0
 78
     2
 47
0.0008202099737533
 47
0.0
 47
0.0
 47
0.0
 47
0.0
 47
0.0008202099737533
 47
0.0
 47
0.0
 47
0.0
 47
0.0
 47
1.0
 47
0.0
 47
0.0
 47
0.0
 47
0.0
 47
1.0
171
     0
172
     2
 49
0.0008202099737533
 49
0.0
 49
0.0
 49
0.0
 49
0.0
 49
0.0008202099737533
 49
0.0
 49
0.0
 49
0.0
 49
0.0
 49
1.0
 49
0.0
 49
0.0
 49
0.0
 49
0.0
 49
1.0
175
     0
176
     2
142
0.0008202099737533
142
0.0
142
0.0
142
0.0
142
0.0
142
0.0008202099737533
142
0.0
142
0.0
142
0.0
142
0.0
142
1.0
142
0.0
142
0.0
142
0.0
142
0.0
142
1.0
179
     0
270
     2
144
0.0008202099737533
144
0.0
144
0.0
144
0.0
144
0.0
144
0.0008202099737533
144
0.0
144
0.0
144
0.0
144
0.0
144
1.0
144
0.0
144
0.0
144
0.0
144
0.0
144
1.0
274
     2
147
0.0008202099737533
147
0.0
147
0.0
147
0.0
147
0.0
147
0.0008202099737533
147
0.0
147
0.0
147
0.0
147
0.0
147
1.0
147
0.0
147
0.0
147
0.0
147
0.0
147
1.0
 94
      127
  0
MATERIAL
  5
A
102
{ACAD_REACTORS
330
B
102
}
330
B
100
AcDbMaterial
  1
Global
 72
     0
 73
     2
 43
0.0008202099737533
 43
0.0
 43
0.0
 43
0.0
 43
0.0
 43
0.0008202099737533
 43
0.0
 43
0.0
 43
0.0
 43
0.0
 43
1.0
 43
0.0
 43
0.0
 43
0.0
 43
0.0
 43
1.0
 77
     0
 78
     2
 47
0.0008202099737533
 47
0.0
 47
0.0
 47
0.0
 47
0.0
 47
0.0008202099737533
 47
0.0
 47
0.0
 47
0.0
 47
0.0
 47
1.0
 47
0.0
 47
0.0
 47
0.0
 47
0.0
 47
1.0
171
     0
172
     2
 49
0.0008202099737533
 49
0.0
 49
0.0
 49
0.0
 49
0.0
 49
0.0008202099737533
 49
0.0
 49
0.0
 49
0.0
 49
0.0
 49
1.0
 49
0.0
 49
0.0
 49
0.0
 49
0.0
 49
1.0
175
     0
176
     2
142
0.0008202099737533
142
0.0
142
0.0
142
0.0
142
0.0
142
0.0008202099737533
142
0.0
142
0.0
142
0.0
142
0.0
142
1.0
142
0.0
142
0.0
142
0.0
142
0.0
142
1.0
179
     0
270
     2
144
0.0008202099737533
144
0.0
144
0.0
144
0.0
144
0.0
144
0.0008202099737533
144
0.0
144
0.0
144
0.0
144
0.0
144
1.0
144
0.0
144
0.0
144
0.0
144
0.0
144
1.0
274
     2
147
0.0008202099737533
147
0.0
147
0.0
147
0.0
147
0.0
147
0.0008202099737533
147
0.0
147
0.0
147
0.0
147
0.0
147
1.0
147
0.0
147
0.0
147
0.0
147
0.0
147
1.0
 94
      127
  0
MLEADERSTYLE
  5
85C
102
{ACAD_REACTORS
330
31
102
}
330
31
100
AcDbMLeaderStyle
179
     2
170
     2
171
     1
172
     0
 90
        2
 40
0.0
 41
0.0
173
     1
 91
-1056964608
340
1D
 92
       -2
290
     1
 42
0.4
291
     1
 43
2.0
  3
Standard
 44
0.18
300

342
3D
174
     1
178
     1
175
     1
176
     0
 93
-1056964608
 45
0.2
292
     0
297
     0
 46
5.0
 94
-1056964608
 47
1.0
 49
1.0
140
1.0
293
     1
141
0.0
294
     1
177
     0
142
1.0
295
     0
296
     0
143
0.125
271
     0
272
     9
273
     9
298
     0
  0
MLINESTYLE
  5
3E
102
{ACAD_REACTORS
330
2A
102
}
330
2A
100
AcDbMlineStyle
  2
STANDARD
 70
     0
  3

 62
   256
 51
90.0
 52
90.0
 71
     2
 49
0.5
 62
   256
  6
BYLAYER
 49
-0.5
 62
   256
  6
BYLAYER
  0
ACDBPLACEHOLDER
  5
7
102
{ACAD_REACTORS
330
8
102
}
330
8
  0
SCALE
  5
41
102
{ACAD_REACTORS
330
2F
102
}
330
2F
100
AcDbScale
 70
     0
300
1:1
140
1.0
141
1.0
290
     1
  0
SCALE
  5
42
102
{ACAD_REACTORS
330
2F
102
}
330
2F
100
AcDbScale
 70
     0
300
1:2
140
1.0
141
2.0
290
     0
  0
SCALE
  5
43
102
{ACAD_REACTORS
330
2F
102
}
330
2F
100
AcDbScale
 70
     0
300
1:4
140
1.0
141
4.0
290
     0
  0
SCALE
  5
44
102
{ACAD_REACTORS
330
2F
102
}
330
2F
100
AcDbScale
 70
     0
300
1:5
140
1.0
141
5.0
290
     0
  0
SCALE
  5
45
102
{ACAD_REACTORS
330
2F
102
}
330
2F
100
AcDbScale
 70
     0
300
1:8
140
1.0
141
8.0
290
     0
  0
SCALE
  5
46
102
{ACAD_REACTORS
330
2F
102
}
330
2F
100
AcDbScale
 70
     0
300
1:10
140
1.0
141
10.0
290
     0
  0
SCALE
  5
47
102
{ACAD_REACTORS
330
2F
102
}
330
2F
100
AcDbScale
 70
     0
300
1:16
140
1.0
141
16.0
290
     0
  0
SCALE
  5
48
102
{ACAD_REACTORS
330
2F
102
}
330
2F
100
AcDbScale
 70
     0
300
1:20
140
1.0
141
20.0
290
     0
  0
SCALE
  5
49
102
{ACAD_REACTORS
330
2F
102
}
330
2F
100
AcDbScale
 70
     0
300
1:30
140
1.0
141
30.0
290
     0
  0
SCALE
  5
4A
102
{ACAD_REACTORS
330
2F
102
}
330
2F
100
AcDbScale
 70
     0
300
1:40
140
1.0
141
40.0
290
     0
  0
SCALE
  5
4B
102
{ACAD_REACTORS
330
2F
102
}
330
2F
100
AcDbScale
 70
     0
300
1:50
140
1.0
141
50.0
290
     0
  0
SCALE
  5
4C
102
{ACAD_REACTORS
330
2F
102
}
330
2F
100
AcDbScale
 70
     0
300
1:100
140
1.0
141
100.0
290
     0
  0
SCALE
  5
4D
102
{ACAD_REACTORS
330
2F
102
}
330
2F
100
AcDbScale
 70
     0
300
2:1
140
2.0
141
1.0
290
     0
  0
SCALE
  5
4E
102
{ACAD_REACTORS
330
2F
102
}
330
2F
100
AcDbScale
 70
     0
300
4:1
140
4.0
141
1.0
290
     0
  0
SCALE
  5
4F
102
{ACAD_REACTORS
330
2F
102
}
330
2F
100
AcDbScale
 70
     0
300
8:1
140
8.0
141
1.0
290
     0
  0
SCALE
  5
50
102
{ACAD_REACTORS
330
2F
102
}
330
2F
100
AcDbScale
 70
     0
300
10:1
140
10.0
141
1.0
290
     0
  0
SCALE
  5
51
102
{ACAD_REACTORS
330
2F
102
}
330
2F
100
AcDbScale
 70
     0
300
100:1
140
100.0
141
1.0
290
     0
  0
SCALE
  5
52
102
{ACAD_REACTORS
330
2F
102
}
330
2F
100
AcDbScale
 70
     0
300
1/128" = 1'-0"
140
0.0078125
141
12.0
290
     0
  0
SCALE
  5
53
102
{ACAD_REACTORS
330
2F
102
}
330
2F
100
AcDbScale
 70
     0
300
1/64" = 1'-0"
140
0.015625
141
12.0
290
     0
  0
SCALE
  5
54
102
{ACAD_REACTORS
330
2F
102
}
330
2F
100
AcDbScale
 70
     0
300
1/32" = 1'-0"
140
0.03125
141
12.0
290
     0
  0
SCALE
  5
55
102
{ACAD_REACTORS
330
2F
102
}
330
2F
100
AcDbScale
 70
     0
300
1/16" = 1'-0"
140
0.0625
141
12.0
290
     0
  0
SCALE
  5
56
102
{ACAD_REACTORS
330
2F
102
}
330
2F
100
AcDbScale
 70
     0
300
3/32" = 1'-0"
140
0.09375
141
12.0
290
     0
  0
SCALE
  5
57
102
{ACAD_REACTORS
330
2F
102
}
330
2F
100
AcDbScale
 70
     0
300
1/8" = 1'-0"
140
0.125
141
12.0
290
     0
  0
SCALE
  5
58
102
{ACAD_REACTORS
330
2F
102
}
330
2F
100
AcDbScale
 70
     0
300
3/16" = 1'-0"
140
0.1875
141
12.0
290
     0
  0
SCALE
  5
59
102
{ACAD_REACTORS
330
2F
102
}
330
2F
100
AcDbScale
 70
     0
300
1/4" = 1'-0"
140
0.25
141
12.0
290
     0
  0
SCALE
  5
5A
102
{ACAD_REACTORS
330
2F
102
}
330
2F
100
AcDbScale
 70
     0
300
3/8" = 1'-0"
140
0.375
141
12.0
290
     0
  0
SCALE
  5
5B
102
{ACAD_REACTORS
330
2F
102
}
330
2F
100
AcDbScale
 70
     0
300
1/2" = 1'-0"
140
0.5
141
12.0
290
     0
  0
SCALE
  5
5C
102
{ACAD_REACTORS
330
2F
102
}
330
2F
100
AcDbScale
 70
     0
300
3/4" = 1'-0"
140
0.75
141
12.0
290
     0
  0
SCALE
  5
5D
102
{ACAD_REACTORS
330
2F
102
}
330
2F
100
AcDbScale
 70
     0
300
1" = 1'-0"
140
1.0
141
12.0
290
     0
  0
SCALE
  5
5E
102
{ACAD_REACTORS
330
2F
102
}
330
2F
100
AcDbScale
 70
     0
300
1-1/2" = 1'-0"
140
1.5
141
12.0
290
     0
  0
SCALE
  5
5F
102
{ACAD_REACTORS
330
2F
102
}
330
2F
100
AcDbScale
 70
     0
300
3" = 1'-0"
140
3.0
141
12.0
290
     0
  0
SCALE
  5
60
102
{ACAD_REACTORS
330
2F
102
}
330
2F
100
AcDbScale
 70
     0
300
6" = 1'-0"
140
6.0
141
12.0
290
     0
  0
SCALE
  5
61
102
{ACAD_REACTORS
330
2F
102
}
330
2F
100
AcDbScale
 70
     0
300
1'-0" = 1'-0"
140
12.0
141
12.0
290
     0
  0
TABLESTYLE
  5
3F
102
{ACAD_XDICTIONARY
360
83F
102
}
102
{ACAD_REACTORS
330
30
102
}
330
30
100
AcDbTableStyle
280
     0
  3
Standard
 70
     0
 71
     0
 40
1.5
 41
1.5
280
     0
281
     0
  7
Standard
140
4.5
170
     2
 62
     0
 63
     7
283
     0
 90
      512
 91
        0
  1

274
    -2
284
     1
 64
     0
275
    -2
285
     1
 65
     0
276
    -2
286
     1
 66
     0
277
    -2
287
     1
 67
     0
278
    -2
288
     1
 68
     0
279
    -2
289
     1
 69
     0
  7
Standard
140
6.0
170
     5
 62
     0
 63
     7
283
     0
 90
      512
 91
        0
  1

274
    -2
284
     1
 64
     0
275
    -2
285
     1
 65
     0
276
    -2
286
     1
 66
     0
277
    -2
287
     1
 67
     0
278
    -2
288
     1
 68
     0
279
    -2
289
     1
 69
     0
  7
Standard
140
4.5
170
     5
 62
     0
 63
     7
283
     0
 90
      512
 91
        0
  1

274
    -2
284
     1
 64
     0
275
    -2
285
     1
 65
     0
276
    -2
286
     1
 66
     0
277
    -2
287
     1
 67
     0
278
    -2
288
     1
 68
     0
279
    -2
289
     1
 69
     0
1001
ACAD
1000
AcRTDxfName
1000
TABLESTYLE
  0
VISUALSTYLE
  5
22
102
{ACAD_REACTORS
330
23
102
}
330
23
100
AcDbVisualStyle
  2
2dWireframe
 70
     4
177
     3
291
     0
 70
    58
 90
        0
176
     1
 90
        2
176
     1
 90
        0
176
     1
 90
        0
176
     1
 40
0.6
176
     1
 40
30.0
176
     1
 62
     7
420
 16777215
176
     1
 90
        1
176
     1
 90
        4
176
     1
 62
     7
176
     1
 62
   257
176
     1
 90
        1
176
     1
 90
        1
176
     1
 40
1.0
176
     1
 90
        0
176
     1
 62
   257
176
     1
 40
1.0
176
     1
 90
        1
176
     1
 90
        6
176
     1
 90
        2
176
     1
 62
     7
176
     1
 90
        5
176
     1
 90
        0
176
     1
 90
        0
176
     1
290
     0
176
     1
 90
        1
176
     1
 40
0.0
176
     1
 90
        0
176
     1
290
     1
176
     1
290
     1
176
     1
290
     0
176
     1
290
     0
176
     1
290
     0
176
     1
290
     0
176
     1
290
     0
176
     1
290
     0
176
     1
290
     0
176
     1
 90
       50
176
     1
 40
0.0
176
     1
 40
1.0
176
     1
 90
        0
176
     1
 62
    18
420
        0
176
     1
 90
       50
176
     1
 90
        3
176
     1
 62
     5
420
      255
176
     1
290
     0
176
     1
 90
       50
176
     1
 90
       50
176
     1
 90
       50
176
     1
290
     0
176
     1
 90
       50
176
     1
 62
   256
176
     0
 40
1.0
176
     0
 90
        0
176
     1
  1
strokes_ogs.tif
176
     1
290
     0
176
     1
 40
1.0
176
     1
 40
1.0
176
     1
  0
VISUALSTYLE
  5
84A
102
{ACAD_REACTORS
330
23
102
}
330
23
100
AcDbVisualStyle
  2
Basic
 70
     7
177
     3
291
     1
 70
    58
 90
        1
176
     1
 90
        0
176
     1
 90
        1
176
     1
 90
        0
176
     1
 40
0.6
176
     1
 40
30.0
176
     1
 62
     7
420
 16777215
176
     1
 90
        0
176
     1
 90
        4
176
     1
 62
     7
176
     1
 62
   257
176
     1
 90
        1
176
     1
 90
        1
176
     1
 40
1.0
176
     1
 90
        8
176
     1
 62
     7
176
     1
 40
1.0
176
     1
 90
        1
176
     1
 90
        6
176
     1
 90
        2
176
     1
 62
     7
176
     1
 90
        5
176
     1
 90
        0
176
     1
 90
        0
176
     1
290
     0
176
     1
 90
        1
176
     1
 40
0.0
176
     1
 90
        0
176
     1
290
     0
176
     1
290
     1
176
     1
290
     1
176
     1
290
     0
176
     1
290
     0
176
     1
290
     0
176
     1
290
     0
176
     1
290
     0
176
     1
290
     0
176
     1
 90
       50
176
     1
 40
0.0
176
     1
 40
1.0
176
     1
 90
        0
176
     1
 62
    18
420
        0
176
     1
 90
       50
176
     1
 90
        3
176
     1
 62
     5
420
      255
176
     1
290
     0
176
     1
 90
       50
176
     1
 90
       50
176
     1
 90
       50
176
     1
290
     0
176
     1
 90
       50
176
     1
 62
   256
176
     0
 40
1.0
176
     0
 90
        2
176
     1
  1
strokes_ogs.tif
176
     1
290
     0
176
     1
 40
1.0
176
     1
 40
1.0
176
     1
  0
VISUALSTYLE
  5
84E
102
{ACAD_REACTORS
330
23
102
}
330
23
100
AcDbVisualStyle
  2
Brighten
 70
    12
177
     3
291
     1
 70
    58
 90
        2
176
     1
 90
        2
176
     1
 90
        0
176
     1
 90
        0
176
     1
 40
0.6
176
     1
 40
30.0
176
     1
 62
     7
420
 16777215
176
     1
 90
        1
176
     1
 90
        4
176
     1
 62
     7
176
     1
 62
   257
176
     1
 90
        1
176
     1
 90
        1
176
     1
 40
1.0
176
     1
 90
        8
176
     1
 62
     7
176
     1
 40
1.0
176
     1
 90
        1
176
     1
 90
        6
176
     1
 90
        2
176
     1
 62
     7
176
     1
 90
        5
176
     1
 90
        0
176
     1
 90
        0
176
     1
290
     0
176
     1
 90
        1
176
     1
 40
50.0
176
     1
 90
        0
176
     1
290
     0
176
     1
290
     1
176
     1
290
     1
176
     1
290
     0
176
     1
290
     0
176
     1
290
     0
176
     1
290
     0
176
     1
290
     0
176
     1
290
     0
176
     1
 90
       50
176
     1
 40
0.0
176
     1
 40
1.0
176
     1
 90
        0
176
     1
 62
    18
420
        0
176
     1
 90
       50
176
     1
 90
        3
176
     1
 62
     5
420
      255
176
     1
290
     0
176
     1
 90
       50
176
     1
 90
       50
176
     1
 90
       50
176
     1
290
     0
176
     1
 90
       50
176
     1
 62
   256
176
     0
 40
1.0
176
     0
 90
        2
176
     1
  1
strokes_ogs.tif
176
     1
290
     0
176
     1
 40
1.0
176
     1
 40
1.0
176
     1
  0
VISUALSTYLE
  5
852
102
{ACAD_REACTORS
330
23
102
}
330
23
100
AcDbVisualStyle
  2
ColorChange
 70
    16
177
     3
291
     1
 70
    58
 90
        2
176
     1
 90
        2
176
     1
 90
        3
176
     1
 90
        0
176
     1
 40
0.6
176
     1
 40
30.0
176
     1
 62
     8
420
  8421504
176
     1
 90
        1
176
     1
 90
        4
176
     1
 62
     7
176
     1
 62
   257
176
     1
 90
        1
176
     1
 90
        1
176
     1
 40
1.0
176
     1
 90
        8
176
     1
 62
     8
420
  8421504
176
     1
 40
1.0
176
     1
 90
        1
176
     1
 90
        6
176
     1
 90
        2
176
     1
 62
     7
176
     1
 90
        5
176
     1
 90
        0
176
     1
 90
        0
176
     1
290
     0
176
     1
 90
        1
176
     1
 40
0.0
176
     1
 90
        0
176
     1
290
     0
176
     1
290
     1
176
     1
290
     1
176
     1
290
     0
176
     1
290
     0
176
     1
290
     0
176
     1
290
     0
176
     1
290
     0
176
     1
290
     0
176
     1
 90
       50
176
     1
 40
0.0
176
     1
 40
1.0
176
     1
 90
        0
176
     1
 62
    18
420
        0
176
     1
 90
       50
176
     1
 90
        3
176
     1
 62
     5
420
      255
176
     1
290
     0
176
     1
 90
       50
176
     1
 90
       50
176
     1
 90
       50
176
     1
290
     0
176
     1
 90
       50
176
     1
 62
   256
176
     0
 40
1.0
176
     0
 90
        2
176
     1
  1
strokes_ogs.tif
176
     1
290
     0
176
     1
 40
1.0
176
     1
 40
1.0
176
     1
  0
VISUALSTYLE
  5
84C
102
{ACAD_REACTORS
330
23
102
}
330
23
100
AcDbVisualStyle
  2
Conceptual
 70
     9
177
     3
291
     0
 70
    58
 90
        3
176
     1
 90
        2
176
     1
 90
        0
176
     1
 90
        0
176
     1
 40
0.6
176
     1
 40
30.0
176
     1
 62
     7
420
 16777215
176
     1
 90
        2
176
     1
 90
        2
176
     1
 62
     7
176
     1
 62
   257
176
     1
 90
        1
176
     1
 90
        1
176
     1
 40
179.0
176
     1
 90
        8
176
     1
 62
     7
176
     1
 40
1.0
176
     1
 90
        1
176
     1
 90
        6
176
     1
 90
        2
176
     1
 62
     7
176
     1
 90
        3
176
     1
 90
        0
176
     1
 90
        0
176
     1
290
     0
176
     1
 90
        1
176
     1
 40
0.0
176
     1
 90
        0
176
     1
290
     0
176
     1
290
     1
176
     1
290
     1
176
     1
290
     0
176
     1
290
     0
176
     1
290
     0
176
     1
290
     0
176
     1
290
     0
176
     1
290
     0
176
     1
 90
       50
176
     1
 40
0.0
176
     1
 40
1.0
176
     1
 90
        0
176
     1
 62
    18
420
        0
176
     1
 90
       50
176
     1
 90
        3
176
     1
 62
     5
420
      255
176
     1
290
     0
176
     1
 90
       50
176
     1
 90
       50
176
     1
 90
       50
176
     1
290
     0
176
     1
 90
       50
176
     1
 62
   256
176
     0
 40
1.0
176
     0
 90
        2
176
     1
  1
strokes_ogs.tif
176
     1
290
     0
176
     1
 40
1.0
176
     1
 40
1.0
176
     1
  0
VISUALSTYLE
  5
84D
102
{ACAD_REACTORS
330
23
102
}
330
23
100
AcDbVisualStyle
  2
Dim
 70
    11
177
     3
291
     1
 70
    58
 90
        2
176
     1
 90
        2
176
     1
 90
        0
176
     1
 90
        0
176
     1
 40
0.6
176
     1
 40
30.0
176
     1
 62
     7
420
 16777215
176
     1
 90
        1
176
     1
 90
        4
176
     1
 62
     7
176
     1
 62
   257
176
     1
 90
        1
176
     1
 90
        1
176
     1
 40
1.0
176
     1
 90
        8
176
     1
 62
     7
176
     1
 40
1.0
176
     1
 90
        1
176
     1
 90
        6
176
     1
 90
        2
176
     1
 62
     7
176
     1
 90
        5
176
     1
 90
        0
176
     1
 90
        0
176
     1
290
     0
176
     1
 90
        1
176
     1
 40
-50.0
176
     1
 90
        0
176
     1
290
     0
176
     1
290
     1
176
     1
290
     1
176
     1
290
     0
176
     1
290
     0
176
     1
290
     0
176
     1
290
     0
176
     1
290
     0
176
     1
290
     0
176
     1
 90
       50
176
     1
 40
0.0
176
     1
 40
1.0
176
     1
 90
        0
176
     1
 62
    18
420
        0
176
     1
 90
       50
176
     1
 90
        3
176
     1
 62
     5
420
      255
176
     1
290
     0
176
     1
 90
       50
176
     1
 90
       50
176
     1
 90
       50
176
     1
290
     0
176
     1
 90
       50
176
     1
 62
   256
176
     0
 40
1.0
176
     0
 90
        2
176
     1
  1
strokes_ogs.tif
176
     1
290
     0
176
     1
 40
1.0
176
     1
 40
1.0
176
     1
  0
VISUALSTYLE
  5
855
102
{ACAD_REACTORS
330
23
102
}
330
23
100
AcDbVisualStyle
  2
EdgeColorOff
 70
    22
177
     3
291
     1
 70
    58
 90
        2
176
     0
 90
        2
176
     0
 90
        0
176
     0
 90
        0
176
     0
 40
0.6
176
     0
 40
30.0
176
     0
 62
     7
420
 16777215
176
     0
 90
        1
176
     0
 90
        4
176
     0
 62
     7
176
     0
 62
   257
176
     0
 90
        1
176
     0
 90
        1
176
     0
 40
1.0
176
     0
 90
        8
176
     2
 62
     7
176
     0
 40
1.0
176
     0
 90
        1
176
     0
 90
        6
176
     0
 90
        2
176
     0
 62
     7
176
     0
 90
        5
176
     0
 90
        0
176
     0
 90
        0
176
     0
290
     0
176
     0
 90
        1
176
     0
 40
0.0
176
     0
 90
        0
176
     0
290
     0
176
     0
290
     1
176
     0
290
     1
176
     0
290
     0
176
     0
290
     0
176
     0
290
     0
176
     0
290
     0
176
     0
290
     0
176
     0
290
     0
176
     0
 90
       50
176
     0
 40
0.0
176
     0
 40
1.0
176
     0
 90
        0
176
     0
 62
    18
420
        0
176
     0
 90
       50
176
     0
 90
        3
176
     0
 62
     5
420
      255
176
     0
290
     0
176
     0
 90
       50
176
     0
 90
       50
176
     0
 90
       50
176
     0
290
     0
176
     0
 90
       50
176
     0
 62
   256
176
     0
 40
1.0
176
     0
 90
        2
176
     0
  1
strokes_ogs.tif
176
     0
290
     0
176
     0
 40
1.0
176
     0
 40
1.0
176
     0
  0
VISUALSTYLE
  5
851
102
{ACAD_REACTORS
330
23
102
}
330
23
100
AcDbVisualStyle
  2
Facepattern
 70
    15
177
     3
291
     1
 70
    58
 90
        2
176
     1
 90
        2
176
     1
 90
        0
176
     1
 90
        0
176
     1
 40
0.6
176
     1
 40
30.0
176
     1
 62
     7
420
 16777215
176
     1
 90
        1
176
     1
 90
        4
176
     1
 62
     7
176
     1
 62
   257
176
     1
 90
        1
176
     1
 90
        1
176
     1
 40
1.0
176
     1
 90
        8
176
     1
 62
     7
176
     1
 40
1.0
176
     1
 90
        1
176
     1
 90
        6
176
     1
 90
        2
176
     1
 62
     7
176
     1
 90
        5
176
     1
 90
        0
176
     1
 90
        0
176
     1
290
     0
176
     1
 90
        1
176
     1
 40
0.0
176
     1
 90
        0
176
     1
290
     0
176
     1
290
     1
176
     1
290
     1
176
     1
290
     0
176
     1
290
     0
176
     1
290
     0
176
     1
290
     0
176
     1
290
     0
176
     1
290
     0
176
     1
 90
       50
176
     1
 40
0.0
176
     1
 40
1.0
176
     1
 90
        0
176
     1
 62
    18
420
        0
176
     1
 90
       50
176
     1
 90
        3
176
     1
 62
     5
420
      255
176
     1
290
     0
176
     1
 90
       50
176
     1
 90
       50
176
     1
 90
       50
176
     1
290
     0
176
     1
 90
       50
176
     1
 62
   256
176
     0
 40
1.0
176
     0
 90
        2
176
     1
  1
strokes_ogs.tif
176
     1
290
     0
176
     1
 40
1.0
176
     1
 40
1.0
176
     1
  0
VISUALSTYLE
  5
844
102
{ACAD_REACTORS
330
23
102
}
330
23
100
AcDbVisualStyle
  2
Flat
 70
     0
177
     3
291
     1
 70
    58
 90
        2
176
     1
 90
        1
176
     1
 90
        1
176
     1
 90
        2
176
     1
 40
0.6
176
     1
 40
30.0
176
     1
 62
     7
420
 16777215
176
     1
 90
        0
176
     1
 90
        0
176
     1
 62
     7
176
     1
 62
   257
176
     1
 90
        1
176
     1
 90
        1
176
     1
 40
1.0
176
     1
 90
        8
176
     1
 62
     7
176
     1
 40
1.0
176
     1
 90
        1
176
     1
 90
        6
176
     1
 90
        2
176
     1
 62
     7
176
     1
 90
        5
176
     1
 90
        0
176
     1
 90
        0
176
     1
290
     0
176
     1
 90
       13
176
     1
 40
0.0
176
     1
 90
        0
176
     1
290
     0
176
     1
290
     1
176
     1
290
     1
176
     1
290
     0
176
     1
290
     0
176
     1
290
     0
176
     1
290
     0
176
     1
290
     0
176
     1
290
     0
176
     1
 90
       50
176
     1
 40
0.0
176
     1
 40
1.0
176
     1
 90
        0
176
     1
 62
    18
420
        0
176
     1
 90
       50
176
     1
 90
        3
176
     1
 62
     5
420
      255
176
     1
290
     0
176
     1
 90
       50
176
     1
 90
       50
176
     1
 90
       50
176
     1
290
     0
176
     1
 90
       50
176
     1
 62
   256
176
     0
 40
1.0
176
     0
 90
        2
176
     1
  1
strokes_ogs.tif
176
     1
290
     0
176
     1
 40
1.0
176
     1
 40
1.0
176
     1
  0
VISUALSTYLE
  5
845
102
{ACAD_REACTORS
330
23
102
}
330
23
100
AcDbVisualStyle
  2
FlatWithEdges
 70
     1
177
     3
291
     1
 70
    58
 90
        2
176
     1
 90
        1
176
     1
 90
        1
176
     1
 90
        2
176
     1
 40
0.6
176
     1
 40
30.0
176
     1
 62
     7
420
 16777215
176
     1
 90
        1
176
     1
 90
        0
176
     1
 62
     7
176
     1
 62
   257
176
     1
 90
        1
176
     1
 90
        1
176
     1
 40
1.0
176
     1
 90
        0
176
     1
 62
   257
176
     1
 40
1.0
176
     1
 90
        1
176
     1
 90
        6
176
     1
 90
        2
176
     1
 62
     7
176
     1
 90
        5
176
     1
 90
        0
176
     1
 90
        0
176
     1
290
     0
176
     1
 90
       13
176
     1
 40
0.0
176
     1
 90
        0
176
     1
290
     0
176
     1
290
     1
176
     1
290
     1
176
     1
290
     0
176
     1
290
     0
176
     1
290
     0
176
     1
290
     0
176
     1
290
     0
176
     1
290
     0
176
     1
 90
       50
176
     1
 40
0.0
176
     1
 40
1.0
176
     1
 90
        0
176
     1
 62
    18
420
        0
176
     1
 90
       50
176
     1
 90
        3
176
     1
 62
     5
420
      255
176
     1
290
     0
176
     1
 90
       50
176
     1
 90
       50
176
     1
 90
       50
176
     1
290
     0
176
     1
 90
       50
176
     1
 62
   256
176
     0
 40
1.0
176
     0
 90
        2
176
     1
  1
strokes_ogs.tif
176
     1
290
     0
176
     1
 40
1.0
176
     1
 40
1.0
176
     1
  0
VISUALSTYLE
  5
846
102
{ACAD_REACTORS
330
23
102
}
330
23
100
AcDbVisualStyle
  2
Gouraud
 70
     2
177
     3
291
     1
 70
    58
 90
        2
176
     1
 90
        2
176
     1
 90
        1
176
     1
 90
        2
176
     1
 40
0.6
176
     1
 40
30.0
176
     1
 62
     7
420
 16777215
176
     1
 90
        0
176
     1
 90
        0
176
     1
 62
     7
176
     1
 62
   257
176
     1
 90
        1
176
     1
 90
        1
176
     1
 40
1.0
176
     1
 90
        0
176
     1
 62
     7
176
     1
 40
1.0
176
     1
 90
        1
176
     1
 90
        6
176
     1
 90
        2
176
     1
 62
     7
176
     1
 90
        5
176
     1
 90
        0
176
     1
 90
        0
176
     1
290
     0
176
     1
 90
       13
176
     1
 40
0.0
176
     1
 90
        0
176
     1
290
     0
176
     1
290
     1
176
     1
290
     1
176
     1
290
     0
176
     1
290
     0
176
     1
290
     0
176
     1
290
     0
176
     1
290
     0
176
     1
290
     0
176
     1
 90
       50
176
     1
 40
0.0
176
     1
 40
1.0
176
     1
 90
        0
176
     1
 62
    18
420
        0
176
     1
 90
       50
176
     1
 90
        3
176
     1
 62
     5
420
      255
176
     1
290
     0
176
     1
 90
       50
176
     1
 90
       50
176
     1
 90
       50
176
     1
290
     0
176
     1
 90
       50
176
     1
 62
   256
176
     0
 40
1.0
176
     0
 90
        2
176
     1
  1
strokes_ogs.tif
176
     1
290
     0
176
     1
 40
1.0
176
     1
 40
1.0
176
     1
  0
VISUALSTYLE
  5
847
102
{ACAD_REACTORS
330
23
102
}
330
23
100
AcDbVisualStyle
  2
GouraudWithEdges
 70
     3
177
     3
291
     1
 70
    58
 90
        2
176
     1
 90
        2
176
     1
 90
        1
176
     1
 90
        2
176
     1
 40
0.6
176
     1
 40
30.0
176
     1
 62
     7
420
 16777215
176
     1
 90
        1
176
     1
 90
        0
176
     1
 62
     7
176
     1
 62
   257
176
     1
 90
        1
176
     1
 90
        1
176
     1
 40
1.0
176
     1
 90
        0
176
     1
 62
   257
176
     1
 40
1.0
176
     1
 90
        1
176
     1
 90
        6
176
     1
 90
        2
176
     1
 62
     7
176
     1
 90
        5
176
     1
 90
        0
176
     1
 90
        0
176
     1
290
     0
176
     1
 90
       13
176
     1
 40
0.0
176
     1
 90
        0
176
     1
290
     0
176
     1
290
     1
176
     1
290
     1
176
     1
290
     0
176
     1
290
     0
176
     1
290
     0
176
     1
290
     0
176
     1
290
     0
176
     1
290
     0
176
     1
 90
       50
176
     1
 40
0.0
176
     1
 40
1.0
176
     1
 90
        0
176
     1
 62
    18
420
        0
176
     1
 90
       50
176
     1
 90
        3
176
     1
 62
     5
420
      255
176
     1
290
     0
176
     1
 90
       50
176
     1
 90
       50
176
     1
 90
       50
176
     1
290
     0
176
     1
 90
       50
176
     1
 62
   256
176
     0
 40
1.0
176
     0
 90
        2
176
     1
  1
strokes_ogs.tif
176
     1
290
     0
176
     1
 40
1.0
176
     1
 40
1.0
176
     1
  0
VISUALSTYLE
  5
849
102
{ACAD_REACTORS
330
23
102
}
330
23
100
AcDbVisualStyle
  2
Hidden
 70
     6
177
     3
291
     0
 70
    58
 90
        1
176
     1
 90
        2
176
     1
 90
        2
176
     1
 90
        0
176
     1
 40
0.6
176
     1
 40
30.0
176
     1
 62
     7
420
 16777215
176
     1
 90
        2
176
     1
 90
        2
176
     1
 62
     7
176
     1
 62
   257
176
     1
 90
        2
176
     1
 90
        1
176
     1
 40
40.0
176
     1
 90
        0
176
     1
 62
   257
176
     1
 40
1.0
176
     1
 90
        1
176
     1
 90
        6
176
     1
 90
        2
176
     1
 62
     7
176
     1
 90
        3
176
     1
 90
        0
176
     1
 90
        0
176
     1
290
     0
176
     1
 90
        1
176
     1
 40
0.0
176
     1
 90
        0
176
     1
290
     0
176
     1
290
     1
176
     1
290
     1
176
     1
290
     0
176
     1
290
     0
176
     1
290
     0
176
     1
290
     0
176
     1
290
     0
176
     1
290
     0
176
     1
 90
       50
176
     1
 40
0.0
176
     1
 40
1.0
176
     1
 90
        0
176
     1
 62
    18
420
        0
176
     1
 90
       50
176
     1
 90
        3
176
     1
 62
     5
420
      255
176
     1
290
     0
176
     1
 90
       50
176
     1
 90
       50
176
     1
 90
       50
176
     1
290
     0
176
     1
 90
       50
176
     1
 62
   256
176
     0
 40
1.0
176
     0
 90
        2
176
     1
  1
strokes_ogs.tif
176
     1
290
     0
176
     1
 40
1.0
176
     1
 40
1.0
176
     1
  0
VISUALSTYLE
  5
853
102
{ACAD_REACTORS
330
23
102
}
330
23
100
AcDbVisualStyle
  2
JitterOff
 70
    20
177
     3
291
     1
 70
    58
 90
        2
176
     0
 90
        2
176
     0
 90
        0
176
     0
 90
        0
176
     0
 40
0.6
176
     0
 40
30.0
176
     0
 62
     7
420
 16777215
176
     0
 90
        1
176
     0
 90
        4
176
     0
 62
     7
176
     0
 62
   257
176
     0
 90
        1
176
     0
 90
        1
176
     0
 40
1.0
176
     0
 90
       10
176
     2
 62
     7
176
     0
 40
1.0
176
     0
 90
        1
176
     0
 90
        6
176
     0
 90
        2
176
     0
 62
     7
176
     0
 90
        5
176
     0
 90
        0
176
     0
 90
        0
176
     0
290
     0
176
     0
 90
        1
176
     0
 40
0.0
176
     0
 90
        0
176
     0
290
     0
176
     0
290
     1
176
     0
290
     1
176
     0
290
     0
176
     0
290
     0
176
     0
290
     0
176
     0
290
     0
176
     0
290
     0
176
     0
290
     0
176
     0
 90
       50
176
     0
 40
0.0
176
     0
 40
1.0
176
     0
 90
        0
176
     0
 62
    18
420
        0
176
     0
 90
       50
176
     0
 90
        3
176
     0
 62
     5
420
      255
176
     0
290
     0
176
     0
 90
       50
176
     0
 90
       50
176
     0
 90
       50
176
     0
290
     0
176
     0
 90
       50
176
     0
 62
   256
176
     0
 40
1.0
176
     0
 90
        2
176
     0
  1
strokes_ogs.tif
176
     0
290
     0
176
     0
 40
1.0
176
     0
 40
1.0
176
     0
  0
VISUALSTYLE
  5
850
102
{ACAD_REACTORS
330
23
102
}
330
23
100
AcDbVisualStyle
  2
Linepattern
 70
    14
177
     3
291
     1
 70
    58
 90
        2
176
     1
 90
        2
176
     1
 90
        0
176
     1
 90
        0
176
     1
 40
0.6
176
     1
 40
30.0
176
     1
 62
     7
420
 16777215
176
     1
 90
        1
176
     1
 90
        4
176
     1
 62
     7
176
     1
 62
   257
176
     1
 90
        7
176
     1
 90
        7
176
     1
 40
1.0
176
     1
 90
        8
176
     1
 62
     7
176
     1
 40
1.0
176
     1
 90
        1
176
     1
 90
        6
176
     1
 90
        2
176
     1
 62
     7
176
     1
 90
        5
176
     1
 90
        0
176
     1
 90
        0
176
     1
290
     0
176
     1
 90
        1
176
     1
 40
0.0
176
     1
 90
        0
176
     1
290
     0
176
     1
290
     1
176
     1
290
     1
176
     1
290
     0
176
     1
290
     0
176
     1
290
     0
176
     1
290
     0
176
     1
290
     0
176
     1
290
     0
176
     1
 90
       50
176
     1
 40
0.0
176
     1
 40
1.0
176
     1
 90
        0
176
     1
 62
    18
420
        0
176
     1
 90
       50
176
     1
 90
        3
176
     1
 62
     5
420
      255
176
     1
290
     0
176
     1
 90
       50
176
     1
 90
       50
176
     1
 90
       50
176
     1
290
     0
176
     1
 90
       50
176
     1
 62
   256
176
     0
 40
1.0
176
     0
 90
        2
176
     1
  1
strokes_ogs.tif
176
     1
290
     0
176
     1
 40
1.0
176
     1
 40
1.0
176
     1
  0
VISUALSTYLE
  5
854
102
{ACAD_REACTORS
330
23
102
}
330
23
100
AcDbVisualStyle
  2
OverhangOff
 70
    21
177
     3
291
     1
 70
    58
 90
        2
176
     0
 90
        2
176
     0
 90
        0
176
     0
 90
        0
176
     0
 40
0.6
176
     0
 40
30.0
176
     0
 62
     7
420
 16777215
176
     0
 90
        1
176
     0
 90
        4
176
     0
 62
     7
176
     0
 62
   257
176
     0
 90
        1
176
     0
 90
        1
176
     0
 40
1.0
176
     0
 90
        9
176
     2
 62
     7
176
     0
 40
1.0
176
     0
 90
        1
176
     0
 90
        6
176
     0
 90
        2
176
     0
 62
     7
176
     0
 90
        5
176
     0
 90
        0
176
     0
 90
        0
176
     0
290
     0
176
     0
 90
        1
176
     0
 40
0.0
176
     0
 90
        0
176
     0
290
     0
176
     0
290
     1
176
     0
290
     1
176
     0
290
     0
176
     0
290
     0
176
     0
290
     0
176
     0
290
     0
176
     0
290
     0
176
     0
290
     0
176
     0
 90
       50
176
     0
 40
0.0
176
     0
 40
1.0
176
     0
 90
        0
176
     0
 62
    18
420
        0
176
     0
 90
       50
176
     0
 90
        3
176
     0
 62
     5
420
      255
176
     0
290
     0
176
     0
 90
       50
176
     0
 90
       50
176
     0
 90
       50
176
     0
290
     0
176
     0
 90
       50
176
     0
 62
   256
176
     0
 40
1.0
176
     0
 90
        2
176
     0
  1
strokes_ogs.tif
176
     0
290
     0
176
     0
 40
1.0
176
     0
 40
1.0
176
     0
  0
VISUALSTYLE
  5
84B
102
{ACAD_REACTORS
330
23
102
}
330
23
100
AcDbVisualStyle
  2
Realistic
 70
     8
177
     3
291
     0
 70
    58
 90
        2
176
     1
 90
        3
176
     1
 90
        0
176
     1
 90
        2
176
     1
 40
0.6
176
     1
 40
30.0
176
     1
 62
     7
420
 16777215
176
     1
 90
        0
176
     1
 90
        0
176
     1
 62
     7
176
     1
 62
   257
176
     1
 90
        1
176
     1
 90
        1
176
     1
 40
1.0
176
     1
 90
        8
176
     1
 62
   257
176
     1
 40
1.0
176
     1
 90
        1
176
     1
 90
        6
176
     1
 90
        2
176
     1
 62
     7
176
     1
 90
        3
176
     1
 90
        0
176
     1
 90
        0
176
     1
290
     0
176
     1
 90
       13
176
     1
 40
0.0
176
     1
 90
        0
176
     1
290
     0
176
     1
290
     1
176
     1
290
     1
176
     1
290
     0
176
     1
290
     0
176
     1
290
     0
176
     1
290
     0
176
     1
290
     0
176
     1
290
     0
176
     1
 90
       50
176
     1
 40
0.0
176
     1
 40
1.0
176
     1
 90
        0
176
     1
 62
    18
420
        0
176
     1
 90
       50
176
     1
 90
        3
176
     1
 62
     5
420
      255
176
     1
290
     0
176
     1
 90
       50
176
     1
 90
       50
176
     1
 90
       50
176
     1
290
     0
176
     1
 90
       50
176
     1
 62
   256
176
     0
 40
1.0
176
     0
 90
        2
176
     1
  1
strokes_ogs.tif
176
     1
290
     0
176
     1
 40
1.0
176
     1
 40
1.0
176
     1
  0
VISUALSTYLE
  5
85A
102
{ACAD_REACTORS
330
23
102
}
330
23
100
AcDbVisualStyle
  2
Shaded
 70
    27
177
     3
291
     0
 70
    58
 90
        2
176
     1
 90
        2
176
     1
 90
        1
176
     1
 90
        2
176
     1
 40
0.6
176
     1
 40
30.0
176
     1
 62
     7
420
 16777215
176
     1
 90
        0
176
     1
 90
        4
176
     1
 62
     7
176
     1
 62
   257
176
     1
 90
        1
176
     1
 90
        1
176
     1
 40
1.0
176
     1
 90
        8
176
     1
 62
   257
176
     1
 40
1.0
176
     1
 90
        1
176
     1
 90
        6
176
     1
 90
        2
176
     1
 62
     8
420
  7895160
176
     1
 90
        3
176
     1
 90
        0
176
     1
 90
        0
176
     1
290
     0
176
     1
 90
        5
176
     1
 40
0.0
176
     1
 90
        0
176
     1
290
     0
176
     1
290
     1
176
     1
290
     1
176
     1
290
     0
176
     1
290
     0
176
     1
290
     0
176
     1
290
     0
176
     1
290
     0
176
     1
290
     0
176
     1
 90
       50
176
     1
 40
0.0
176
     1
 40
1.0
176
     1
 90
        0
176
     1
 62
    18
420
        0
176
     1
 90
       50
176
     1
 90
        3
176
     1
 62
     5
420
      255
176
     1
290
     0
176
     1
 90
       50
176
     1
 90
       50
176
     1
 90
       50
176
     1
290
     0
176
     1
 90
       50
176
     1
 62
   256
176
     0
 40
1.0
176
     0
 90
        2
176
     1
  1
strokes_ogs.tif
176
     1
290
     0
176
     1
 40
1.0
176
     1
 40
1.0
176
     1
  0
VISUALSTYLE
  5
859
102
{ACAD_REACTORS
330
23
102
}
330
23
100
AcDbVisualStyle
  2
Shaded with edges
 70
    26
177
     3
291
     0
 70
    58
 90
        2
176
     1
 90
        2
176
     1
 90
        1
176
     1
 90
        2
176
     1
 40
0.6
176
     1
 40
30.0
176
     1
 62
     7
420
 16777215
176
     1
 90
        1
176
     1
 90
       10
176
     1
 62
     7
176
     1
 62
   257
176
     1
 90
        2
176
     1
 90
        1
176
     1
 40
1.0
176
     1
 90
        8
176
     1
 62
   257
176
     1
 40
1.0
176
     1
 90
        1
176
     1
 90
        6
176
     1
 90
        2
176
     1
 62
     7
176
     1
 90
        3
176
     1
 90
        0
176
     1
 90
        0
176
     1
290
     0
176
     1
 90
        5
176
     1
 40
0.0
176
     1
 90
        0
176
     1
290
     0
176
     1
290
     1
176
     1
290
     1
176
     1
290
     0
176
     1
290
     0
176
     1
290
     0
176
     1
290
     0
176
     1
290
     0
176
     1
290
     0
176
     1
 90
       50
176
     1
 40
0.0
176
     1
 40
1.0
176
     1
 90
        0
176
     1
 62
    18
420
        0
176
     1
 90
       50
176
     1
 90
        3
176
     1
 62
     5
420
      255
176
     1
290
     0
176
     1
 90
       50
176
     1
 90
       50
176
     1
 90
       50
176
     1
290
     0
176
     1
 90
       50
176
     1
 62
   256
176
     0
 40
1.0
176
     0
 90
        2
176
     1
  1
strokes_ogs.tif
176
     1
290
     0
176
     1
 40
1.0
176
     1
 40
1.0
176
     1
  0
VISUALSTYLE
  5
856
102
{ACAD_REACTORS
330
23
102
}
330
23
100
AcDbVisualStyle
  2
Shades of Gray
 70
    23
177
     3
291
     0
 70
    58
 90
        2
176
     1
 90
        2
176
     1
 90
        3
176
     1
 90
        0
176
     1
 40
0.6
176
     1
 40
30.0
176
     1
 62
     7
420
 16777215
176
     1
 90
        2
176
     1
 90
        2
176
     1
 62
     7
176
     1
 62
     7
176
     1
 90
        1
176
     1
 90
        1
176
     1
 40
40.0
176
     1
 90
        8
176
     1
 62
     7
176
     1
 40
1.0
176
     1
 90
        1
176
     1
 90
        6
176
     1
 90
        2
176
     1
 62
     7
176
     1
 90
        3
176
     1
 90
        0
176
     1
 90
        0
176
     1
290
     0
176
     1
 90
        1
176
     1
 40
0.0
176
     1
 90
        0
176
     1
290
     0
176
     1
290
     1
176
     1
290
     1
176
     1
290
     0
176
     1
290
     0
176
     1
290
     0
176
     1
290
     0
176
     1
290
     0
176
     1
290
     0
176
     1
 90
       50
176
     1
 40
0.0
176
     1
 40
1.0
176
     1
 90
        0
176
     1
 62
    18
420
        0
176
     1
 90
       50
176
     1
 90
        3
176
     1
 62
     5
420
      255
176
     1
290
     0
176
     1
 90
       50
176
     1
 90
       50
176
     1
 90
       50
176
     1
290
     0
176
     1
 90
       50
176
     1
 62
   256
176
     0
 40
1.0
176
     0
 90
        2
176
     1
  1
strokes_ogs.tif
176
     1
290
     0
176
     1
 40
1.0
176
     1
 40
1.0
176
     1
  0
VISUALSTYLE
  5
857
102
{ACAD_REACTORS
330
23
102
}
330
23
100
AcDbVisualStyle
  2
Sketchy
 70
    24
177
     3
291
     0
 70
    58
 90
        1
176
     1
 90
        2
176
     1
 90
        2
176
     1
 90
        0
176
     1
 40
0.6
176
     1
 40
30.0
176
     1
 62
     7
420
 16777215
176
     1
 90
        2
176
     1
 90
        2
176
     1
 62
     7
176
     1
 62
     7
176
     1
 90
        1
176
     1
 90
        1
176
     1
 40
40.0
176
     1
 90
       11
176
     1
 62
     7
176
     1
 40
1.0
176
     1
 90
        1
176
     1
 90
        6
176
     1
 90
        2
176
     1
 62
     7
176
     1
 90
        6
176
     1
 90
        0
176
     1
 90
        0
176
     1
290
     0
176
     1
 90
        1
176
     1
 40
0.0
176
     1
 90
        0
176
     1
290
     0
176
     1
290
     1
176
     1
290
     1
176
     1
290
     0
176
     1
290
     0
176
     1
290
     0
176
     1
290
     0
176
     1
290
     0
176
     1
290
     0
176
     1
 90
       50
176
     1
 40
0.0
176
     1
 40
1.0
176
     1
 90
        0
176
     1
 62
    18
420
        0
176
     1
 90
       50
176
     1
 90
        3
176
     1
 62
     5
420
      255
176
     1
290
     0
176
     1
 90
       50
176
     1
 90
       50
176
     1
 90
       50
176
     1
290
     0
176
     1
 90
       50
176
     1
 62
   256
176
     0
 40
1.0
176
     0
 90
        2
176
     1
  1
strokes_ogs.tif
176
     1
290
     0
176
     1
 40
1.0
176
     1
 40
1.0
176
     1
  0
VISUALSTYLE
  5
84F
102
{ACAD_REACTORS
330
23
102
}
330
23
100
AcDbVisualStyle
  2
Thicken
 70
    13
177
     3
291
     1
 70
    58
 90
        2
176
     1
 90
        2
176
     1
 90
        0
176
     1
 90
        0
176
     1
 40
0.6
176
     1
 40
30.0
176
     1
 62
     7
420
 16777215
176
     1
 90
        1
176
     1
 90
        4
176
     1
 62
     7
176
     1
 62
   257
176
     1
 90
        1
176
     1
 90
        1
176
     1
 40
1.0
176
     1
 90
       12
176
     1
 62
     7
176
     1
 40
1.0
176
     1
 90
        1
176
     1
 90
        6
176
     1
 90
        2
176
     1
 62
     7
176
     1
 90
        5
176
     1
 90
        0
176
     1
 90
        0
176
     1
290
     0
176
     1
 90
        1
176
     1
 40
0.0
176
     1
 90
        0
176
     1
290
     0
176
     1
290
     1
176
     1
290
     1
176
     1
290
     0
176
     1
290
     0
176
     1
290
     0
176
     1
290
     0
176
     1
290
     0
176
     1
290
     0
176
     1
 90
       50
176
     1
 40
0.0
176
     1
 40
1.0
176
     1
 90
        0
176
     1
 62
    18
420
        0
176
     1
 90
       50
176
     1
 90
        3
176
     1
 62
     5
420
      255
176
     1
290
     0
176
     1
 90
       50
176
     1
 90
       50
176
     1
 90
       50
176
     1
290
     0
176
     1
 90
       50
176
     1
 62
   256
176
     0
 40
1.0
176
     0
 90
        2
176
     1
  1
strokes_ogs.tif
176
     1
290
     0
176
     1
 40
1.0
176
     1
 40
1.0
176
     1
  0
VISUALSTYLE
  5
848
102
{ACAD_REACTORS
330
23
102
}
330
23
100
AcDbVisualStyle
  2
Wireframe
 70
     5
177
     3
291
     0
 70
    58
 90
        0
176
     1
 90
        2
176
     1
 90
        0
176
     1
 90
        0
176
     1
 40
0.6
176
     1
 40
30.0
176
     1
 62
     7
420
 16777215
176
     1
 90
        1
176
     1
 90
        4
176
     1
 62
     7
176
     1
 62
   257
176
     1
 90
        1
176
     1
 90
        1
176
     1
 40
1.0
176
     1
 90
        0
176
     1
 62
   257
176
     1
 40
1.0
176
     1
 90
        1
176
     1
 90
        6
176
     1
 90
        2
176
     1
 62
     7
176
     1
 90
        3
176
     1
 90
        0
176
     1
 90
        0
176
     1
290
     0
176
     1
 90
        1
176
     1
 40
0.0
176
     1
 90
        0
176
     1
290
     0
176
     1
290
     1
176
     1
290
     1
176
     1
290
     0
176
     1
290
     0
176
     1
290
     0
176
     1
290
     0
176
     1
290
     0
176
     1
290
     0
176
     1
 90
       50
176
     1
 40
0.0
176
     1
 40
1.0
176
     1
 90
        0
176
     1
 62
    18
420
        0
176
     1
 90
       50
176
     1
 90
        3
176
     1
 62
     5
420
      255
176
     1
290
     0
176
     1
 90
       50
176
     1
 90
       50
176
     1
 90
       50
176
     1
290
     0
176
     1
 90
       50
176
     1
 62
   256
176
     0
 40
1.0
176
     0
 90
        2
176
     1
  1
strokes_ogs.tif
176
     1
290
     0
176
     1
 40
1.0
176
     1
 40
1.0
176
     1
  0
VISUALSTYLE
  5
858
102
{ACAD_REACTORS
330
23
102
}
330
23
100
AcDbVisualStyle
  2
X-Ray
 70
    25
177
     3
291
     0
 70
    58
 90
        2
176
     1
 90
        2
176
     1
 90
        1
176
     1
 90
        1
176
     1
 40
0.5
176
     1
 40
30.0
176
     1
 62
     7
420
 16777215
176
     1
 90
        1
176
     1
 90
        0
176
     1
 62
     7
176
     1
 62
   257
176
     1
 90
        1
176
     1
 90
        1
176
     1
 40
1.0
176
     1
 90
        8
176
     1
 62
     7
176
     1
 40
1.0
176
     1
 90
        1
176
     1
 90
        6
176
     1
 90
        2
176
     1
 62
     7
176
     1
 90
        3
176
     1
 90
        0
176
     1
 90
        0
176
     1
290
     0
176
     1
 90
       13
176
     1
 40
0.0
176
     1
 90
        0
176
     1
290
     0
176
     1
290
     1
176
     1
290
     1
176
     1
290
     0
176
     1
290
     0
176
     1
290
     0
176
     1
290
     0
176
     1
290
     0
176
     1
290
     0
176
     1
 90
       50
176
     1
 40
0.0
176
     1
 40
1.0
176
     1
 90
        0
176
     1
 62
    18
420
        0
176
     1
 90
       50
176
     1
 90
        3
176
     1
 62
     5
420
      255
176
     1
290
     0
176
     1
 90
       50
176
     1
 90
       50
176
     1
 90
       50
176
     1
290
     0
176
     1
 90
       50
176
     1
 62
   256
176
     0
 40
1.0
176
     0
 90
        2
176
     1
  1
strokes_ogs.tif
176
     1
290
     0
176
     1
 40
1.0
176
     1
 40
1.0
176
     1
  0
DICTIONARYVAR
  5
33
102
{ACAD_REACTORS
330
32
102
}
330
32
100
DictionaryVariables
280
     0
  1
1:1
  0
DICTIONARYVAR
  5
34
102
{ACAD_REACTORS
330
32
102
}
330
32
100
DictionaryVariables
280
     0
  1
STANDARD
  0
DICTIONARYVAR
  5
35
102
{ACAD_REACTORS
330
32
102
}
330
32
100
DictionaryVariables
280
     0
  1
STANDARD
  0
DICTIONARYVAR
  5
37
102
{ACAD_REACTORS
330
32
102
}
330
32
100
DictionaryVariables
280
     0
  1
Metric50
  0
DICTIONARYVAR
  5
38
102
{ACAD_REACTORS
330
32
102
}
330
32
100
DictionaryVariables
280
     0
  1
2
  0
DICTIONARYVAR
  5
39
102
{ACAD_REACTORS
330
32
102
}
330
32
100
DictionaryVariables
280
     0
  1
2
  0
DICTIONARYVAR
  5
3A
102
{ACAD_REACTORS
330
32
102
}
330
32
100
DictionaryVariables
280
     0
  1
1
  0
DICTIONARYVAR
  5
3B
102
{ACAD_REACTORS
330
32
102
}
330
32
100
DictionaryVariables
280
     0
  1

  0
DICTIONARYVAR
  5
3C
102
{ACAD_REACTORS
330
32
102
}
330
32
100
DictionaryVariables
280
     0
  1
2
  0
BLOCKBASEPOINTPARAMETER
  5
6AB
330
6AA
100
AcDbEvalExpr
 90
        1
 98
       33
 99
      248
100
AcDbBlockElement
300
기준점
 98
       33
 99
      248
1071
        0
100
AcDbBlockParameter
280
     1
281
     0
100
AcDbBlock1PtParameter
1010
46.11786030221629
1020
33.2016378559365
1030
0.0
 93
        0
170
     0
171
     0
100
AcDbBlockBasepointParameter
1011
0.0
1021
0.0
1031
0.0
1012
0.0
1022
0.0
1032
0.0
  0
DICTIONARY
  5
83F
330
3F
100
AcDbDictionary
280
     1
281
     1
  3
ACAD_ROUNDTRIP_2008_TABLESTYLE_CELLSTYLEMAP
360
85F
  0
CELLSTYLEMAP
  5
85F
102
{ACAD_REACTORS
330
83F
102
}
330
83F
100
AcDbCellStyleMap
 90
        3
300
CELLSTYLE
  1
TABLEFORMAT_BEGIN
 90
        5
170
     1
 91
        0
 92
    32768
 62
   257
 93
        1
300
CONTENTFORMAT
  1
CONTENTFORMAT_BEGIN
 90
        0
 91
        0
 92
      512
 93
        0
300

 40
0.0
140
1.0
 94
        5
 62
     0
340
3D
144
6.0
309
CONTENTFORMAT_END
171
     1
301
MARGIN
  1
CELLMARGIN_BEGIN
 40
1.5
 40
1.5
 40
0.06
 40
0.06
 40
0.18
 40
0.18
309
CELLMARGIN_END
 94
        6
 95
        1
302
GRIDFORMAT
  1
GRIDFORMAT_BEGIN
 90
        0
 91
        1
 62
     0
 92
       -2
340
0
 93
        0
 40
0.045
309
GRIDFORMAT_END
 95
        2
302
GRIDFORMAT
  1
GRIDFORMAT_BEGIN
 90
        0
 91
        1
 62
     0
 92
       -2
340
0
 93
        0
 40
0.045
309
GRIDFORMAT_END
 95
        4
302
GRIDFORMAT
  1
GRIDFORMAT_BEGIN
 90
        0
 91
        1
 62
     0
 92
       -2
340
0
 93
        0
 40
0.045
309
GRIDFORMAT_END
 95
        8
302
GRIDFORMAT
  1
GRIDFORMAT_BEGIN
 90
        0
 91
        1
 62
     0
 92
       -2
340
0
 93
        0
 40
0.045
309
GRIDFORMAT_END
 95
       16
302
GRIDFORMAT
  1
GRIDFORMAT_BEGIN
 90
        0
 91
        1
 62
     0
 92
       -2
340
0
 93
        0
 40
0.045
309
GRIDFORMAT_END
 95
       32
302
GRIDFORMAT
  1
GRIDFORMAT_BEGIN
 90
        0
 91
        1
 62
     0
 92
       -2
340
0
 93
        0
 40
0.045
309
GRIDFORMAT_END
309
TABLEFORMAT_END
  1
CELLSTYLE_BEGIN
 90
        1
 91
        1
300
_TITLE
309
CELLSTYLE_END
300
CELLSTYLE
  1
TABLEFORMAT_BEGIN
 90
        5
170
     1
 91
        0
 92
        0
 62
   257
 93
        1
300
CONTENTFORMAT
  1
CONTENTFORMAT_BEGIN
 90
        0
 91
        0
 92
      512
 93
        0
300

 40
0.0
140
1.0
 94
        5
 62
     0
340
3D
144
4.5
309
CONTENTFORMAT_END
171
     1
301
MARGIN
  1
CELLMARGIN_BEGIN
 40
1.5
 40
1.5
 40
0.06
 40
0.06
 40
0.18
 40
0.18
309
CELLMARGIN_END
 94
        6
 95
        1
302
GRIDFORMAT
  1
GRIDFORMAT_BEGIN
 90
        0
 91
        1
 62
     0
 92
       -2
340
0
 93
        0
 40
0.045
309
GRIDFORMAT_END
 95
        2
302
GRIDFORMAT
  1
GRIDFORMAT_BEGIN
 90
        0
 91
        1
 62
     0
 92
       -2
340
0
 93
        0
 40
0.045
309
GRIDFORMAT_END
 95
        4
302
GRIDFORMAT
  1
GRIDFORMAT_BEGIN
 90
        0
 91
        1
 62
     0
 92
       -2
340
0
 93
        0
 40
0.045
309
GRIDFORMAT_END
 95
        8
302
GRIDFORMAT
  1
GRIDFORMAT_BEGIN
 90
        0
 91
        1
 62
     0
 92
       -2
340
0
 93
        0
 40
0.045
309
GRIDFORMAT_END
 95
       16
302
GRIDFORMAT
  1
GRIDFORMAT_BEGIN
 90
        0
 91
        1
 62
     0
 92
       -2
340
0
 93
        0
 40
0.045
309
GRIDFORMAT_END
 95
       32
302
GRIDFORMAT
  1
GRIDFORMAT_BEGIN
 90
        0
 91
        1
 62
     0
 92
       -2
340
0
 93
        0
 40
0.045
309
GRIDFORMAT_END
309
TABLEFORMAT_END
  1
CELLSTYLE_BEGIN
 90
        2
 91
        1
300
_HEADER
309
CELLSTYLE_END
300
CELLSTYLE
  1
TABLEFORMAT_BEGIN
 90
        5
170
     1
 91
        0
 92
        0
 62
   257
 93
        1
300
CONTENTFORMAT
  1
CONTENTFORMAT_BEGIN
 90
        0
 91
        0
 92
      512
 93
        0
300

 40
0.0
140
1.0
 94
        2
 62
     0
340
3D
144
4.5
309
CONTENTFORMAT_END
171
     1
301
MARGIN
  1
CELLMARGIN_BEGIN
 40
1.5
 40
1.5
 40
0.06
 40
0.06
 40
0.18
 40
0.18
309
CELLMARGIN_END
 94
        6
 95
        1
302
GRIDFORMAT
  1
GRIDFORMAT_BEGIN
 90
        0
 91
        1
 62
     0
 92
       -2
340
0
 93
        0
 40
0.045
309
GRIDFORMAT_END
 95
        2
302
GRIDFORMAT
  1
GRIDFORMAT_BEGIN
 90
        0
 91
        1
 62
     0
 92
       -2
340
0
 93
        0
 40
0.045
309
GRIDFORMAT_END
 95
        4
302
GRIDFORMAT
  1
GRIDFORMAT_BEGIN
 90
        0
 91
        1
 62
     0
 92
       -2
340
0
 93
        0
 40
0.045
309
GRIDFORMAT_END
 95
        8
302
GRIDFORMAT
  1
GRIDFORMAT_BEGIN
 90
        0
 91
        1
 62
     0
 92
       -2
340
0
 93
        0
 40
0.045
309
GRIDFORMAT_END
 95
       16
302
GRIDFORMAT
  1
GRIDFORMAT_BEGIN
 90
        0
 91
        1
 62
     0
 92
       -2
340
0
 93
        0
 40
0.045
309
GRIDFORMAT_END
 95
       32
302
GRIDFORMAT
  1
GRIDFORMAT_BEGIN
 90
        0
 91
        1
 62
     0
 92
       -2
340
0
 93
        0
 40
0.045
309
GRIDFORMAT_END
309
TABLEFORMAT_END
  1
CELLSTYLE_BEGIN
 90
        3
 91
        2
300
_DATA
309
CELLSTYLE_END
  0
ENDSEC
  0
SECTION
  2
ACDSDATA
 70
     2
 71
     2
  0
ACDSSCHEMA
 90
        0
  1
AcDb_Thumbnail_Schema
  2
AcDbDs::ID
280
    10
 91
        0
  2
Thumbnail_Data
280
    15
 91
        0
101
ACDSRECORD
 95
        0
 90
        2
  2
AcDbDs::TreatedAsObjectData
280
     1
291
     1
101
ACDSRECORD
 95
        0
 90
        3
  2
AcDbDs::Legacy
280
     1
291
     1
101
ACDSRECORD
  1
AcDbDs::ID
 90
        4
  2
AcDs:Indexable
280
     1
291
     1
101
ACDSRECORD
  1
AcDbDs::ID
 90
        5
  2
AcDbDs::HandleAttribute
280
     7
282
     1
  0
ACDSSCHEMA
 90
        1
  1
AcDb3DSolid_ASM_Data
  2
AcDbDs::ID
280
    10
 91
        0
  2
ASM_Data
280
    15
 91
        0
101
ACDSRECORD
 95
        1
 90
        2
  2
AcDbDs::TreatedAsObjectData
280
     1
291
     1
101
ACDSRECORD
 95
        1
 90
        3
  2
AcDbDs::Legacy
280
     1
291
     1
101
ACDSRECORD
  1
AcDbDs::ID
 90
        4
  2
AcDs:Indexable
280
     1
291
     1
101
ACDSRECORD
  1
AcDbDs::ID
 90
        5
  2
AcDbDs::HandleAttribute
280
     7
282
     1
  0
ACDSSCHEMA
 90
        2
  1
AcDbDs::TreatedAsObjectDataSchema
  2
AcDbDs::TreatedAsObjectData
280
     1
 91
        0
  0
ACDSSCHEMA
 90
        3
  1
AcDbDs::LegacySchema
  2
AcDbDs::Legacy
280
     1
 91
        0
  0
ACDSSCHEMA
 90
        4
  1
AcDbDs::IndexedPropertySchema
  2
AcDs:Indexable
280
     1
 91
        0
  0
ACDSSCHEMA
 90
        5
  1
AcDbDs::HandleAttributeSchema
  2
AcDbDs::HandleAttribute
280
     7
 91
        8
  0
ACDSRECORD
 90
        1
  2
AcDbDs::ID
280
    10
320
111
  2
ASM_Data
280
    15
 94
      123
310
414349532042696E61727946696C65BC02000000000000000000000000000007055A57434144070C414349532032382E30204E540718547565204A756E2032332031313A32313A3535203230323606000000000000F03F068DEDB5A0F7C6B03E06BBBDD7D9DF7CDB3D0D10456E642D6F662D414349532D64617461
  0
ACDSRECORD
 90
        1
  2
AcDbDs::ID
280
    10
320
114
  2
ASM_Data
280
    15
 94
      123
310
414349532042696E61727946696C65BC02000000000000000000000000000007055A57434144070C414349532032382E30204E540718547565204A756E2032332031313A32313A3535203230323606000000000000F03F068DEDB5A0F7C6B03E06BBBDD7D9DF7CDB3D0D10456E642D6F662D414349532D64617461
  0
ACDSRECORD
 90
        1
  2
AcDbDs::ID
280
    10
320
115
  2
ASM_Data
280
    15
 94
      123
310
414349532042696E61727946696C65BC02000000000000000000000000000007055A57434144070C414349532032382E30204E540718547565204A756E2032332031313A32313A3535203230323606000000000000F03F068DEDB5A0F7C6B03E06BBBDD7D9DF7CDB3D0D10456E642D6F662D414349532D64617461
  0
ACDSRECORD
 90
        1
  2
AcDbDs::ID
280
    10
320
116
  2
ASM_Data
280
    15
 94
      123
310
414349532042696E61727946696C65BC02000000000000000000000000000007055A57434144070C414349532032382E30204E540718547565204A756E2032332031313A32313A3535203230323606000000000000F03F068DEDB5A0F7C6B03E06BBBDD7D9DF7CDB3D0D10456E642D6F662D414349532D64617461
  0
ACDSRECORD
 90
        1
  2
AcDbDs::ID
280
    10
320
117
  2
ASM_Data
280
    15
 94
      123
310
414349532042696E61727946696C65BC02000000000000000000000000000007055A57434144070C414349532032382E30204E540718547565204A756E2032332031313A32313A3535203230323606000000000000F03F068DEDB5A0F7C6B03E06BBBDD7D9DF7CDB3D0D10456E642D6F662D414349532D64617461
  0
ACDSRECORD
 90
        1
  2
AcDbDs::ID
280
    10
320
118
  2
ASM_Data
280
    15
 94
      123
310
414349532042696E61727946696C65BC02000000000000000000000000000007055A57434144070C414349532032382E30204E540718547565204A756E2032332031313A32313A3535203230323606000000000000F03F068DEDB5A0F7C6B03E06BBBDD7D9DF7CDB3D0D10456E642D6F662D414349532D64617461
  0
ACDSRECORD
 90
        1
  2
AcDbDs::ID
280
    10
320
119
  2
ASM_Data
280
    15
 94
      123
310
414349532042696E61727946696C65BC02000000000000000000000000000007055A57434144070C414349532032382E30204E540718547565204A756E2032332031313A32313A3535203230323606000000000000F03F068DEDB5A0F7C6B03E06BBBDD7D9DF7CDB3D0D10456E642D6F662D414349532D64617461
  0
ACDSRECORD
 90
        1
  2
AcDbDs::ID
280
    10
320
11A
  2
ASM_Data
280
    15
 94
      123
310
414349532042696E61727946696C65BC02000000000000000000000000000007055A57434144070C414349532032382E30204E540718547565204A756E2032332031313A32313A3535203230323606000000000000F03F068DEDB5A0F7C6B03E06BBBDD7D9DF7CDB3D0D10456E642D6F662D414349532D64617461
  0
ACDSRECORD
 90
        1
  2
AcDbDs::ID
280
    10
320
11B
  2
ASM_Data
280
    15
 94
      123
310
414349532042696E61727946696C65BC02000000000000000000000000000007055A57434144070C414349532032382E30204E540718547565204A756E2032332031313A32313A3535203230323606000000000000F03F068DEDB5A0F7C6B03E06BBBDD7D9DF7CDB3D0D10456E642D6F662D414349532D64617461
  0
ACDSRECORD
 90
        1
  2
AcDbDs::ID
280
    10
320
11C
  2
ASM_Data
280
    15
 94
      123
310
414349532042696E61727946696C65BC02000000000000000000000000000007055A57434144070C414349532032382E30204E540718547565204A756E2032332031313A32313A3535203230323606000000000000F03F068DEDB5A0F7C6B03E06BBBDD7D9DF7CDB3D0D10456E642D6F662D414349532D64617461
  0
ACDSRECORD
 90
        1
  2
AcDbDs::ID
280
    10
320
11D
  2
ASM_Data
280
    15
 94
      123
310
414349532042696E61727946696C65BC02000000000000000000000000000007055A57434144070C414349532032382E30204E540718547565204A756E2032332031313A32313A3535203230323606000000000000F03F068DEDB5A0F7C6B03E06BBBDD7D9DF7CDB3D0D10456E642D6F662D414349532D64617461
  0
ACDSRECORD
 90
        1
  2
AcDbDs::ID
280
    10
320
11E
  2
ASM_Data
280
    15
 94
      123
310
414349532042696E61727946696C65BC02000000000000000000000000000007055A57434144070C414349532032382E30204E540718547565204A756E2032332031313A32313A3535203230323606000000000000F03F068DEDB5A0F7C6B03E06BBBDD7D9DF7CDB3D0D10456E642D6F662D414349532D64617461
  0
ACDSRECORD
 90
        1
  2
AcDbDs::ID
280
    10
320
11F
  2
ASM_Data
280
    15
 94
      123
310
414349532042696E61727946696C65BC02000000000000000000000000000007055A57434144070C414349532032382E30204E540718547565204A756E2032332031313A32313A3535203230323606000000000000F03F068DEDB5A0F7C6B03E06BBBDD7D9DF7CDB3D0D10456E642D6F662D414349532D64617461
  0
ACDSRECORD
 90
        1
  2
AcDbDs::ID
280
    10
320
120
  2
ASM_Data
280
    15
 94
      123
310
414349532042696E61727946696C65BC02000000000000000000000000000007055A57434144070C414349532032382E30204E540718547565204A756E2032332031313A32313A3535203230323606000000000000F03F068DEDB5A0F7C6B03E06BBBDD7D9DF7CDB3D0D10456E642D6F662D414349532D64617461
  0
ACDSRECORD
 90
        1
  2
AcDbDs::ID
280
    10
320
121
  2
ASM_Data
280
    15
 94
      123
310
414349532042696E61727946696C65BC02000000000000000000000000000007055A57434144070C414349532032382E30204E540718547565204A756E2032332031313A32313A3535203230323606000000000000F03F068DEDB5A0F7C6B03E06BBBDD7D9DF7CDB3D0D10456E642D6F662D414349532D64617461
  0
ACDSRECORD
 90
        1
  2
AcDbDs::ID
280
    10
320
122
  2
ASM_Data
280
    15
 94
      123
310
414349532042696E61727946696C65BC02000000000000000000000000000007055A57434144070C414349532032382E30204E540718547565204A756E2032332031313A32313A3535203230323606000000000000F03F068DEDB5A0F7C6B03E06BBBDD7D9DF7CDB3D0D10456E642D6F662D414349532D64617461
  0
ACDSRECORD
 90
        1
  2
AcDbDs::ID
280
    10
320
123
  2
ASM_Data
280
    15
 94
      123
310
414349532042696E61727946696C65BC02000000000000000000000000000007055A57434144070C414349532032382E30204E540718547565204A756E2032332031313A32313A3535203230323606000000000000F03F068DEDB5A0F7C6B03E06BBBDD7D9DF7CDB3D0D10456E642D6F662D414349532D64617461
  0
ACDSRECORD
 90
        1
  2
AcDbDs::ID
280
    10
320
124
  2
ASM_Data
280
    15
 94
      123
310
414349532042696E61727946696C65BC02000000000000000000000000000007055A57434144070C414349532032382E30204E540718547565204A756E2032332031313A32313A3535203230323606000000000000F03F068DEDB5A0F7C6B03E06BBBDD7D9DF7CDB3D0D10456E642D6F662D414349532D64617461
  0
ACDSRECORD
 90
        1
  2
AcDbDs::ID
280
    10
320
125
  2
ASM_Data
280
    15
 94
      123
310
414349532042696E61727946696C65BC02000000000000000000000000000007055A57434144070C414349532032382E30204E540718547565204A756E2032332031313A32313A3535203230323606000000000000F03F068DEDB5A0F7C6B03E06BBBDD7D9DF7CDB3D0D10456E642D6F662D414349532D64617461
  0
ACDSRECORD
 90
        1
  2
AcDbDs::ID
280
    10
320
126
  2
ASM_Data
280
    15
 94
      123
310
414349532042696E61727946696C65BC02000000000000000000000000000007055A57434144070C414349532032382E30204E540718547565204A756E2032332031313A32313A3535203230323606000000000000F03F068DEDB5A0F7C6B03E06BBBDD7D9DF7CDB3D0D10456E642D6F662D414349532D64617461
  0
ACDSRECORD
 90
        1
  2
AcDbDs::ID
280
    10
320
127
  2
ASM_Data
280
    15
 94
      123
310
414349532042696E61727946696C65BC02000000000000000000000000000007055A57434144070C414349532032382E30204E540718547565204A756E2032332031313A32313A3535203230323606000000000000F03F068DEDB5A0F7C6B03E06BBBDD7D9DF7CDB3D0D10456E642D6F662D414349532D64617461
  0
ACDSRECORD
 90
        1
  2
AcDbDs::ID
280
    10
320
128
  2
ASM_Data
280
    15
 94
      123
310
414349532042696E61727946696C65BC02000000000000000000000000000007055A57434144070C414349532032382E30204E540718547565204A756E2032332031313A32313A3535203230323606000000000000F03F068DEDB5A0F7C6B03E06BBBDD7D9DF7CDB3D0D10456E642D6F662D414349532D64617461
  0
ACDSRECORD
 90
        1
  2
AcDbDs::ID
280
    10
320
129
  2
ASM_Data
280
    15
 94
      123
310
414349532042696E61727946696C65BC02000000000000000000000000000007055A57434144070C414349532032382E30204E540718547565204A756E2032332031313A32313A3535203230323606000000000000F03F068DEDB5A0F7C6B03E06BBBDD7D9DF7CDB3D0D10456E642D6F662D414349532D64617461
  0
ACDSRECORD
 90
        1
  2
AcDbDs::ID
280
    10
320
12A
  2
ASM_Data
280
    15
 94
      123
310
414349532042696E61727946696C65BC02000000000000000000000000000007055A57434144070C414349532032382E30204E540718547565204A756E2032332031313A32313A3535203230323606000000000000F03F068DEDB5A0F7C6B03E06BBBDD7D9DF7CDB3D0D10456E642D6F662D414349532D64617461
  0
ACDSRECORD
 90
        1
  2
AcDbDs::ID
280
    10
320
12B
  2
ASM_Data
280
    15
 94
      123
310
414349532042696E61727946696C65BC02000000000000000000000000000007055A57434144070C414349532032382E30204E540718547565204A756E2032332031313A32313A3535203230323606000000000000F03F068DEDB5A0F7C6B03E06BBBDD7D9DF7CDB3D0D10456E642D6F662D414349532D64617461
  0
ACDSRECORD
 90
        1
  2
AcDbDs::ID
280
    10
320
12C
  2
ASM_Data
280
    15
 94
      123
310
414349532042696E61727946696C65BC02000000000000000000000000000007055A57434144070C414349532032382E30204E540718547565204A756E2032332031313A32313A3535203230323606000000000000F03F068DEDB5A0F7C6B03E06BBBDD7D9DF7CDB3D0D10456E642D6F662D414349532D64617461
  0
ACDSRECORD
 90
        1
  2
AcDbDs::ID
280
    10
320
12D
  2
ASM_Data
280
    15
 94
      123
310
414349532042696E61727946696C65BC02000000000000000000000000000007055A57434144070C414349532032382E30204E540718547565204A756E2032332031313A32313A3535203230323606000000000000F03F068DEDB5A0F7C6B03E06BBBDD7D9DF7CDB3D0D10456E642D6F662D414349532D64617461
  0
ACDSRECORD
 90
        1
  2
AcDbDs::ID
280
    10
320
12E
  2
ASM_Data
280
    15
 94
      123
310
414349532042696E61727946696C65BC02000000000000000000000000000007055A57434144070C414349532032382E30204E540718547565204A756E2032332031313A32313A3535203230323606000000000000F03F068DEDB5A0F7C6B03E06BBBDD7D9DF7CDB3D0D10456E642D6F662D414349532D64617461
  0
ACDSRECORD
 90
        1
  2
AcDbDs::ID
280
    10
320
12F
  2
ASM_Data
280
    15
 94
      123
310
414349532042696E61727946696C65BC02000000000000000000000000000007055A57434144070C414349532032382E30204E540718547565204A756E2032332031313A32313A3535203230323606000000000000F03F068DEDB5A0F7C6B03E06BBBDD7D9DF7CDB3D0D10456E642D6F662D414349532D64617461
  0
ACDSRECORD
 90
        1
  2
AcDbDs::ID
280
    10
320
130
  2
ASM_Data
280
    15
 94
      123
310
414349532042696E61727946696C65BC02000000000000000000000000000007055A57434144070C414349532032382E30204E540718547565204A756E2032332031313A32313A3535203230323606000000000000F03F068DEDB5A0F7C6B03E06BBBDD7D9DF7CDB3D0D10456E642D6F662D414349532D64617461
  0
ACDSRECORD
 90
        1
  2
AcDbDs::ID
280
    10
320
131
  2
ASM_Data
280
    15
 94
      123
310
414349532042696E61727946696C65BC02000000000000000000000000000007055A57434144070C414349532032382E30204E540718547565204A756E2032332031313A32313A3535203230323606000000000000F03F068DEDB5A0F7C6B03E06BBBDD7D9DF7CDB3D0D10456E642D6F662D414349532D64617461
  0
ACDSRECORD
 90
        1
  2
AcDbDs::ID
280
    10
320
132
  2
ASM_Data
280
    15
 94
      123
310
414349532042696E61727946696C65BC02000000000000000000000000000007055A57434144070C414349532032382E30204E540718547565204A756E2032332031313A32313A3535203230323606000000000000F03F068DEDB5A0F7C6B03E06BBBDD7D9DF7CDB3D0D10456E642D6F662D414349532D64617461
  0
ACDSRECORD
 90
        1
  2
AcDbDs::ID
280
    10
320
133
  2
ASM_Data
280
    15
 94
      123
310
414349532042696E61727946696C65BC02000000000000000000000000000007055A57434144070C414349532032382E30204E540718547565204A756E2032332031313A32313A3535203230323606000000000000F03F068DEDB5A0F7C6B03E06BBBDD7D9DF7CDB3D0D10456E642D6F662D414349532D64617461
  0
ACDSRECORD
 90
        1
  2
AcDbDs::ID
280
    10
320
134
  2
ASM_Data
280
    15
 94
      123
310
414349532042696E61727946696C65BC02000000000000000000000000000007055A57434144070C414349532032382E30204E540718547565204A756E2032332031313A32313A3535203230323606000000000000F03F068DEDB5A0F7C6B03E06BBBDD7D9DF7CDB3D0D10456E642D6F662D414349532D64617461
  0
ACDSRECORD
 90
        1
  2
AcDbDs::ID
280
    10
320
135
  2
ASM_Data
280
    15
 94
      123
310
414349532042696E61727946696C65BC02000000000000000000000000000007055A57434144070C414349532032382E30204E540718547565204A756E2032332031313A32313A3535203230323606000000000000F03F068DEDB5A0F7C6B03E06BBBDD7D9DF7CDB3D0D10456E642D6F662D414349532D64617461
  0
ACDSRECORD
 90
        1
  2
AcDbDs::ID
280
    10
320
136
  2
ASM_Data
280
    15
 94
      123
310
414349532042696E61727946696C65BC02000000000000000000000000000007055A57434144070C414349532032382E30204E540718547565204A756E2032332031313A32313A3535203230323606000000000000F03F068DEDB5A0F7C6B03E06BBBDD7D9DF7CDB3D0D10456E642D6F662D414349532D64617461
  0
ACDSRECORD
 90
        1
  2
AcDbDs::ID
280
    10
320
137
  2
ASM_Data
280
    15
 94
      123
310
414349532042696E61727946696C65BC02000000000000000000000000000007055A57434144070C414349532032382E30204E540718547565204A756E2032332031313A32313A3535203230323606000000000000F03F068DEDB5A0F7C6B03E06BBBDD7D9DF7CDB3D0D10456E642D6F662D414349532D64617461
  0
ACDSRECORD
 90
        1
  2
AcDbDs::ID
280
    10
320
138
  2
ASM_Data
280
    15
 94
      123
310
414349532042696E61727946696C65BC02000000000000000000000000000007055A57434144070C414349532032382E30204E540718547565204A756E2032332031313A32313A3535203230323606000000000000F03F068DEDB5A0F7C6B03E06BBBDD7D9DF7CDB3D0D10456E642D6F662D414349532D64617461
  0
ACDSRECORD
 90
        1
  2
AcDbDs::ID
280
    10
320
139
  2
ASM_Data
280
    15
 94
      123
310
414349532042696E61727946696C65BC02000000000000000000000000000007055A57434144070C414349532032382E30204E540718547565204A756E2032332031313A32313A3535203230323606000000000000F03F068DEDB5A0F7C6B03E06BBBDD7D9DF7CDB3D0D10456E642D6F662D414349532D64617461
  0
ACDSRECORD
 90
        1
  2
AcDbDs::ID
280
    10
320
13A
  2
ASM_Data
280
    15
 94
      123
310
414349532042696E61727946696C65BC02000000000000000000000000000007055A57434144070C414349532032382E30204E540718547565204A756E2032332031313A32313A3535203230323606000000000000F03F068DEDB5A0F7C6B03E06BBBDD7D9DF7CDB3D0D10456E642D6F662D414349532D64617461
  0
ACDSRECORD
 90
        1
  2
AcDbDs::ID
280
    10
320
13B
  2
ASM_Data
280
    15
 94
      123
310
414349532042696E61727946696C65BC02000000000000000000000000000007055A57434144070C414349532032382E30204E540718547565204A756E2032332031313A32313A3535203230323606000000000000F03F068DEDB5A0F7C6B03E06BBBDD7D9DF7CDB3D0D10456E642D6F662D414349532D64617461
  0
ACDSRECORD
 90
        1
  2
AcDbDs::ID
280
    10
320
13C
  2
ASM_Data
280
    15
 94
      123
310
414349532042696E61727946696C65BC02000000000000000000000000000007055A57434144070C414349532032382E30204E540718547565204A756E2032332031313A32313A3535203230323606000000000000F03F068DEDB5A0F7C6B03E06BBBDD7D9DF7CDB3D0D10456E642D6F662D414349532D64617461
  0
ACDSRECORD
 90
        1
  2
AcDbDs::ID
280
    10
320
13D
  2
ASM_Data
280
    15
 94
      123
310
414349532042696E61727946696C65BC02000000000000000000000000000007055A57434144070C414349532032382E30204E540718547565204A756E2032332031313A32313A3535203230323606000000000000F03F068DEDB5A0F7C6B03E06BBBDD7D9DF7CDB3D0D10456E642D6F662D414349532D64617461
  0
ACDSRECORD
 90
        1
  2
AcDbDs::ID
280
    10
320
13E
  2
ASM_Data
280
    15
 94
      123
310
414349532042696E61727946696C65BC02000000000000000000000000000007055A57434144070C414349532032382E30204E540718547565204A756E2032332031313A32313A3535203230323606000000000000F03F068DEDB5A0F7C6B03E06BBBDD7D9DF7CDB3D0D10456E642D6F662D414349532D64617461
  0
ACDSRECORD
 90
        1
  2
AcDbDs::ID
280
    10
320
13F
  2
ASM_Data
280
    15
 94
      123
310
414349532042696E61727946696C65BC02000000000000000000000000000007055A57434144070C414349532032382E30204E540718547565204A756E2032332031313A32313A3535203230323606000000000000F03F068DEDB5A0F7C6B03E06BBBDD7D9DF7CDB3D0D10456E642D6F662D414349532D64617461
  0
ACDSRECORD
 90
        1
  2
AcDbDs::ID
280
    10
320
140
  2
ASM_Data
280
    15
 94
      123
310
414349532042696E61727946696C65BC02000000000000000000000000000007055A57434144070C414349532032382E30204E540718547565204A756E2032332031313A32313A3535203230323606000000000000F03F068DEDB5A0F7C6B03E06BBBDD7D9DF7CDB3D0D10456E642D6F662D414349532D64617461
  0
ACDSRECORD
 90
        1
  2
AcDbDs::ID
280
    10
320
141
  2
ASM_Data
280
    15
 94
      123
310
414349532042696E61727946696C65BC02000000000000000000000000000007055A57434144070C414349532032382E30204E540718547565204A756E2032332031313A32313A3535203230323606000000000000F03F068DEDB5A0F7C6B03E06BBBDD7D9DF7CDB3D0D10456E642D6F662D414349532D64617461
  0
ACDSRECORD
 90
        1
  2
AcDbDs::ID
280
    10
320
142
  2
ASM_Data
280
    15
 94
      123
310
414349532042696E61727946696C65BC02000000000000000000000000000007055A57434144070C414349532032382E30204E540718547565204A756E2032332031313A32313A3535203230323606000000000000F03F068DEDB5A0F7C6B03E06BBBDD7D9DF7CDB3D0D10456E642D6F662D414349532D64617461
  0
ACDSRECORD
 90
        1
  2
AcDbDs::ID
280
    10
320
143
  2
ASM_Data
280
    15
 94
      123
310
414349532042696E61727946696C65BC02000000000000000000000000000007055A57434144070C414349532032382E30204E540718547565204A756E2032332031313A32313A3535203230323606000000000000F03F068DEDB5A0F7C6B03E06BBBDD7D9DF7CDB3D0D10456E642D6F662D414349532D64617461
  0
ACDSRECORD
 90
        1
  2
AcDbDs::ID
280
    10
320
144
  2
ASM_Data
280
    15
 94
      123
310
414349532042696E61727946696C65BC02000000000000000000000000000007055A57434144070C414349532032382E30204E540718547565204A756E2032332031313A32313A3535203230323606000000000000F03F068DEDB5A0F7C6B03E06BBBDD7D9DF7CDB3D0D10456E642D6F662D414349532D64617461
  0
ACDSRECORD
 90
        1
  2
AcDbDs::ID
280
    10
320
145
  2
ASM_Data
280
    15
 94
      123
310
414349532042696E61727946696C65BC02000000000000000000000000000007055A57434144070C414349532032382E30204E540718547565204A756E2032332031313A32313A3535203230323606000000000000F03F068DEDB5A0F7C6B03E06BBBDD7D9DF7CDB3D0D10456E642D6F662D414349532D64617461
  0
ACDSRECORD
 90
        1
  2
AcDbDs::ID
280
    10
320
146
  2
ASM_Data
280
    15
 94
      123
310
414349532042696E61727946696C65BC02000000000000000000000000000007055A57434144070C414349532032382E30204E540718547565204A756E2032332031313A32313A3535203230323606000000000000F03F068DEDB5A0F7C6B03E06BBBDD7D9DF7CDB3D0D10456E642D6F662D414349532D64617461
  0
ACDSRECORD
 90
        1
  2
AcDbDs::ID
280
    10
320
147
  2
ASM_Data
280
    15
 94
      123
310
414349532042696E61727946696C65BC02000000000000000000000000000007055A57434144070C414349532032382E30204E540718547565204A756E2032332031313A32313A3535203230323606000000000000F03F068DEDB5A0F7C6B03E06BBBDD7D9DF7CDB3D0D10456E642D6F662D414349532D64617461
  0
ACDSRECORD
 90
        1
  2
AcDbDs::ID
280
    10
320
148
  2
ASM_Data
280
    15
 94
      123
310
414349532042696E61727946696C65BC02000000000000000000000000000007055A57434144070C414349532032382E30204E540718547565204A756E2032332031313A32313A3535203230323606000000000000F03F068DEDB5A0F7C6B03E06BBBDD7D9DF7CDB3D0D10456E642D6F662D414349532D64617461
  0
ACDSRECORD
 90
        1
  2
AcDbDs::ID
280
    10
320
149
  2
ASM_Data
280
    15
 94
      123
310
414349532042696E61727946696C65BC02000000000000000000000000000007055A57434144070C414349532032382E30204E540718547565204A756E2032332031313A32313A3535203230323606000000000000F03F068DEDB5A0F7C6B03E06BBBDD7D9DF7CDB3D0D10456E642D6F662D414349532D64617461
  0
ACDSRECORD
 90
        1
  2
AcDbDs::ID
280
    10
320
14A
  2
ASM_Data
280
    15
 94
      123
310
414349532042696E61727946696C65BC02000000000000000000000000000007055A57434144070C414349532032382E30204E540718547565204A756E2032332031313A32313A3535203230323606000000000000F03F068DEDB5A0F7C6B03E06BBBDD7D9DF7CDB3D0D10456E642D6F662D414349532D64617461
  0
ACDSRECORD
 90
        1
  2
AcDbDs::ID
280
    10
320
14B
  2
ASM_Data
280
    15
 94
      123
310
414349532042696E61727946696C65BC02000000000000000000000000000007055A57434144070C414349532032382E30204E540718547565204A756E2032332031313A32313A3535203230323606000000000000F03F068DEDB5A0F7C6B03E06BBBDD7D9DF7CDB3D0D10456E642D6F662D414349532D64617461
  0
ACDSRECORD
 90
        1
  2
AcDbDs::ID
280
    10
320
14C
  2
ASM_Data
280
    15
 94
      123
310
414349532042696E61727946696C65BC02000000000000000000000000000007055A57434144070C414349532032382E30204E540718547565204A756E2032332031313A32313A3535203230323606000000000000F03F068DEDB5A0F7C6B03E06BBBDD7D9DF7CDB3D0D10456E642D6F662D414349532D64617461
  0
ACDSRECORD
 90
        1
  2
AcDbDs::ID
280
    10
320
14D
  2
ASM_Data
280
    15
 94
      123
310
414349532042696E61727946696C65BC02000000000000000000000000000007055A57434144070C414349532032382E30204E540718547565204A756E2032332031313A32313A3535203230323606000000000000F03F068DEDB5A0F7C6B03E06BBBDD7D9DF7CDB3D0D10456E642D6F662D414349532D64617461
  0
ACDSRECORD
 90
        1
  2
AcDbDs::ID
280
    10
320
14E
  2
ASM_Data
280
    15
 94
      123
310
414349532042696E61727946696C65BC02000000000000000000000000000007055A57434144070C414349532032382E30204E540718547565204A756E2032332031313A32313A3535203230323606000000000000F03F068DEDB5A0F7C6B03E06BBBDD7D9DF7CDB3D0D10456E642D6F662D414349532D64617461
  0
ENDSEC
  0
EOF
